Command line invocation:
    /Applications/Xcode.app/Contents/Developer/usr/bin/xcodebuild -project Builds/MacOSX/SideChain.xcodeproj -scheme "SideChain - All" -configuration Release -destination generic/platform=macOS -derivedDataPath /Users/martin/Documents/SideChain/SideChain/Builds/MacOSX/build/release-assets/SideChainer-0.4.1-macOS-PRODUCTION-CANDIDATE-20261005/DerivedData -archivePath /Users/martin/Documents/SideChain/SideChain/Builds/MacOSX/build/release-assets/SideChainer-0.4.1-macOS-PRODUCTION-CANDIDATE-20261005/SideChainer-0.4.1.xcarchive ONLY_ACTIVE_ARCH=NO CONFIGURATION_BUILD_DIR=/Users/martin/Documents/SideChain/SideChain/Builds/MacOSX/build/release-assets/SideChainer-0.4.1-macOS-PRODUCTION-CANDIDATE-20261005/BuiltProducts/Release CODE_SIGNING_ALLOWED=NO build

Build settings from command line:
    CODE_SIGNING_ALLOWED = NO
    CONFIGURATION_BUILD_DIR = /Users/martin/Documents/SideChain/SideChain/Builds/MacOSX/build/release-assets/SideChainer-0.4.1-macOS-PRODUCTION-CANDIDATE-20261005/BuiltProducts/Release
    ONLY_ACTIVE_ARCH = NO

2026-10-05 11:30:17.242 xcodebuild[30750:6137062] [MT] IDERunDestination: Supported platforms for the buildables in the current scheme is empty.
ComputePackagePrebuildTargetDependencyGraph

Prepare packages

CreateBuildRequest

SendProjectDescription

CreateBuildOperation

ComputeTargetDependencyGraph
note: Building targets in dependency order
note: Target dependency graph (4 targets)
    Target 'SideChain - All' in project 'SideChain'
        ➜ Explicit dependency on target 'SideChain - VST3' in project 'SideChain'
        ➜ Explicit dependency on target 'SideChain - AU' in project 'SideChain'
        ➜ Explicit dependency on target 'SideChain - Shared Code' in project 'SideChain'
    Target 'SideChain - AU' in project 'SideChain'
        ➜ Explicit dependency on target 'SideChain - Shared Code' in project 'SideChain'
    Target 'SideChain - VST3' in project 'SideChain'
        ➜ Explicit dependency on target 'SideChain - Shared Code' in project 'SideChain'
    Target 'SideChain - Shared Code' in project 'SideChain' (no dependencies)

GatherProvisioningInputs

CreateBuildDescription

ExecuteExternalTool /Applications/Xcode.app/Contents/Developer/Toolchains/XcodeDefault.xctoolchain/usr/bin/clang -v -E -dM -isysroot /Applications/Xcode.app/Contents/Developer/Platforms/MacOSX.platform/Developer/SDKs/MacOSX26.2.sdk -x c -c /dev/null

ExecuteExternalTool /Applications/Xcode.app/Contents/Developer/Toolchains/XcodeDefault.xctoolchain/usr/bin/clang -v -E -dM -arch arm64 -isysroot /Applications/Xcode.app/Contents/Developer/Platforms/MacOSX.platform/Developer/SDKs/MacOSX26.2.sdk -x c++ -c /dev/null

ExecuteExternalTool /Applications/Xcode.app/Contents/Developer/Toolchains/XcodeDefault.xctoolchain/usr/bin/clang -v -E -dM -arch arm64 -isysroot /Applications/Xcode.app/Contents/Developer/Platforms/MacOSX.platform/Developer/SDKs/MacOSX26.2.sdk -x objective-c++ -c /dev/null

ExecuteExternalTool /Applications/Xcode.app/Contents/Developer/Toolchains/XcodeDefault.xctoolchain/usr/bin/clang -v -E -dM -arch arm64 -isysroot /Applications/Xcode.app/Contents/Developer/Platforms/MacOSX.platform/Developer/SDKs/MacOSX26.2.sdk -x c -c /dev/null

ExecuteExternalTool /Applications/Xcode.app/Contents/Developer/Toolchains/XcodeDefault.xctoolchain/usr/bin/ld -version_details

ExecuteExternalTool /Applications/Xcode.app/Contents/Developer/Toolchains/XcodeDefault.xctoolchain/usr/bin/libtool -V

ExecuteExternalTool /Applications/Xcode.app/Contents/Developer/Toolchains/XcodeDefault.xctoolchain/usr/bin/clang -v -E -dM -arch x86_64 -isysroot /Applications/Xcode.app/Contents/Developer/Platforms/MacOSX.platform/Developer/SDKs/MacOSX26.2.sdk -x c++ -c /dev/null

ExecuteExternalTool /Applications/Xcode.app/Contents/Developer/Toolchains/XcodeDefault.xctoolchain/usr/bin/clang -v -E -dM -arch x86_64 -isysroot /Applications/Xcode.app/Contents/Developer/Platforms/MacOSX.platform/Developer/SDKs/MacOSX26.2.sdk -x c -c /dev/null

ExecuteExternalTool /Applications/Xcode.app/Contents/Developer/Toolchains/XcodeDefault.xctoolchain/usr/bin/clang -v -E -dM -arch x86_64 -isysroot /Applications/Xcode.app/Contents/Developer/Platforms/MacOSX.platform/Developer/SDKs/MacOSX26.2.sdk -x objective-c++ -c /dev/null

Build description signature: 5167698791c3df469de5f7fd3d947c25
Build description path: /Users/martin/Documents/SideChain/SideChain/Builds/MacOSX/build/release-assets/SideChainer-0.4.1-macOS-PRODUCTION-CANDIDATE-20261005/DerivedData/Build/Intermediates.noindex/XCBuildData/5167698791c3df469de5f7fd3d947c25.xcbuilddata
CreateBuildDirectory /Users/martin/Documents/SideChain/SideChain/Builds/MacOSX/build/release-assets/SideChainer-0.4.1-macOS-PRODUCTION-CANDIDATE-20261005/DerivedData/Build/Products
    cd /Users/martin/Documents/SideChain/SideChain/Builds/MacOSX/SideChain.xcodeproj
    builtin-create-build-directory /Users/martin/Documents/SideChain/SideChain/Builds/MacOSX/build/release-assets/SideChainer-0.4.1-macOS-PRODUCTION-CANDIDATE-20261005/DerivedData/Build/Products

CreateBuildDirectory /Users/martin/Documents/SideChain/SideChain/Builds/MacOSX/build/release-assets/SideChainer-0.4.1-macOS-PRODUCTION-CANDIDATE-20261005/DerivedData/Build/Intermediates.noindex
    cd /Users/martin/Documents/SideChain/SideChain/Builds/MacOSX/SideChain.xcodeproj
    builtin-create-build-directory /Users/martin/Documents/SideChain/SideChain/Builds/MacOSX/build/release-assets/SideChainer-0.4.1-macOS-PRODUCTION-CANDIDATE-20261005/DerivedData/Build/Intermediates.noindex

CreateBuildDirectory /Users/martin/Documents/SideChain/SideChain/Builds/MacOSX/build/release-assets/SideChainer-0.4.1-macOS-PRODUCTION-CANDIDATE-20261005/BuiltProducts/Release
    cd /Users/martin/Documents/SideChain/SideChain/Builds/MacOSX/SideChain.xcodeproj
    builtin-create-build-directory /Users/martin/Documents/SideChain/SideChain/Builds/MacOSX/build/release-assets/SideChainer-0.4.1-macOS-PRODUCTION-CANDIDATE-20261005/BuiltProducts/Release

ClangStatCache /Applications/Xcode.app/Contents/Developer/Toolchains/XcodeDefault.xctoolchain/usr/bin/clang-stat-cache /Applications/Xcode.app/Contents/Developer/Platforms/MacOSX.platform/Developer/SDKs/MacOSX26.2.sdk /Users/martin/Documents/SideChain/SideChain/Builds/MacOSX/build/release-assets/SideChainer-0.4.1-macOS-PRODUCTION-CANDIDATE-20261005/DerivedData/SDKStatCaches.noindex/macosx26.2-25C58-00fa09913b459cbbc988d1f6730289ae.sdkstatcache
    cd /Users/martin/Documents/SideChain/SideChain/Builds/MacOSX/SideChain.xcodeproj
    /Applications/Xcode.app/Contents/Developer/Toolchains/XcodeDefault.xctoolchain/usr/bin/clang-stat-cache /Applications/Xcode.app/Contents/Developer/Platforms/MacOSX.platform/Developer/SDKs/MacOSX26.2.sdk -o /Users/martin/Documents/SideChain/SideChain/Builds/MacOSX/build/release-assets/SideChainer-0.4.1-macOS-PRODUCTION-CANDIDATE-20261005/DerivedData/SDKStatCaches.noindex/macosx26.2-25C58-00fa09913b459cbbc988d1f6730289ae.sdkstatcache

CreateBuildDirectory /Users/martin/Documents/SideChain/SideChain/Builds/MacOSX/build/release-assets/SideChainer-0.4.1-macOS-PRODUCTION-CANDIDATE-20261005/DerivedData/Build/Intermediates.noindex/SwiftExplicitPrecompiledModules
    cd /Users/martin/Documents/SideChain/SideChain/Builds/MacOSX/SideChain.xcodeproj
    builtin-create-build-directory /Users/martin/Documents/SideChain/SideChain/Builds/MacOSX/build/release-assets/SideChainer-0.4.1-macOS-PRODUCTION-CANDIDATE-20261005/DerivedData/Build/Intermediates.noindex/SwiftExplicitPrecompiledModules

CreateBuildDirectory /Users/martin/Documents/SideChain/SideChain/Builds/MacOSX/build/release-assets/SideChainer-0.4.1-macOS-PRODUCTION-CANDIDATE-20261005/DerivedData/Build/Intermediates.noindex/ExplicitPrecompiledModules
    cd /Users/martin/Documents/SideChain/SideChain/Builds/MacOSX/SideChain.xcodeproj
    builtin-create-build-directory /Users/martin/Documents/SideChain/SideChain/Builds/MacOSX/build/release-assets/SideChainer-0.4.1-macOS-PRODUCTION-CANDIDATE-20261005/DerivedData/Build/Intermediates.noindex/ExplicitPrecompiledModules

CreateBuildDirectory /Users/martin/Documents/SideChain/SideChain/Builds/MacOSX/build/release-assets/SideChainer-0.4.1-macOS-PRODUCTION-CANDIDATE-20261005/DerivedData/Build/Intermediates.noindex/EagerLinkingTBDs/Release
    cd /Users/martin/Documents/SideChain/SideChain/Builds/MacOSX/SideChain.xcodeproj
    builtin-create-build-directory /Users/martin/Documents/SideChain/SideChain/Builds/MacOSX/build/release-assets/SideChainer-0.4.1-macOS-PRODUCTION-CANDIDATE-20261005/DerivedData/Build/Intermediates.noindex/EagerLinkingTBDs/Release

MkDir /Users/martin/Documents/SideChain/SideChain/Builds/MacOSX/build/release-assets/SideChainer-0.4.1-macOS-PRODUCTION-CANDIDATE-20261005/BuiltProducts/Release/SideChain.vst3 (in target 'SideChain - VST3' from project 'SideChain')
    cd /Users/martin/Documents/SideChain/SideChain/Builds/MacOSX
    /bin/mkdir -p /Users/martin/Documents/SideChain/SideChain/Builds/MacOSX/build/release-assets/SideChainer-0.4.1-macOS-PRODUCTION-CANDIDATE-20261005/BuiltProducts/Release/SideChain.vst3

WriteAuxiliaryFile /Users/martin/Documents/SideChain/SideChain/Builds/MacOSX/build/release-assets/SideChainer-0.4.1-macOS-PRODUCTION-CANDIDATE-20261005/DerivedData/Build/Intermediates.noindex/SideChain.build/Release/SideChain\ -\ VST3.build/SideChain.DependencyStaticMetadataFileList (in target 'SideChain - VST3' from project 'SideChain')
    cd /Users/martin/Documents/SideChain/SideChain/Builds/MacOSX
    write-file /Users/martin/Documents/SideChain/SideChain/Builds/MacOSX/build/release-assets/SideChainer-0.4.1-macOS-PRODUCTION-CANDIDATE-20261005/DerivedData/Build/Intermediates.noindex/SideChain.build/Release/SideChain\ -\ VST3.build/SideChain.DependencyStaticMetadataFileList

WriteAuxiliaryFile /Users/martin/Documents/SideChain/SideChain/Builds/MacOSX/build/release-assets/SideChainer-0.4.1-macOS-PRODUCTION-CANDIDATE-20261005/DerivedData/Build/Intermediates.noindex/SideChain.build/Release/SideChain\ -\ VST3.build/SideChain.DependencyMetadataFileList (in target 'SideChain - VST3' from project 'SideChain')
    cd /Users/martin/Documents/SideChain/SideChain/Builds/MacOSX
    write-file /Users/martin/Documents/SideChain/SideChain/Builds/MacOSX/build/release-assets/SideChainer-0.4.1-macOS-PRODUCTION-CANDIDATE-20261005/DerivedData/Build/Intermediates.noindex/SideChain.build/Release/SideChain\ -\ VST3.build/SideChain.DependencyMetadataFileList

MkDir /Users/martin/Documents/SideChain/SideChain/Builds/MacOSX/build/release-assets/SideChainer-0.4.1-macOS-PRODUCTION-CANDIDATE-20261005/BuiltProducts/Release/SideChain.vst3/Contents (in target 'SideChain - VST3' from project 'SideChain')
    cd /Users/martin/Documents/SideChain/SideChain/Builds/MacOSX
    /bin/mkdir -p /Users/martin/Documents/SideChain/SideChain/Builds/MacOSX/build/release-assets/SideChainer-0.4.1-macOS-PRODUCTION-CANDIDATE-20261005/BuiltProducts/Release/SideChain.vst3/Contents

MkDir /Users/martin/Documents/SideChain/SideChain/Builds/MacOSX/build/release-assets/SideChainer-0.4.1-macOS-PRODUCTION-CANDIDATE-20261005/BuiltProducts/Release/SideChain.vst3/Contents/Resources (in target 'SideChain - VST3' from project 'SideChain')
    cd /Users/martin/Documents/SideChain/SideChain/Builds/MacOSX
    /bin/mkdir -p /Users/martin/Documents/SideChain/SideChain/Builds/MacOSX/build/release-assets/SideChainer-0.4.1-macOS-PRODUCTION-CANDIDATE-20261005/BuiltProducts/Release/SideChain.vst3/Contents/Resources

MkDir /Users/martin/Documents/SideChain/SideChain/Builds/MacOSX/build/release-assets/SideChainer-0.4.1-macOS-PRODUCTION-CANDIDATE-20261005/BuiltProducts/Release/SideChain.vst3/Contents/MacOS (in target 'SideChain - VST3' from project 'SideChain')
    cd /Users/martin/Documents/SideChain/SideChain/Builds/MacOSX
    /bin/mkdir -p /Users/martin/Documents/SideChain/SideChain/Builds/MacOSX/build/release-assets/SideChainer-0.4.1-macOS-PRODUCTION-CANDIDATE-20261005/BuiltProducts/Release/SideChain.vst3/Contents/MacOS

WriteAuxiliaryFile /Users/martin/Documents/SideChain/SideChain/Builds/MacOSX/build/release-assets/SideChainer-0.4.1-macOS-PRODUCTION-CANDIDATE-20261005/DerivedData/Build/Intermediates.noindex/SideChain.build/Release/SideChain\ -\ VST3.build/Objects-normal/arm64/SideChain.LinkFileList (in target 'SideChain - VST3' from project 'SideChain')
    cd /Users/martin/Documents/SideChain/SideChain/Builds/MacOSX
    write-file /Users/martin/Documents/SideChain/SideChain/Builds/MacOSX/build/release-assets/SideChainer-0.4.1-macOS-PRODUCTION-CANDIDATE-20261005/DerivedData/Build/Intermediates.noindex/SideChain.build/Release/SideChain\ -\ VST3.build/Objects-normal/arm64/SideChain.LinkFileList

WriteAuxiliaryFile /Users/martin/Documents/SideChain/SideChain/Builds/MacOSX/build/release-assets/SideChainer-0.4.1-macOS-PRODUCTION-CANDIDATE-20261005/DerivedData/Build/Intermediates.noindex/SideChain.build/Release/SideChain\ -\ Shared\ Code.build/SideChain.DependencyStaticMetadataFileList (in target 'SideChain - Shared Code' from project 'SideChain')
    cd /Users/martin/Documents/SideChain/SideChain/Builds/MacOSX
    write-file /Users/martin/Documents/SideChain/SideChain/Builds/MacOSX/build/release-assets/SideChainer-0.4.1-macOS-PRODUCTION-CANDIDATE-20261005/DerivedData/Build/Intermediates.noindex/SideChain.build/Release/SideChain\ -\ Shared\ Code.build/SideChain.DependencyStaticMetadataFileList

WriteAuxiliaryFile /Users/martin/Documents/SideChain/SideChain/Builds/MacOSX/build/release-assets/SideChainer-0.4.1-macOS-PRODUCTION-CANDIDATE-20261005/DerivedData/Build/Intermediates.noindex/SideChain.build/Release/SideChain\ -\ VST3.build/Objects-normal/x86_64/82b82416624d2658e5098eb0a28c15c5-common-args.resp (in target 'SideChain - VST3' from project 'SideChain')
    cd /Users/martin/Documents/SideChain/SideChain/Builds/MacOSX
    write-file /Users/martin/Documents/SideChain/SideChain/Builds/MacOSX/build/release-assets/SideChainer-0.4.1-macOS-PRODUCTION-CANDIDATE-20261005/DerivedData/Build/Intermediates.noindex/SideChain.build/Release/SideChain\ -\ VST3.build/Objects-normal/x86_64/82b82416624d2658e5098eb0a28c15c5-common-args.resp
-target x86_64-apple-macos11.00 '-std=c++17' '-stdlib=libc++' -fpascal-strings -O3 -fno-common '-D_NDEBUG=1' '-DNDEBUG=1' '-DJUCER_XCODE_MAC_F6D2F4CF=1' '-DJUCE_APP_VERSION=0.4.1' '-DJUCE_APP_VERSION_HEX=0x401' '-DJucePlugin_Build_VST=0' '-DJucePlugin_Build_VST3=1' '-DJucePlugin_Build_AU=0' '-DJucePlugin_Build_AUv3=0' '-DJucePlugin_Build_RTAS=0' '-DJucePlugin_Build_AAX=0' '-DJucePlugin_Build_Standalone=0' '-DJucePlugin_Build_Unity=0' -isysroot /Applications/Xcode.app/Contents/Developer/Platforms/MacOSX.platform/Developer/SDKs/MacOSX26.2.sdk -fasm-blocks '-fvisibility=hidden' -fvisibility-inlines-hidden -I/Users/martin/Documents/SideChain/SideChain/Builds/MacOSX/build/release-assets/SideChainer-0.4.1-macOS-PRODUCTION-CANDIDATE-20261005/BuiltProducts/Release/include -I/Users/martin/Documents/HISE/JUCE/modules/juce_audio_processors/format_types/VST3_SDK -I/Users/martin/Documents/SideChain/SideChain/% -I/Users/martin/Documents/SideChain/SideChain/JuceLibraryCode -I/Users/martin/Documents/HISE/JUCE/modules -I/Users/martin/Documents/HISE/JUCE/modules/juce_audio_plugin_client '-I/Users/martin/Documents/SideChain/SideChain/Builds/MacOSX/build/release-assets/SideChainer-0.4.1-macOS-PRODUCTION-CANDIDATE-20261005/DerivedData/Build/Intermediates.noindex/SideChain.build/Release/SideChain - VST3.build/DerivedSources-normal/x86_64' '-I/Users/martin/Documents/SideChain/SideChain/Builds/MacOSX/build/release-assets/SideChainer-0.4.1-macOS-PRODUCTION-CANDIDATE-20261005/DerivedData/Build/Intermediates.noindex/SideChain.build/Release/SideChain - VST3.build/DerivedSources/x86_64' '-I/Users/martin/Documents/SideChain/SideChain/Builds/MacOSX/build/release-assets/SideChainer-0.4.1-macOS-PRODUCTION-CANDIDATE-20261005/DerivedData/Build/Intermediates.noindex/SideChain.build/Release/SideChain - VST3.build/DerivedSources' -F/Users/martin/Documents/SideChain/SideChain/Builds/MacOSX/build/release-assets/SideChainer-0.4.1-macOS-PRODUCTION-CANDIDATE-20261005/BuiltProducts/Release

WriteAuxiliaryFile /Users/martin/Documents/SideChain/SideChain/Builds/MacOSX/build/release-assets/SideChainer-0.4.1-macOS-PRODUCTION-CANDIDATE-20261005/DerivedData/Build/Intermediates.noindex/SideChain.build/Release/SideChain\ -\ VST3.build/Objects-normal/arm64/82b82416624d2658e5098eb0a28c15c5-common-args.resp (in target 'SideChain - VST3' from project 'SideChain')
    cd /Users/martin/Documents/SideChain/SideChain/Builds/MacOSX
    write-file /Users/martin/Documents/SideChain/SideChain/Builds/MacOSX/build/release-assets/SideChainer-0.4.1-macOS-PRODUCTION-CANDIDATE-20261005/DerivedData/Build/Intermediates.noindex/SideChain.build/Release/SideChain\ -\ VST3.build/Objects-normal/arm64/82b82416624d2658e5098eb0a28c15c5-common-args.resp
-target arm64-apple-macos11.00 '-std=c++17' '-stdlib=libc++' -fpascal-strings -O3 -fno-common '-D_NDEBUG=1' '-DNDEBUG=1' '-DJUCER_XCODE_MAC_F6D2F4CF=1' '-DJUCE_APP_VERSION=0.4.1' '-DJUCE_APP_VERSION_HEX=0x401' '-DJucePlugin_Build_VST=0' '-DJucePlugin_Build_VST3=1' '-DJucePlugin_Build_AU=0' '-DJucePlugin_Build_AUv3=0' '-DJucePlugin_Build_RTAS=0' '-DJucePlugin_Build_AAX=0' '-DJucePlugin_Build_Standalone=0' '-DJucePlugin_Build_Unity=0' -isysroot /Applications/Xcode.app/Contents/Developer/Platforms/MacOSX.platform/Developer/SDKs/MacOSX26.2.sdk '-fvisibility=hidden' -fvisibility-inlines-hidden -I/Users/martin/Documents/SideChain/SideChain/Builds/MacOSX/build/release-assets/SideChainer-0.4.1-macOS-PRODUCTION-CANDIDATE-20261005/BuiltProducts/Release/include -I/Users/martin/Documents/HISE/JUCE/modules/juce_audio_processors/format_types/VST3_SDK -I/Users/martin/Documents/SideChain/SideChain/% -I/Users/martin/Documents/SideChain/SideChain/JuceLibraryCode -I/Users/martin/Documents/HISE/JUCE/modules -I/Users/martin/Documents/HISE/JUCE/modules/juce_audio_plugin_client '-I/Users/martin/Documents/SideChain/SideChain/Builds/MacOSX/build/release-assets/SideChainer-0.4.1-macOS-PRODUCTION-CANDIDATE-20261005/DerivedData/Build/Intermediates.noindex/SideChain.build/Release/SideChain - VST3.build/DerivedSources-normal/arm64' '-I/Users/martin/Documents/SideChain/SideChain/Builds/MacOSX/build/release-assets/SideChainer-0.4.1-macOS-PRODUCTION-CANDIDATE-20261005/DerivedData/Build/Intermediates.noindex/SideChain.build/Release/SideChain - VST3.build/DerivedSources/arm64' '-I/Users/martin/Documents/SideChain/SideChain/Builds/MacOSX/build/release-assets/SideChainer-0.4.1-macOS-PRODUCTION-CANDIDATE-20261005/DerivedData/Build/Intermediates.noindex/SideChain.build/Release/SideChain - VST3.build/DerivedSources' -F/Users/martin/Documents/SideChain/SideChain/Builds/MacOSX/build/release-assets/SideChainer-0.4.1-macOS-PRODUCTION-CANDIDATE-20261005/BuiltProducts/Release

WriteAuxiliaryFile /Users/martin/Documents/SideChain/SideChain/Builds/MacOSX/build/release-assets/SideChainer-0.4.1-macOS-PRODUCTION-CANDIDATE-20261005/DerivedData/Build/Intermediates.noindex/SideChain.build/Release/SideChain\ -\ Shared\ Code.build/SideChain.DependencyMetadataFileList (in target 'SideChain - Shared Code' from project 'SideChain')
    cd /Users/martin/Documents/SideChain/SideChain/Builds/MacOSX
    write-file /Users/martin/Documents/SideChain/SideChain/Builds/MacOSX/build/release-assets/SideChainer-0.4.1-macOS-PRODUCTION-CANDIDATE-20261005/DerivedData/Build/Intermediates.noindex/SideChain.build/Release/SideChain\ -\ Shared\ Code.build/SideChain.DependencyMetadataFileList

WriteAuxiliaryFile /Users/martin/Documents/SideChain/SideChain/Builds/MacOSX/build/release-assets/SideChainer-0.4.1-macOS-PRODUCTION-CANDIDATE-20261005/DerivedData/Build/Intermediates.noindex/SideChain.build/Release/SideChain\ -\ VST3.build/Objects-normal/x86_64/SideChain.LinkFileList (in target 'SideChain - VST3' from project 'SideChain')
    cd /Users/martin/Documents/SideChain/SideChain/Builds/MacOSX
    write-file /Users/martin/Documents/SideChain/SideChain/Builds/MacOSX/build/release-assets/SideChainer-0.4.1-macOS-PRODUCTION-CANDIDATE-20261005/DerivedData/Build/Intermediates.noindex/SideChain.build/Release/SideChain\ -\ VST3.build/Objects-normal/x86_64/SideChain.LinkFileList

WriteAuxiliaryFile /Users/martin/Documents/SideChain/SideChain/Builds/MacOSX/build/release-assets/SideChainer-0.4.1-macOS-PRODUCTION-CANDIDATE-20261005/DerivedData/Build/Intermediates.noindex/SideChain.build/Release/SideChain\ -\ Shared\ Code.build/Objects-normal/x86_64/af3fcb34312c57c0f52879cdce924b91-common-args.resp (in target 'SideChain - Shared Code' from project 'SideChain')
    cd /Users/martin/Documents/SideChain/SideChain/Builds/MacOSX
    write-file /Users/martin/Documents/SideChain/SideChain/Builds/MacOSX/build/release-assets/SideChainer-0.4.1-macOS-PRODUCTION-CANDIDATE-20261005/DerivedData/Build/Intermediates.noindex/SideChain.build/Release/SideChain\ -\ Shared\ Code.build/Objects-normal/x86_64/af3fcb34312c57c0f52879cdce924b91-common-args.resp
-target x86_64-apple-macos11.00 '-std=c++17' '-stdlib=libc++' -fobjc-weak -fpascal-strings -O3 -fno-common '-D_NDEBUG=1' '-DNDEBUG=1' '-DJUCER_XCODE_MAC_F6D2F4CF=1' '-DJUCE_APP_VERSION=0.4.1' '-DJUCE_APP_VERSION_HEX=0x401' '-DJucePlugin_Build_VST=0' '-DJucePlugin_Build_VST3=1' '-DJucePlugin_Build_AU=1' '-DJucePlugin_Build_AUv3=0' '-DJucePlugin_Build_RTAS=0' '-DJucePlugin_Build_AAX=0' '-DJucePlugin_Build_Standalone=0' '-DJucePlugin_Build_Unity=0' '-DJUCE_SHARED_CODE=1' '-DOBJC_OLD_DISPATCH_PROTOTYPES=0' -isysroot /Applications/Xcode.app/Contents/Developer/Platforms/MacOSX.platform/Developer/SDKs/MacOSX26.2.sdk -fasm-blocks '-fvisibility=hidden' -fvisibility-inlines-hidden -I/Users/martin/Documents/SideChain/SideChain/Builds/MacOSX/build/release-assets/SideChainer-0.4.1-macOS-PRODUCTION-CANDIDATE-20261005/BuiltProducts/Release/include -I/Users/martin/Documents/HISE/JUCE/modules/juce_audio_processors/format_types/VST3_SDK -I/Users/martin/Documents/SideChain/SideChain/% -I/Users/martin/Documents/SideChain/SideChain/JuceLibraryCode -I/Users/martin/Documents/HISE/JUCE/modules -I/Users/martin/Documents/HISE/JUCE/modules/juce_audio_plugin_client '-I/Users/martin/Documents/SideChain/SideChain/Builds/MacOSX/build/release-assets/SideChainer-0.4.1-macOS-PRODUCTION-CANDIDATE-20261005/DerivedData/Build/Intermediates.noindex/SideChain.build/Release/SideChain - Shared Code.build/DerivedSources-normal/x86_64' '-I/Users/martin/Documents/SideChain/SideChain/Builds/MacOSX/build/release-assets/SideChainer-0.4.1-macOS-PRODUCTION-CANDIDATE-20261005/DerivedData/Build/Intermediates.noindex/SideChain.build/Release/SideChain - Shared Code.build/DerivedSources/x86_64' '-I/Users/martin/Documents/SideChain/SideChain/Builds/MacOSX/build/release-assets/SideChainer-0.4.1-macOS-PRODUCTION-CANDIDATE-20261005/DerivedData/Build/Intermediates.noindex/SideChain.build/Release/SideChain - Shared Code.build/DerivedSources' -F/Users/martin/Documents/SideChain/SideChain/Builds/MacOSX/build/release-assets/SideChainer-0.4.1-macOS-PRODUCTION-CANDIDATE-20261005/BuiltProducts/Release

WriteAuxiliaryFile /Users/martin/Documents/SideChain/SideChain/Builds/MacOSX/build/release-assets/SideChainer-0.4.1-macOS-PRODUCTION-CANDIDATE-20261005/DerivedData/Build/Intermediates.noindex/SideChain.build/Release/SideChain\ -\ Shared\ Code.build/Objects-normal/x86_64/SideChain.LinkFileList (in target 'SideChain - Shared Code' from project 'SideChain')
    cd /Users/martin/Documents/SideChain/SideChain/Builds/MacOSX
    write-file /Users/martin/Documents/SideChain/SideChain/Builds/MacOSX/build/release-assets/SideChainer-0.4.1-macOS-PRODUCTION-CANDIDATE-20261005/DerivedData/Build/Intermediates.noindex/SideChain.build/Release/SideChain\ -\ Shared\ Code.build/Objects-normal/x86_64/SideChain.LinkFileList

WriteAuxiliaryFile /Users/martin/Documents/SideChain/SideChain/Builds/MacOSX/build/release-assets/SideChainer-0.4.1-macOS-PRODUCTION-CANDIDATE-20261005/DerivedData/Build/Intermediates.noindex/SideChain.build/Release/SideChain\ -\ Shared\ Code.build/Objects-normal/x86_64/82b82416624d2658e5098eb0a28c15c5-common-args.resp (in target 'SideChain - Shared Code' from project 'SideChain')
    cd /Users/martin/Documents/SideChain/SideChain/Builds/MacOSX
    write-file /Users/martin/Documents/SideChain/SideChain/Builds/MacOSX/build/release-assets/SideChainer-0.4.1-macOS-PRODUCTION-CANDIDATE-20261005/DerivedData/Build/Intermediates.noindex/SideChain.build/Release/SideChain\ -\ Shared\ Code.build/Objects-normal/x86_64/82b82416624d2658e5098eb0a28c15c5-common-args.resp
-target x86_64-apple-macos11.00 '-std=c++17' '-stdlib=libc++' -fpascal-strings -O3 -fno-common '-D_NDEBUG=1' '-DNDEBUG=1' '-DJUCER_XCODE_MAC_F6D2F4CF=1' '-DJUCE_APP_VERSION=0.4.1' '-DJUCE_APP_VERSION_HEX=0x401' '-DJucePlugin_Build_VST=0' '-DJucePlugin_Build_VST3=1' '-DJucePlugin_Build_AU=1' '-DJucePlugin_Build_AUv3=0' '-DJucePlugin_Build_RTAS=0' '-DJucePlugin_Build_AAX=0' '-DJucePlugin_Build_Standalone=0' '-DJucePlugin_Build_Unity=0' '-DJUCE_SHARED_CODE=1' -isysroot /Applications/Xcode.app/Contents/Developer/Platforms/MacOSX.platform/Developer/SDKs/MacOSX26.2.sdk -fasm-blocks '-fvisibility=hidden' -fvisibility-inlines-hidden -I/Users/martin/Documents/SideChain/SideChain/Builds/MacOSX/build/release-assets/SideChainer-0.4.1-macOS-PRODUCTION-CANDIDATE-20261005/BuiltProducts/Release/include -I/Users/martin/Documents/HISE/JUCE/modules/juce_audio_processors/format_types/VST3_SDK -I/Users/martin/Documents/SideChain/SideChain/% -I/Users/martin/Documents/SideChain/SideChain/JuceLibraryCode -I/Users/martin/Documents/HISE/JUCE/modules -I/Users/martin/Documents/HISE/JUCE/modules/juce_audio_plugin_client '-I/Users/martin/Documents/SideChain/SideChain/Builds/MacOSX/build/release-assets/SideChainer-0.4.1-macOS-PRODUCTION-CANDIDATE-20261005/DerivedData/Build/Intermediates.noindex/SideChain.build/Release/SideChain - Shared Code.build/DerivedSources-normal/x86_64' '-I/Users/martin/Documents/SideChain/SideChain/Builds/MacOSX/build/release-assets/SideChainer-0.4.1-macOS-PRODUCTION-CANDIDATE-20261005/DerivedData/Build/Intermediates.noindex/SideChain.build/Release/SideChain - Shared Code.build/DerivedSources/x86_64' '-I/Users/martin/Documents/SideChain/SideChain/Builds/MacOSX/build/release-assets/SideChainer-0.4.1-macOS-PRODUCTION-CANDIDATE-20261005/DerivedData/Build/Intermediates.noindex/SideChain.build/Release/SideChain - Shared Code.build/DerivedSources' -F/Users/martin/Documents/SideChain/SideChain/Builds/MacOSX/build/release-assets/SideChainer-0.4.1-macOS-PRODUCTION-CANDIDATE-20261005/BuiltProducts/Release

WriteAuxiliaryFile /Users/martin/Documents/SideChain/SideChain/Builds/MacOSX/build/release-assets/SideChainer-0.4.1-macOS-PRODUCTION-CANDIDATE-20261005/DerivedData/Build/Intermediates.noindex/SideChain.build/Release/SideChain\ -\ Shared\ Code.build/Objects-normal/arm64/af3fcb34312c57c0f52879cdce924b91-common-args.resp (in target 'SideChain - Shared Code' from project 'SideChain')
    cd /Users/martin/Documents/SideChain/SideChain/Builds/MacOSX
    write-file /Users/martin/Documents/SideChain/SideChain/Builds/MacOSX/build/release-assets/SideChainer-0.4.1-macOS-PRODUCTION-CANDIDATE-20261005/DerivedData/Build/Intermediates.noindex/SideChain.build/Release/SideChain\ -\ Shared\ Code.build/Objects-normal/arm64/af3fcb34312c57c0f52879cdce924b91-common-args.resp
-target arm64-apple-macos11.00 '-std=c++17' '-stdlib=libc++' -fobjc-weak -fpascal-strings -O3 -fno-common '-D_NDEBUG=1' '-DNDEBUG=1' '-DJUCER_XCODE_MAC_F6D2F4CF=1' '-DJUCE_APP_VERSION=0.4.1' '-DJUCE_APP_VERSION_HEX=0x401' '-DJucePlugin_Build_VST=0' '-DJucePlugin_Build_VST3=1' '-DJucePlugin_Build_AU=1' '-DJucePlugin_Build_AUv3=0' '-DJucePlugin_Build_RTAS=0' '-DJucePlugin_Build_AAX=0' '-DJucePlugin_Build_Standalone=0' '-DJucePlugin_Build_Unity=0' '-DJUCE_SHARED_CODE=1' '-DOBJC_OLD_DISPATCH_PROTOTYPES=0' -isysroot /Applications/Xcode.app/Contents/Developer/Platforms/MacOSX.platform/Developer/SDKs/MacOSX26.2.sdk '-fvisibility=hidden' -fvisibility-inlines-hidden -I/Users/martin/Documents/SideChain/SideChain/Builds/MacOSX/build/release-assets/SideChainer-0.4.1-macOS-PRODUCTION-CANDIDATE-20261005/BuiltProducts/Release/include -I/Users/martin/Documents/HISE/JUCE/modules/juce_audio_processors/format_types/VST3_SDK -I/Users/martin/Documents/SideChain/SideChain/% -I/Users/martin/Documents/SideChain/SideChain/JuceLibraryCode -I/Users/martin/Documents/HISE/JUCE/modules -I/Users/martin/Documents/HISE/JUCE/modules/juce_audio_plugin_client '-I/Users/martin/Documents/SideChain/SideChain/Builds/MacOSX/build/release-assets/SideChainer-0.4.1-macOS-PRODUCTION-CANDIDATE-20261005/DerivedData/Build/Intermediates.noindex/SideChain.build/Release/SideChain - Shared Code.build/DerivedSources-normal/arm64' '-I/Users/martin/Documents/SideChain/SideChain/Builds/MacOSX/build/release-assets/SideChainer-0.4.1-macOS-PRODUCTION-CANDIDATE-20261005/DerivedData/Build/Intermediates.noindex/SideChain.build/Release/SideChain - Shared Code.build/DerivedSources/arm64' '-I/Users/martin/Documents/SideChain/SideChain/Builds/MacOSX/build/release-assets/SideChainer-0.4.1-macOS-PRODUCTION-CANDIDATE-20261005/DerivedData/Build/Intermediates.noindex/SideChain.build/Release/SideChain - Shared Code.build/DerivedSources' -F/Users/martin/Documents/SideChain/SideChain/Builds/MacOSX/build/release-assets/SideChainer-0.4.1-macOS-PRODUCTION-CANDIDATE-20261005/BuiltProducts/Release

WriteAuxiliaryFile /Users/martin/Documents/SideChain/SideChain/Builds/MacOSX/build/release-assets/SideChainer-0.4.1-macOS-PRODUCTION-CANDIDATE-20261005/DerivedData/Build/Intermediates.noindex/SideChain.build/Release/SideChain\ -\ Shared\ Code.build/Objects-normal/arm64/SideChain.LinkFileList (in target 'SideChain - Shared Code' from project 'SideChain')
    cd /Users/martin/Documents/SideChain/SideChain/Builds/MacOSX
    write-file /Users/martin/Documents/SideChain/SideChain/Builds/MacOSX/build/release-assets/SideChainer-0.4.1-macOS-PRODUCTION-CANDIDATE-20261005/DerivedData/Build/Intermediates.noindex/SideChain.build/Release/SideChain\ -\ Shared\ Code.build/Objects-normal/arm64/SideChain.LinkFileList

WriteAuxiliaryFile /Users/martin/Documents/SideChain/SideChain/Builds/MacOSX/build/release-assets/SideChainer-0.4.1-macOS-PRODUCTION-CANDIDATE-20261005/DerivedData/Build/Intermediates.noindex/SideChain.build/Release/SideChain\ -\ Shared\ Code.build/Objects-normal/arm64/82b82416624d2658e5098eb0a28c15c5-common-args.resp (in target 'SideChain - Shared Code' from project 'SideChain')
    cd /Users/martin/Documents/SideChain/SideChain/Builds/MacOSX
    write-file /Users/martin/Documents/SideChain/SideChain/Builds/MacOSX/build/release-assets/SideChainer-0.4.1-macOS-PRODUCTION-CANDIDATE-20261005/DerivedData/Build/Intermediates.noindex/SideChain.build/Release/SideChain\ -\ Shared\ Code.build/Objects-normal/arm64/82b82416624d2658e5098eb0a28c15c5-common-args.resp
-target arm64-apple-macos11.00 '-std=c++17' '-stdlib=libc++' -fpascal-strings -O3 -fno-common '-D_NDEBUG=1' '-DNDEBUG=1' '-DJUCER_XCODE_MAC_F6D2F4CF=1' '-DJUCE_APP_VERSION=0.4.1' '-DJUCE_APP_VERSION_HEX=0x401' '-DJucePlugin_Build_VST=0' '-DJucePlugin_Build_VST3=1' '-DJucePlugin_Build_AU=1' '-DJucePlugin_Build_AUv3=0' '-DJucePlugin_Build_RTAS=0' '-DJucePlugin_Build_AAX=0' '-DJucePlugin_Build_Standalone=0' '-DJucePlugin_Build_Unity=0' '-DJUCE_SHARED_CODE=1' -isysroot /Applications/Xcode.app/Contents/Developer/Platforms/MacOSX.platform/Developer/SDKs/MacOSX26.2.sdk '-fvisibility=hidden' -fvisibility-inlines-hidden -I/Users/martin/Documents/SideChain/SideChain/Builds/MacOSX/build/release-assets/SideChainer-0.4.1-macOS-PRODUCTION-CANDIDATE-20261005/BuiltProducts/Release/include -I/Users/martin/Documents/HISE/JUCE/modules/juce_audio_processors/format_types/VST3_SDK -I/Users/martin/Documents/SideChain/SideChain/% -I/Users/martin/Documents/SideChain/SideChain/JuceLibraryCode -I/Users/martin/Documents/HISE/JUCE/modules -I/Users/martin/Documents/HISE/JUCE/modules/juce_audio_plugin_client '-I/Users/martin/Documents/SideChain/SideChain/Builds/MacOSX/build/release-assets/SideChainer-0.4.1-macOS-PRODUCTION-CANDIDATE-20261005/DerivedData/Build/Intermediates.noindex/SideChain.build/Release/SideChain - Shared Code.build/DerivedSources-normal/arm64' '-I/Users/martin/Documents/SideChain/SideChain/Builds/MacOSX/build/release-assets/SideChainer-0.4.1-macOS-PRODUCTION-CANDIDATE-20261005/DerivedData/Build/Intermediates.noindex/SideChain.build/Release/SideChain - Shared Code.build/DerivedSources/arm64' '-I/Users/martin/Documents/SideChain/SideChain/Builds/MacOSX/build/release-assets/SideChainer-0.4.1-macOS-PRODUCTION-CANDIDATE-20261005/DerivedData/Build/Intermediates.noindex/SideChain.build/Release/SideChain - Shared Code.build/DerivedSources' -F/Users/martin/Documents/SideChain/SideChain/Builds/MacOSX/build/release-assets/SideChainer-0.4.1-macOS-PRODUCTION-CANDIDATE-20261005/BuiltProducts/Release

WriteAuxiliaryFile /Users/martin/Documents/SideChain/SideChain/Builds/MacOSX/build/release-assets/SideChainer-0.4.1-macOS-PRODUCTION-CANDIDATE-20261005/DerivedData/Build/Intermediates.noindex/SideChain.build/Release/SideChain\ -\ AU.build/SideChain.DependencyStaticMetadataFileList (in target 'SideChain - AU' from project 'SideChain')
    cd /Users/martin/Documents/SideChain/SideChain/Builds/MacOSX
    write-file /Users/martin/Documents/SideChain/SideChain/Builds/MacOSX/build/release-assets/SideChainer-0.4.1-macOS-PRODUCTION-CANDIDATE-20261005/DerivedData/Build/Intermediates.noindex/SideChain.build/Release/SideChain\ -\ AU.build/SideChain.DependencyStaticMetadataFileList

WriteAuxiliaryFile /Users/martin/Documents/SideChain/SideChain/Builds/MacOSX/build/release-assets/SideChainer-0.4.1-macOS-PRODUCTION-CANDIDATE-20261005/DerivedData/Build/Intermediates.noindex/SideChain.build/Release/SideChain\ -\ AU.build/SideChain.DependencyMetadataFileList (in target 'SideChain - AU' from project 'SideChain')
    cd /Users/martin/Documents/SideChain/SideChain/Builds/MacOSX
    write-file /Users/martin/Documents/SideChain/SideChain/Builds/MacOSX/build/release-assets/SideChainer-0.4.1-macOS-PRODUCTION-CANDIDATE-20261005/DerivedData/Build/Intermediates.noindex/SideChain.build/Release/SideChain\ -\ AU.build/SideChain.DependencyMetadataFileList

WriteAuxiliaryFile /Users/martin/Documents/SideChain/SideChain/Builds/MacOSX/build/release-assets/SideChainer-0.4.1-macOS-PRODUCTION-CANDIDATE-20261005/DerivedData/Build/Intermediates.noindex/SideChain.build/Release/SideChain\ -\ AU.build/Objects-normal/x86_64/af3fcb34312c57c0f52879cdce924b91-common-args.resp (in target 'SideChain - AU' from project 'SideChain')
    cd /Users/martin/Documents/SideChain/SideChain/Builds/MacOSX
    write-file /Users/martin/Documents/SideChain/SideChain/Builds/MacOSX/build/release-assets/SideChainer-0.4.1-macOS-PRODUCTION-CANDIDATE-20261005/DerivedData/Build/Intermediates.noindex/SideChain.build/Release/SideChain\ -\ AU.build/Objects-normal/x86_64/af3fcb34312c57c0f52879cdce924b91-common-args.resp
-target x86_64-apple-macos11.00 '-std=c++17' '-stdlib=libc++' -fobjc-weak -fpascal-strings -O3 -fno-common '-D_NDEBUG=1' '-DNDEBUG=1' '-DJUCER_XCODE_MAC_F6D2F4CF=1' '-DJUCE_APP_VERSION=0.4.1' '-DJUCE_APP_VERSION_HEX=0x401' '-DJucePlugin_Build_VST=0' '-DJucePlugin_Build_VST3=0' '-DJucePlugin_Build_AU=1' '-DJucePlugin_Build_AUv3=0' '-DJucePlugin_Build_RTAS=0' '-DJucePlugin_Build_AAX=0' '-DJucePlugin_Build_Standalone=0' '-DJucePlugin_Build_Unity=0' '-DOBJC_OLD_DISPATCH_PROTOTYPES=0' -isysroot /Applications/Xcode.app/Contents/Developer/Platforms/MacOSX.platform/Developer/SDKs/MacOSX26.2.sdk -fasm-blocks '-fvisibility=hidden' -fvisibility-inlines-hidden -I/Users/martin/Documents/SideChain/SideChain/Builds/MacOSX/build/release-assets/SideChainer-0.4.1-macOS-PRODUCTION-CANDIDATE-20261005/BuiltProducts/Release/include -I/Users/martin/Documents/HISE/JUCE/modules/juce_audio_processors/format_types/VST3_SDK -I/Users/martin/Documents/SideChain/SideChain/% -I/Users/martin/Documents/SideChain/SideChain/JuceLibraryCode -I/Users/martin/Documents/HISE/JUCE/modules -I/Users/martin/Documents/HISE/JUCE/modules/juce_audio_plugin_client '-I/Users/martin/Documents/SideChain/SideChain/Builds/MacOSX/build/release-assets/SideChainer-0.4.1-macOS-PRODUCTION-CANDIDATE-20261005/DerivedData/Build/Intermediates.noindex/SideChain.build/Release/SideChain - AU.build/DerivedSources-normal/x86_64' '-I/Users/martin/Documents/SideChain/SideChain/Builds/MacOSX/build/release-assets/SideChainer-0.4.1-macOS-PRODUCTION-CANDIDATE-20261005/DerivedData/Build/Intermediates.noindex/SideChain.build/Release/SideChain - AU.build/DerivedSources/x86_64' '-I/Users/martin/Documents/SideChain/SideChain/Builds/MacOSX/build/release-assets/SideChainer-0.4.1-macOS-PRODUCTION-CANDIDATE-20261005/DerivedData/Build/Intermediates.noindex/SideChain.build/Release/SideChain - AU.build/DerivedSources' -F/Users/martin/Documents/SideChain/SideChain/Builds/MacOSX/build/release-assets/SideChainer-0.4.1-macOS-PRODUCTION-CANDIDATE-20261005/BuiltProducts/Release

WriteAuxiliaryFile /Users/martin/Documents/SideChain/SideChain/Builds/MacOSX/build/release-assets/SideChainer-0.4.1-macOS-PRODUCTION-CANDIDATE-20261005/DerivedData/Build/Intermediates.noindex/SideChain.build/Release/SideChain\ -\ AU.build/Objects-normal/x86_64/SideChain.LinkFileList (in target 'SideChain - AU' from project 'SideChain')
    cd /Users/martin/Documents/SideChain/SideChain/Builds/MacOSX
    write-file /Users/martin/Documents/SideChain/SideChain/Builds/MacOSX/build/release-assets/SideChainer-0.4.1-macOS-PRODUCTION-CANDIDATE-20261005/DerivedData/Build/Intermediates.noindex/SideChain.build/Release/SideChain\ -\ AU.build/Objects-normal/x86_64/SideChain.LinkFileList

WriteAuxiliaryFile /Users/martin/Documents/SideChain/SideChain/Builds/MacOSX/build/release-assets/SideChainer-0.4.1-macOS-PRODUCTION-CANDIDATE-20261005/DerivedData/Build/Intermediates.noindex/SideChain.build/Release/SideChain\ -\ AU.build/Objects-normal/arm64/SideChain.LinkFileList (in target 'SideChain - AU' from project 'SideChain')
    cd /Users/martin/Documents/SideChain/SideChain/Builds/MacOSX
    write-file /Users/martin/Documents/SideChain/SideChain/Builds/MacOSX/build/release-assets/SideChainer-0.4.1-macOS-PRODUCTION-CANDIDATE-20261005/DerivedData/Build/Intermediates.noindex/SideChain.build/Release/SideChain\ -\ AU.build/Objects-normal/arm64/SideChain.LinkFileList

WriteAuxiliaryFile /Users/martin/Documents/SideChain/SideChain/Builds/MacOSX/build/release-assets/SideChainer-0.4.1-macOS-PRODUCTION-CANDIDATE-20261005/DerivedData/Build/Intermediates.noindex/SideChain.build/Release/SideChain\ -\ AU.build/Objects-normal/arm64/af3fcb34312c57c0f52879cdce924b91-common-args.resp (in target 'SideChain - AU' from project 'SideChain')
    cd /Users/martin/Documents/SideChain/SideChain/Builds/MacOSX
    write-file /Users/martin/Documents/SideChain/SideChain/Builds/MacOSX/build/release-assets/SideChainer-0.4.1-macOS-PRODUCTION-CANDIDATE-20261005/DerivedData/Build/Intermediates.noindex/SideChain.build/Release/SideChain\ -\ AU.build/Objects-normal/arm64/af3fcb34312c57c0f52879cdce924b91-common-args.resp
-target arm64-apple-macos11.00 '-std=c++17' '-stdlib=libc++' -fobjc-weak -fpascal-strings -O3 -fno-common '-D_NDEBUG=1' '-DNDEBUG=1' '-DJUCER_XCODE_MAC_F6D2F4CF=1' '-DJUCE_APP_VERSION=0.4.1' '-DJUCE_APP_VERSION_HEX=0x401' '-DJucePlugin_Build_VST=0' '-DJucePlugin_Build_VST3=0' '-DJucePlugin_Build_AU=1' '-DJucePlugin_Build_AUv3=0' '-DJucePlugin_Build_RTAS=0' '-DJucePlugin_Build_AAX=0' '-DJucePlugin_Build_Standalone=0' '-DJucePlugin_Build_Unity=0' '-DOBJC_OLD_DISPATCH_PROTOTYPES=0' -isysroot /Applications/Xcode.app/Contents/Developer/Platforms/MacOSX.platform/Developer/SDKs/MacOSX26.2.sdk '-fvisibility=hidden' -fvisibility-inlines-hidden -I/Users/martin/Documents/SideChain/SideChain/Builds/MacOSX/build/release-assets/SideChainer-0.4.1-macOS-PRODUCTION-CANDIDATE-20261005/BuiltProducts/Release/include -I/Users/martin/Documents/HISE/JUCE/modules/juce_audio_processors/format_types/VST3_SDK -I/Users/martin/Documents/SideChain/SideChain/% -I/Users/martin/Documents/SideChain/SideChain/JuceLibraryCode -I/Users/martin/Documents/HISE/JUCE/modules -I/Users/martin/Documents/HISE/JUCE/modules/juce_audio_plugin_client '-I/Users/martin/Documents/SideChain/SideChain/Builds/MacOSX/build/release-assets/SideChainer-0.4.1-macOS-PRODUCTION-CANDIDATE-20261005/DerivedData/Build/Intermediates.noindex/SideChain.build/Release/SideChain - AU.build/DerivedSources-normal/arm64' '-I/Users/martin/Documents/SideChain/SideChain/Builds/MacOSX/build/release-assets/SideChainer-0.4.1-macOS-PRODUCTION-CANDIDATE-20261005/DerivedData/Build/Intermediates.noindex/SideChain.build/Release/SideChain - AU.build/DerivedSources/arm64' '-I/Users/martin/Documents/SideChain/SideChain/Builds/MacOSX/build/release-assets/SideChainer-0.4.1-macOS-PRODUCTION-CANDIDATE-20261005/DerivedData/Build/Intermediates.noindex/SideChain.build/Release/SideChain - AU.build/DerivedSources' -F/Users/martin/Documents/SideChain/SideChain/Builds/MacOSX/build/release-assets/SideChainer-0.4.1-macOS-PRODUCTION-CANDIDATE-20261005/BuiltProducts/Release

MkDir /Users/martin/Documents/SideChain/SideChain/Builds/MacOSX/build/release-assets/SideChainer-0.4.1-macOS-PRODUCTION-CANDIDATE-20261005/BuiltProducts/Release/SideChain.component/Contents/Resources (in target 'SideChain - AU' from project 'SideChain')
    cd /Users/martin/Documents/SideChain/SideChain/Builds/MacOSX
    /bin/mkdir -p /Users/martin/Documents/SideChain/SideChain/Builds/MacOSX/build/release-assets/SideChainer-0.4.1-macOS-PRODUCTION-CANDIDATE-20261005/BuiltProducts/Release/SideChain.component/Contents/Resources

MkDir /Users/martin/Documents/SideChain/SideChain/Builds/MacOSX/build/release-assets/SideChainer-0.4.1-macOS-PRODUCTION-CANDIDATE-20261005/BuiltProducts/Release/SideChain.component/Contents/MacOS (in target 'SideChain - AU' from project 'SideChain')
    cd /Users/martin/Documents/SideChain/SideChain/Builds/MacOSX
    /bin/mkdir -p /Users/martin/Documents/SideChain/SideChain/Builds/MacOSX/build/release-assets/SideChainer-0.4.1-macOS-PRODUCTION-CANDIDATE-20261005/BuiltProducts/Release/SideChain.component/Contents/MacOS

MkDir /Users/martin/Documents/SideChain/SideChain/Builds/MacOSX/build/release-assets/SideChainer-0.4.1-macOS-PRODUCTION-CANDIDATE-20261005/BuiltProducts/Release/SideChain.component/Contents (in target 'SideChain - AU' from project 'SideChain')
    cd /Users/martin/Documents/SideChain/SideChain/Builds/MacOSX
    /bin/mkdir -p /Users/martin/Documents/SideChain/SideChain/Builds/MacOSX/build/release-assets/SideChainer-0.4.1-macOS-PRODUCTION-CANDIDATE-20261005/BuiltProducts/Release/SideChain.component/Contents

MkDir /Users/martin/Documents/SideChain/SideChain/Builds/MacOSX/build/release-assets/SideChainer-0.4.1-macOS-PRODUCTION-CANDIDATE-20261005/BuiltProducts/Release/SideChain.component (in target 'SideChain - AU' from project 'SideChain')
    cd /Users/martin/Documents/SideChain/SideChain/Builds/MacOSX
    /bin/mkdir -p /Users/martin/Documents/SideChain/SideChain/Builds/MacOSX/build/release-assets/SideChainer-0.4.1-macOS-PRODUCTION-CANDIDATE-20261005/BuiltProducts/Release/SideChain.component

CompileC /Users/martin/Documents/SideChain/SideChain/Builds/MacOSX/build/release-assets/SideChainer-0.4.1-macOS-PRODUCTION-CANDIDATE-20261005/DerivedData/Build/Intermediates.noindex/SideChain.build/Release/SideChain\ -\ Shared\ Code.build/Objects-normal/x86_64/include_juce_audio_plugin_client_VST_utils.o /Users/martin/Documents/SideChain/SideChain/JuceLibraryCode/include_juce_audio_plugin_client_VST_utils.mm normal x86_64 objective-c++ com.apple.compilers.llvm.clang.1_0.compiler (in target 'SideChain - Shared Code' from project 'SideChain')
    cd /Users/martin/Documents/SideChain/SideChain/Builds/MacOSX
    
    Using response file: /Users/martin/Documents/SideChain/SideChain/Builds/MacOSX/build/release-assets/SideChainer-0.4.1-macOS-PRODUCTION-CANDIDATE-20261005/DerivedData/Build/Intermediates.noindex/SideChain.build/Release/SideChain - Shared Code.build/Objects-normal/x86_64/af3fcb34312c57c0f52879cdce924b91-common-args.resp
    
    /Applications/Xcode.app/Contents/Developer/Toolchains/XcodeDefault.xctoolchain/usr/bin/clang -x objective-c++ -ivfsstatcache /Users/martin/Documents/SideChain/SideChain/Builds/MacOSX/build/release-assets/SideChainer-0.4.1-macOS-PRODUCTION-CANDIDATE-20261005/DerivedData/SDKStatCaches.noindex/macosx26.2-25C58-00fa09913b459cbbc988d1f6730289ae.sdkstatcache -fmessage-length\=0 -fdiagnostics-show-note-include-stack -fmacro-backtrace-limit\=0 -fno-color-diagnostics -Wno-trigraphs -Wno-missing-field-initializers -Wno-missing-prototypes -Wunreachable-code -Wno-implicit-atomic-properties -Wno-objc-interface-ivars -Wno-arc-repeated-use-of-weak -Wimplicit-retain-self -Wnon-virtual-dtor -Wno-overloaded-virtual -Wno-exit-time-destructors -Wduplicate-method-match -Wno-missing-braces -Wparentheses -Wswitch -Wunused-function -Wno-unused-label -Wno-unused-parameter -Wunused-variable -Wunused-value -Wempty-body -Wuninitialized -Wno-unknown-pragmas -Wno-shadow -Wno-four-char-constants -Wno-conversion -Wconstant-conversion -Wint-conversion -Wbool-conversion -Wenum-conversion -Wno-float-conversion -Wnon-literal-null-conversion -Wobjc-literal-conversion -Wshorten-64-to-32 -Wno-newline-eof -Wno-selector -Wno-strict-selector-match -Wundeclared-selector -Wdeprecated-implementations -Wno-c++11-extensions -Wno-implicit-fallthrough -fstrict-aliasing -Wprotocol -Wdeprecated-declarations -Winvalid-offsetof -Wno-sign-conversion -Winfinite-recursion -Wmove -Wcomma -Wblock-capture-autoreleasing -Wstrict-prototypes -Wrange-loop-analysis -Wno-semicolon-before-method-body -Wreorder -Wno-reorder -Wno-inconsistent-missing-override @/Users/martin/Documents/SideChain/SideChain/Builds/MacOSX/build/release-assets/SideChainer-0.4.1-macOS-PRODUCTION-CANDIDATE-20261005/DerivedData/Build/Intermediates.noindex/SideChain.build/Release/SideChain\ -\ Shared\ Code.build/Objects-normal/x86_64/af3fcb34312c57c0f52879cdce924b91-common-args.resp -MMD -MT dependencies -MF /Users/martin/Documents/SideChain/SideChain/Builds/MacOSX/build/release-assets/SideChainer-0.4.1-macOS-PRODUCTION-CANDIDATE-20261005/DerivedData/Build/Intermediates.noindex/SideChain.build/Release/SideChain\ -\ Shared\ Code.build/Objects-normal/x86_64/include_juce_audio_plugin_client_VST_utils.d --serialize-diagnostics /Users/martin/Documents/SideChain/SideChain/Builds/MacOSX/build/release-assets/SideChainer-0.4.1-macOS-PRODUCTION-CANDIDATE-20261005/DerivedData/Build/Intermediates.noindex/SideChain.build/Release/SideChain\ -\ Shared\ Code.build/Objects-normal/x86_64/include_juce_audio_plugin_client_VST_utils.dia -c /Users/martin/Documents/SideChain/SideChain/JuceLibraryCode/include_juce_audio_plugin_client_VST_utils.mm -o /Users/martin/Documents/SideChain/SideChain/Builds/MacOSX/build/release-assets/SideChainer-0.4.1-macOS-PRODUCTION-CANDIDATE-20261005/DerivedData/Build/Intermediates.noindex/SideChain.build/Release/SideChain\ -\ Shared\ Code.build/Objects-normal/x86_64/include_juce_audio_plugin_client_VST_utils.o

CompileC /Users/martin/Documents/SideChain/SideChain/Builds/MacOSX/build/release-assets/SideChainer-0.4.1-macOS-PRODUCTION-CANDIDATE-20261005/DerivedData/Build/Intermediates.noindex/SideChain.build/Release/SideChain\ -\ Shared\ Code.build/Objects-normal/x86_64/include_juce_gui_extra.o /Users/martin/Documents/SideChain/SideChain/JuceLibraryCode/include_juce_gui_extra.mm normal x86_64 objective-c++ com.apple.compilers.llvm.clang.1_0.compiler (in target 'SideChain - Shared Code' from project 'SideChain')
    cd /Users/martin/Documents/SideChain/SideChain/Builds/MacOSX
    
    Using response file: /Users/martin/Documents/SideChain/SideChain/Builds/MacOSX/build/release-assets/SideChainer-0.4.1-macOS-PRODUCTION-CANDIDATE-20261005/DerivedData/Build/Intermediates.noindex/SideChain.build/Release/SideChain - Shared Code.build/Objects-normal/x86_64/af3fcb34312c57c0f52879cdce924b91-common-args.resp
    
    /Applications/Xcode.app/Contents/Developer/Toolchains/XcodeDefault.xctoolchain/usr/bin/clang -x objective-c++ -ivfsstatcache /Users/martin/Documents/SideChain/SideChain/Builds/MacOSX/build/release-assets/SideChainer-0.4.1-macOS-PRODUCTION-CANDIDATE-20261005/DerivedData/SDKStatCaches.noindex/macosx26.2-25C58-00fa09913b459cbbc988d1f6730289ae.sdkstatcache -fmessage-length\=0 -fdiagnostics-show-note-include-stack -fmacro-backtrace-limit\=0 -fno-color-diagnostics -Wno-trigraphs -Wno-missing-field-initializers -Wno-missing-prototypes -Wunreachable-code -Wno-implicit-atomic-properties -Wno-objc-interface-ivars -Wno-arc-repeated-use-of-weak -Wimplicit-retain-self -Wnon-virtual-dtor -Wno-overloaded-virtual -Wno-exit-time-destructors -Wduplicate-method-match -Wno-missing-braces -Wparentheses -Wswitch -Wunused-function -Wno-unused-label -Wno-unused-parameter -Wunused-variable -Wunused-value -Wempty-body -Wuninitialized -Wno-unknown-pragmas -Wno-shadow -Wno-four-char-constants -Wno-conversion -Wconstant-conversion -Wint-conversion -Wbool-conversion -Wenum-conversion -Wno-float-conversion -Wnon-literal-null-conversion -Wobjc-literal-conversion -Wshorten-64-to-32 -Wno-newline-eof -Wno-selector -Wno-strict-selector-match -Wundeclared-selector -Wdeprecated-implementations -Wno-c++11-extensions -Wno-implicit-fallthrough -fstrict-aliasing -Wprotocol -Wdeprecated-declarations -Winvalid-offsetof -Wno-sign-conversion -Winfinite-recursion -Wmove -Wcomma -Wblock-capture-autoreleasing -Wstrict-prototypes -Wrange-loop-analysis -Wno-semicolon-before-method-body -Wreorder -Wno-reorder -Wno-inconsistent-missing-override @/Users/martin/Documents/SideChain/SideChain/Builds/MacOSX/build/release-assets/SideChainer-0.4.1-macOS-PRODUCTION-CANDIDATE-20261005/DerivedData/Build/Intermediates.noindex/SideChain.build/Release/SideChain\ -\ Shared\ Code.build/Objects-normal/x86_64/af3fcb34312c57c0f52879cdce924b91-common-args.resp -MMD -MT dependencies -MF /Users/martin/Documents/SideChain/SideChain/Builds/MacOSX/build/release-assets/SideChainer-0.4.1-macOS-PRODUCTION-CANDIDATE-20261005/DerivedData/Build/Intermediates.noindex/SideChain.build/Release/SideChain\ -\ Shared\ Code.build/Objects-normal/x86_64/include_juce_gui_extra.d --serialize-diagnostics /Users/martin/Documents/SideChain/SideChain/Builds/MacOSX/build/release-assets/SideChainer-0.4.1-macOS-PRODUCTION-CANDIDATE-20261005/DerivedData/Build/Intermediates.noindex/SideChain.build/Release/SideChain\ -\ Shared\ Code.build/Objects-normal/x86_64/include_juce_gui_extra.dia -c /Users/martin/Documents/SideChain/SideChain/JuceLibraryCode/include_juce_gui_extra.mm -o /Users/martin/Documents/SideChain/SideChain/Builds/MacOSX/build/release-assets/SideChainer-0.4.1-macOS-PRODUCTION-CANDIDATE-20261005/DerivedData/Build/Intermediates.noindex/SideChain.build/Release/SideChain\ -\ Shared\ Code.build/Objects-normal/x86_64/include_juce_gui_extra.o

CompileC /Users/martin/Documents/SideChain/SideChain/Builds/MacOSX/build/release-assets/SideChainer-0.4.1-macOS-PRODUCTION-CANDIDATE-20261005/DerivedData/Build/Intermediates.noindex/SideChain.build/Release/SideChain\ -\ Shared\ Code.build/Objects-normal/x86_64/include_juce_gui_basics.o /Users/martin/Documents/SideChain/SideChain/JuceLibraryCode/include_juce_gui_basics.mm normal x86_64 objective-c++ com.apple.compilers.llvm.clang.1_0.compiler (in target 'SideChain - Shared Code' from project 'SideChain')
    cd /Users/martin/Documents/SideChain/SideChain/Builds/MacOSX
    
    Using response file: /Users/martin/Documents/SideChain/SideChain/Builds/MacOSX/build/release-assets/SideChainer-0.4.1-macOS-PRODUCTION-CANDIDATE-20261005/DerivedData/Build/Intermediates.noindex/SideChain.build/Release/SideChain - Shared Code.build/Objects-normal/x86_64/af3fcb34312c57c0f52879cdce924b91-common-args.resp
    
    /Applications/Xcode.app/Contents/Developer/Toolchains/XcodeDefault.xctoolchain/usr/bin/clang -x objective-c++ -ivfsstatcache /Users/martin/Documents/SideChain/SideChain/Builds/MacOSX/build/release-assets/SideChainer-0.4.1-macOS-PRODUCTION-CANDIDATE-20261005/DerivedData/SDKStatCaches.noindex/macosx26.2-25C58-00fa09913b459cbbc988d1f6730289ae.sdkstatcache -fmessage-length\=0 -fdiagnostics-show-note-include-stack -fmacro-backtrace-limit\=0 -fno-color-diagnostics -Wno-trigraphs -Wno-missing-field-initializers -Wno-missing-prototypes -Wunreachable-code -Wno-implicit-atomic-properties -Wno-objc-interface-ivars -Wno-arc-repeated-use-of-weak -Wimplicit-retain-self -Wnon-virtual-dtor -Wno-overloaded-virtual -Wno-exit-time-destructors -Wduplicate-method-match -Wno-missing-braces -Wparentheses -Wswitch -Wunused-function -Wno-unused-label -Wno-unused-parameter -Wunused-variable -Wunused-value -Wempty-body -Wuninitialized -Wno-unknown-pragmas -Wno-shadow -Wno-four-char-constants -Wno-conversion -Wconstant-conversion -Wint-conversion -Wbool-conversion -Wenum-conversion -Wno-float-conversion -Wnon-literal-null-conversion -Wobjc-literal-conversion -Wshorten-64-to-32 -Wno-newline-eof -Wno-selector -Wno-strict-selector-match -Wundeclared-selector -Wdeprecated-implementations -Wno-c++11-extensions -Wno-implicit-fallthrough -fstrict-aliasing -Wprotocol -Wdeprecated-declarations -Winvalid-offsetof -Wno-sign-conversion -Winfinite-recursion -Wmove -Wcomma -Wblock-capture-autoreleasing -Wstrict-prototypes -Wrange-loop-analysis -Wno-semicolon-before-method-body -Wreorder -Wno-reorder -Wno-inconsistent-missing-override @/Users/martin/Documents/SideChain/SideChain/Builds/MacOSX/build/release-assets/SideChainer-0.4.1-macOS-PRODUCTION-CANDIDATE-20261005/DerivedData/Build/Intermediates.noindex/SideChain.build/Release/SideChain\ -\ Shared\ Code.build/Objects-normal/x86_64/af3fcb34312c57c0f52879cdce924b91-common-args.resp -MMD -MT dependencies -MF /Users/martin/Documents/SideChain/SideChain/Builds/MacOSX/build/release-assets/SideChainer-0.4.1-macOS-PRODUCTION-CANDIDATE-20261005/DerivedData/Build/Intermediates.noindex/SideChain.build/Release/SideChain\ -\ Shared\ Code.build/Objects-normal/x86_64/include_juce_gui_basics.d --serialize-diagnostics /Users/martin/Documents/SideChain/SideChain/Builds/MacOSX/build/release-assets/SideChainer-0.4.1-macOS-PRODUCTION-CANDIDATE-20261005/DerivedData/Build/Intermediates.noindex/SideChain.build/Release/SideChain\ -\ Shared\ Code.build/Objects-normal/x86_64/include_juce_gui_basics.dia -c /Users/martin/Documents/SideChain/SideChain/JuceLibraryCode/include_juce_gui_basics.mm -o /Users/martin/Documents/SideChain/SideChain/Builds/MacOSX/build/release-assets/SideChainer-0.4.1-macOS-PRODUCTION-CANDIDATE-20261005/DerivedData/Build/Intermediates.noindex/SideChain.build/Release/SideChain\ -\ Shared\ Code.build/Objects-normal/x86_64/include_juce_gui_basics.o

CompileC /Users/martin/Documents/SideChain/SideChain/Builds/MacOSX/build/release-assets/SideChainer-0.4.1-macOS-PRODUCTION-CANDIDATE-20261005/DerivedData/Build/Intermediates.noindex/SideChain.build/Release/SideChain\ -\ Shared\ Code.build/Objects-normal/x86_64/include_juce_data_structures.o /Users/martin/Documents/SideChain/SideChain/JuceLibraryCode/include_juce_data_structures.mm normal x86_64 objective-c++ com.apple.compilers.llvm.clang.1_0.compiler (in target 'SideChain - Shared Code' from project 'SideChain')
    cd /Users/martin/Documents/SideChain/SideChain/Builds/MacOSX
    
    Using response file: /Users/martin/Documents/SideChain/SideChain/Builds/MacOSX/build/release-assets/SideChainer-0.4.1-macOS-PRODUCTION-CANDIDATE-20261005/DerivedData/Build/Intermediates.noindex/SideChain.build/Release/SideChain - Shared Code.build/Objects-normal/x86_64/af3fcb34312c57c0f52879cdce924b91-common-args.resp
    
    /Applications/Xcode.app/Contents/Developer/Toolchains/XcodeDefault.xctoolchain/usr/bin/clang -x objective-c++ -ivfsstatcache /Users/martin/Documents/SideChain/SideChain/Builds/MacOSX/build/release-assets/SideChainer-0.4.1-macOS-PRODUCTION-CANDIDATE-20261005/DerivedData/SDKStatCaches.noindex/macosx26.2-25C58-00fa09913b459cbbc988d1f6730289ae.sdkstatcache -fmessage-length\=0 -fdiagnostics-show-note-include-stack -fmacro-backtrace-limit\=0 -fno-color-diagnostics -Wno-trigraphs -Wno-missing-field-initializers -Wno-missing-prototypes -Wunreachable-code -Wno-implicit-atomic-properties -Wno-objc-interface-ivars -Wno-arc-repeated-use-of-weak -Wimplicit-retain-self -Wnon-virtual-dtor -Wno-overloaded-virtual -Wno-exit-time-destructors -Wduplicate-method-match -Wno-missing-braces -Wparentheses -Wswitch -Wunused-function -Wno-unused-label -Wno-unused-parameter -Wunused-variable -Wunused-value -Wempty-body -Wuninitialized -Wno-unknown-pragmas -Wno-shadow -Wno-four-char-constants -Wno-conversion -Wconstant-conversion -Wint-conversion -Wbool-conversion -Wenum-conversion -Wno-float-conversion -Wnon-literal-null-conversion -Wobjc-literal-conversion -Wshorten-64-to-32 -Wno-newline-eof -Wno-selector -Wno-strict-selector-match -Wundeclared-selector -Wdeprecated-implementations -Wno-c++11-extensions -Wno-implicit-fallthrough -fstrict-aliasing -Wprotocol -Wdeprecated-declarations -Winvalid-offsetof -Wno-sign-conversion -Winfinite-recursion -Wmove -Wcomma -Wblock-capture-autoreleasing -Wstrict-prototypes -Wrange-loop-analysis -Wno-semicolon-before-method-body -Wreorder -Wno-reorder -Wno-inconsistent-missing-override @/Users/martin/Documents/SideChain/SideChain/Builds/MacOSX/build/release-assets/SideChainer-0.4.1-macOS-PRODUCTION-CANDIDATE-20261005/DerivedData/Build/Intermediates.noindex/SideChain.build/Release/SideChain\ -\ Shared\ Code.build/Objects-normal/x86_64/af3fcb34312c57c0f52879cdce924b91-common-args.resp -MMD -MT dependencies -MF /Users/martin/Documents/SideChain/SideChain/Builds/MacOSX/build/release-assets/SideChainer-0.4.1-macOS-PRODUCTION-CANDIDATE-20261005/DerivedData/Build/Intermediates.noindex/SideChain.build/Release/SideChain\ -\ Shared\ Code.build/Objects-normal/x86_64/include_juce_data_structures.d --serialize-diagnostics /Users/martin/Documents/SideChain/SideChain/Builds/MacOSX/build/release-assets/SideChainer-0.4.1-macOS-PRODUCTION-CANDIDATE-20261005/DerivedData/Build/Intermediates.noindex/SideChain.build/Release/SideChain\ -\ Shared\ Code.build/Objects-normal/x86_64/include_juce_data_structures.dia -c /Users/martin/Documents/SideChain/SideChain/JuceLibraryCode/include_juce_data_structures.mm -o /Users/martin/Documents/SideChain/SideChain/Builds/MacOSX/build/release-assets/SideChainer-0.4.1-macOS-PRODUCTION-CANDIDATE-20261005/DerivedData/Build/Intermediates.noindex/SideChain.build/Release/SideChain\ -\ Shared\ Code.build/Objects-normal/x86_64/include_juce_data_structures.o

CompileC /Users/martin/Documents/SideChain/SideChain/Builds/MacOSX/build/release-assets/SideChainer-0.4.1-macOS-PRODUCTION-CANDIDATE-20261005/DerivedData/Build/Intermediates.noindex/SideChain.build/Release/SideChain\ -\ Shared\ Code.build/Objects-normal/x86_64/include_juce_audio_plugin_client_utils.o /Users/martin/Documents/SideChain/SideChain/JuceLibraryCode/include_juce_audio_plugin_client_utils.cpp normal x86_64 c++ com.apple.compilers.llvm.clang.1_0.compiler (in target 'SideChain - Shared Code' from project 'SideChain')
    cd /Users/martin/Documents/SideChain/SideChain/Builds/MacOSX
    
    Using response file: /Users/martin/Documents/SideChain/SideChain/Builds/MacOSX/build/release-assets/SideChainer-0.4.1-macOS-PRODUCTION-CANDIDATE-20261005/DerivedData/Build/Intermediates.noindex/SideChain.build/Release/SideChain - Shared Code.build/Objects-normal/x86_64/82b82416624d2658e5098eb0a28c15c5-common-args.resp
    
    /Applications/Xcode.app/Contents/Developer/Toolchains/XcodeDefault.xctoolchain/usr/bin/clang -x c++ -ivfsstatcache /Users/martin/Documents/SideChain/SideChain/Builds/MacOSX/build/release-assets/SideChainer-0.4.1-macOS-PRODUCTION-CANDIDATE-20261005/DerivedData/SDKStatCaches.noindex/macosx26.2-25C58-00fa09913b459cbbc988d1f6730289ae.sdkstatcache -fmessage-length\=0 -fdiagnostics-show-note-include-stack -fmacro-backtrace-limit\=0 -fno-color-diagnostics -Wno-trigraphs -Wno-missing-field-initializers -Wno-missing-prototypes -Wunreachable-code -Wnon-virtual-dtor -Wno-overloaded-virtual -Wno-exit-time-destructors -Wno-missing-braces -Wparentheses -Wswitch -Wunused-function -Wno-unused-label -Wno-unused-parameter -Wunused-variable -Wunused-value -Wempty-body -Wuninitialized -Wno-unknown-pragmas -Wno-shadow -Wno-four-char-constants -Wno-conversion -Wconstant-conversion -Wint-conversion -Wbool-conversion -Wenum-conversion -Wno-float-conversion -Wnon-literal-null-conversion -Wobjc-literal-conversion -Wshorten-64-to-32 -Wno-newline-eof -Wno-c++11-extensions -Wno-implicit-fallthrough -fstrict-aliasing -Wdeprecated-declarations -Winvalid-offsetof -Wno-sign-conversion -Winfinite-recursion -Wmove -Wcomma -Wblock-capture-autoreleasing -Wstrict-prototypes -Wrange-loop-analysis -Wno-semicolon-before-method-body -Wreorder -Wno-reorder -Wno-inconsistent-missing-override @/Users/martin/Documents/SideChain/SideChain/Builds/MacOSX/build/release-assets/SideChainer-0.4.1-macOS-PRODUCTION-CANDIDATE-20261005/DerivedData/Build/Intermediates.noindex/SideChain.build/Release/SideChain\ -\ Shared\ Code.build/Objects-normal/x86_64/82b82416624d2658e5098eb0a28c15c5-common-args.resp -MMD -MT dependencies -MF /Users/martin/Documents/SideChain/SideChain/Builds/MacOSX/build/release-assets/SideChainer-0.4.1-macOS-PRODUCTION-CANDIDATE-20261005/DerivedData/Build/Intermediates.noindex/SideChain.build/Release/SideChain\ -\ Shared\ Code.build/Objects-normal/x86_64/include_juce_audio_plugin_client_utils.d --serialize-diagnostics /Users/martin/Documents/SideChain/SideChain/Builds/MacOSX/build/release-assets/SideChainer-0.4.1-macOS-PRODUCTION-CANDIDATE-20261005/DerivedData/Build/Intermediates.noindex/SideChain.build/Release/SideChain\ -\ Shared\ Code.build/Objects-normal/x86_64/include_juce_audio_plugin_client_utils.dia -c /Users/martin/Documents/SideChain/SideChain/JuceLibraryCode/include_juce_audio_plugin_client_utils.cpp -o /Users/martin/Documents/SideChain/SideChain/Builds/MacOSX/build/release-assets/SideChainer-0.4.1-macOS-PRODUCTION-CANDIDATE-20261005/DerivedData/Build/Intermediates.noindex/SideChain.build/Release/SideChain\ -\ Shared\ Code.build/Objects-normal/x86_64/include_juce_audio_plugin_client_utils.o

CompileC /Users/martin/Documents/SideChain/SideChain/Builds/MacOSX/build/release-assets/SideChainer-0.4.1-macOS-PRODUCTION-CANDIDATE-20261005/DerivedData/Build/Intermediates.noindex/SideChain.build/Release/SideChain\ -\ Shared\ Code.build/Objects-normal/x86_64/include_juce_core.o /Users/martin/Documents/SideChain/SideChain/JuceLibraryCode/include_juce_core.mm normal x86_64 objective-c++ com.apple.compilers.llvm.clang.1_0.compiler (in target 'SideChain - Shared Code' from project 'SideChain')
    cd /Users/martin/Documents/SideChain/SideChain/Builds/MacOSX
    
    Using response file: /Users/martin/Documents/SideChain/SideChain/Builds/MacOSX/build/release-assets/SideChainer-0.4.1-macOS-PRODUCTION-CANDIDATE-20261005/DerivedData/Build/Intermediates.noindex/SideChain.build/Release/SideChain - Shared Code.build/Objects-normal/x86_64/af3fcb34312c57c0f52879cdce924b91-common-args.resp
    
    /Applications/Xcode.app/Contents/Developer/Toolchains/XcodeDefault.xctoolchain/usr/bin/clang -x objective-c++ -ivfsstatcache /Users/martin/Documents/SideChain/SideChain/Builds/MacOSX/build/release-assets/SideChainer-0.4.1-macOS-PRODUCTION-CANDIDATE-20261005/DerivedData/SDKStatCaches.noindex/macosx26.2-25C58-00fa09913b459cbbc988d1f6730289ae.sdkstatcache -fmessage-length\=0 -fdiagnostics-show-note-include-stack -fmacro-backtrace-limit\=0 -fno-color-diagnostics -Wno-trigraphs -Wno-missing-field-initializers -Wno-missing-prototypes -Wunreachable-code -Wno-implicit-atomic-properties -Wno-objc-interface-ivars -Wno-arc-repeated-use-of-weak -Wimplicit-retain-self -Wnon-virtual-dtor -Wno-overloaded-virtual -Wno-exit-time-destructors -Wduplicate-method-match -Wno-missing-braces -Wparentheses -Wswitch -Wunused-function -Wno-unused-label -Wno-unused-parameter -Wunused-variable -Wunused-value -Wempty-body -Wuninitialized -Wno-unknown-pragmas -Wno-shadow -Wno-four-char-constants -Wno-conversion -Wconstant-conversion -Wint-conversion -Wbool-conversion -Wenum-conversion -Wno-float-conversion -Wnon-literal-null-conversion -Wobjc-literal-conversion -Wshorten-64-to-32 -Wno-newline-eof -Wno-selector -Wno-strict-selector-match -Wundeclared-selector -Wdeprecated-implementations -Wno-c++11-extensions -Wno-implicit-fallthrough -fstrict-aliasing -Wprotocol -Wdeprecated-declarations -Winvalid-offsetof -Wno-sign-conversion -Winfinite-recursion -Wmove -Wcomma -Wblock-capture-autoreleasing -Wstrict-prototypes -Wrange-loop-analysis -Wno-semicolon-before-method-body -Wreorder -Wno-reorder -Wno-inconsistent-missing-override @/Users/martin/Documents/SideChain/SideChain/Builds/MacOSX/build/release-assets/SideChainer-0.4.1-macOS-PRODUCTION-CANDIDATE-20261005/DerivedData/Build/Intermediates.noindex/SideChain.build/Release/SideChain\ -\ Shared\ Code.build/Objects-normal/x86_64/af3fcb34312c57c0f52879cdce924b91-common-args.resp -MMD -MT dependencies -MF /Users/martin/Documents/SideChain/SideChain/Builds/MacOSX/build/release-assets/SideChainer-0.4.1-macOS-PRODUCTION-CANDIDATE-20261005/DerivedData/Build/Intermediates.noindex/SideChain.build/Release/SideChain\ -\ Shared\ Code.build/Objects-normal/x86_64/include_juce_core.d --serialize-diagnostics /Users/martin/Documents/SideChain/SideChain/Builds/MacOSX/build/release-assets/SideChainer-0.4.1-macOS-PRODUCTION-CANDIDATE-20261005/DerivedData/Build/Intermediates.noindex/SideChain.build/Release/SideChain\ -\ Shared\ Code.build/Objects-normal/x86_64/include_juce_core.dia -c /Users/martin/Documents/SideChain/SideChain/JuceLibraryCode/include_juce_core.mm -o /Users/martin/Documents/SideChain/SideChain/Builds/MacOSX/build/release-assets/SideChainer-0.4.1-macOS-PRODUCTION-CANDIDATE-20261005/DerivedData/Build/Intermediates.noindex/SideChain.build/Release/SideChain\ -\ Shared\ Code.build/Objects-normal/x86_64/include_juce_core.o

CompileC /Users/martin/Documents/SideChain/SideChain/Builds/MacOSX/build/release-assets/SideChainer-0.4.1-macOS-PRODUCTION-CANDIDATE-20261005/DerivedData/Build/Intermediates.noindex/SideChain.build/Release/SideChain\ -\ VST3.build/Objects-normal/x86_64/include_juce_audio_plugin_client_VST3.o /Users/martin/Documents/SideChain/SideChain/JuceLibraryCode/include_juce_audio_plugin_client_VST3.cpp normal x86_64 c++ com.apple.compilers.llvm.clang.1_0.compiler (in target 'SideChain - VST3' from project 'SideChain')
    cd /Users/martin/Documents/SideChain/SideChain/Builds/MacOSX
    
    Using response file: /Users/martin/Documents/SideChain/SideChain/Builds/MacOSX/build/release-assets/SideChainer-0.4.1-macOS-PRODUCTION-CANDIDATE-20261005/DerivedData/Build/Intermediates.noindex/SideChain.build/Release/SideChain - VST3.build/Objects-normal/x86_64/82b82416624d2658e5098eb0a28c15c5-common-args.resp
    
    /Applications/Xcode.app/Contents/Developer/Toolchains/XcodeDefault.xctoolchain/usr/bin/clang -x c++ -ivfsstatcache /Users/martin/Documents/SideChain/SideChain/Builds/MacOSX/build/release-assets/SideChainer-0.4.1-macOS-PRODUCTION-CANDIDATE-20261005/DerivedData/SDKStatCaches.noindex/macosx26.2-25C58-00fa09913b459cbbc988d1f6730289ae.sdkstatcache -fmessage-length\=0 -fdiagnostics-show-note-include-stack -fmacro-backtrace-limit\=0 -fno-color-diagnostics -Wno-trigraphs -Wno-missing-field-initializers -Wno-missing-prototypes -Wunreachable-code -Wnon-virtual-dtor -Wno-overloaded-virtual -Wno-exit-time-destructors -Wno-missing-braces -Wparentheses -Wswitch -Wunused-function -Wno-unused-label -Wno-unused-parameter -Wunused-variable -Wunused-value -Wempty-body -Wuninitialized -Wno-unknown-pragmas -Wno-shadow -Wno-four-char-constants -Wno-conversion -Wconstant-conversion -Wint-conversion -Wbool-conversion -Wenum-conversion -Wno-float-conversion -Wnon-literal-null-conversion -Wobjc-literal-conversion -Wshorten-64-to-32 -Wno-newline-eof -Wno-c++11-extensions -Wno-implicit-fallthrough -fstrict-aliasing -Wdeprecated-declarations -Winvalid-offsetof -Wno-sign-conversion -Winfinite-recursion -Wmove -Wcomma -Wblock-capture-autoreleasing -Wstrict-prototypes -Wrange-loop-analysis -Wno-semicolon-before-method-body -Wreorder -Wno-reorder -Wno-inconsistent-missing-override @/Users/martin/Documents/SideChain/SideChain/Builds/MacOSX/build/release-assets/SideChainer-0.4.1-macOS-PRODUCTION-CANDIDATE-20261005/DerivedData/Build/Intermediates.noindex/SideChain.build/Release/SideChain\ -\ VST3.build/Objects-normal/x86_64/82b82416624d2658e5098eb0a28c15c5-common-args.resp -MMD -MT dependencies -MF /Users/martin/Documents/SideChain/SideChain/Builds/MacOSX/build/release-assets/SideChainer-0.4.1-macOS-PRODUCTION-CANDIDATE-20261005/DerivedData/Build/Intermediates.noindex/SideChain.build/Release/SideChain\ -\ VST3.build/Objects-normal/x86_64/include_juce_audio_plugin_client_VST3.d --serialize-diagnostics /Users/martin/Documents/SideChain/SideChain/Builds/MacOSX/build/release-assets/SideChainer-0.4.1-macOS-PRODUCTION-CANDIDATE-20261005/DerivedData/Build/Intermediates.noindex/SideChain.build/Release/SideChain\ -\ VST3.build/Objects-normal/x86_64/include_juce_audio_plugin_client_VST3.dia -c /Users/martin/Documents/SideChain/SideChain/JuceLibraryCode/include_juce_audio_plugin_client_VST3.cpp -o /Users/martin/Documents/SideChain/SideChain/Builds/MacOSX/build/release-assets/SideChainer-0.4.1-macOS-PRODUCTION-CANDIDATE-20261005/DerivedData/Build/Intermediates.noindex/SideChain.build/Release/SideChain\ -\ VST3.build/Objects-normal/x86_64/include_juce_audio_plugin_client_VST3.o

CompileC /Users/martin/Documents/SideChain/SideChain/Builds/MacOSX/build/release-assets/SideChainer-0.4.1-macOS-PRODUCTION-CANDIDATE-20261005/DerivedData/Build/Intermediates.noindex/SideChain.build/Release/SideChain\ -\ Shared\ Code.build/Objects-normal/x86_64/include_juce_audio_formats.o /Users/martin/Documents/SideChain/SideChain/JuceLibraryCode/include_juce_audio_formats.mm normal x86_64 objective-c++ com.apple.compilers.llvm.clang.1_0.compiler (in target 'SideChain - Shared Code' from project 'SideChain')
    cd /Users/martin/Documents/SideChain/SideChain/Builds/MacOSX
    
    Using response file: /Users/martin/Documents/SideChain/SideChain/Builds/MacOSX/build/release-assets/SideChainer-0.4.1-macOS-PRODUCTION-CANDIDATE-20261005/DerivedData/Build/Intermediates.noindex/SideChain.build/Release/SideChain - Shared Code.build/Objects-normal/x86_64/af3fcb34312c57c0f52879cdce924b91-common-args.resp
    
    /Applications/Xcode.app/Contents/Developer/Toolchains/XcodeDefault.xctoolchain/usr/bin/clang -x objective-c++ -ivfsstatcache /Users/martin/Documents/SideChain/SideChain/Builds/MacOSX/build/release-assets/SideChainer-0.4.1-macOS-PRODUCTION-CANDIDATE-20261005/DerivedData/SDKStatCaches.noindex/macosx26.2-25C58-00fa09913b459cbbc988d1f6730289ae.sdkstatcache -fmessage-length\=0 -fdiagnostics-show-note-include-stack -fmacro-backtrace-limit\=0 -fno-color-diagnostics -Wno-trigraphs -Wno-missing-field-initializers -Wno-missing-prototypes -Wunreachable-code -Wno-implicit-atomic-properties -Wno-objc-interface-ivars -Wno-arc-repeated-use-of-weak -Wimplicit-retain-self -Wnon-virtual-dtor -Wno-overloaded-virtual -Wno-exit-time-destructors -Wduplicate-method-match -Wno-missing-braces -Wparentheses -Wswitch -Wunused-function -Wno-unused-label -Wno-unused-parameter -Wunused-variable -Wunused-value -Wempty-body -Wuninitialized -Wno-unknown-pragmas -Wno-shadow -Wno-four-char-constants -Wno-conversion -Wconstant-conversion -Wint-conversion -Wbool-conversion -Wenum-conversion -Wno-float-conversion -Wnon-literal-null-conversion -Wobjc-literal-conversion -Wshorten-64-to-32 -Wno-newline-eof -Wno-selector -Wno-strict-selector-match -Wundeclared-selector -Wdeprecated-implementations -Wno-c++11-extensions -Wno-implicit-fallthrough -fstrict-aliasing -Wprotocol -Wdeprecated-declarations -Winvalid-offsetof -Wno-sign-conversion -Winfinite-recursion -Wmove -Wcomma -Wblock-capture-autoreleasing -Wstrict-prototypes -Wrange-loop-analysis -Wno-semicolon-before-method-body -Wreorder -Wno-reorder -Wno-inconsistent-missing-override @/Users/martin/Documents/SideChain/SideChain/Builds/MacOSX/build/release-assets/SideChainer-0.4.1-macOS-PRODUCTION-CANDIDATE-20261005/DerivedData/Build/Intermediates.noindex/SideChain.build/Release/SideChain\ -\ Shared\ Code.build/Objects-normal/x86_64/af3fcb34312c57c0f52879cdce924b91-common-args.resp -MMD -MT dependencies -MF /Users/martin/Documents/SideChain/SideChain/Builds/MacOSX/build/release-assets/SideChainer-0.4.1-macOS-PRODUCTION-CANDIDATE-20261005/DerivedData/Build/Intermediates.noindex/SideChain.build/Release/SideChain\ -\ Shared\ Code.build/Objects-normal/x86_64/include_juce_audio_formats.d --serialize-diagnostics /Users/martin/Documents/SideChain/SideChain/Builds/MacOSX/build/release-assets/SideChainer-0.4.1-macOS-PRODUCTION-CANDIDATE-20261005/DerivedData/Build/Intermediates.noindex/SideChain.build/Release/SideChain\ -\ Shared\ Code.build/Objects-normal/x86_64/include_juce_audio_formats.dia -c /Users/martin/Documents/SideChain/SideChain/JuceLibraryCode/include_juce_audio_formats.mm -o /Users/martin/Documents/SideChain/SideChain/Builds/MacOSX/build/release-assets/SideChainer-0.4.1-macOS-PRODUCTION-CANDIDATE-20261005/DerivedData/Build/Intermediates.noindex/SideChain.build/Release/SideChain\ -\ Shared\ Code.build/Objects-normal/x86_64/include_juce_audio_formats.o

CompileC /Users/martin/Documents/SideChain/SideChain/Builds/MacOSX/build/release-assets/SideChainer-0.4.1-macOS-PRODUCTION-CANDIDATE-20261005/DerivedData/Build/Intermediates.noindex/SideChain.build/Release/SideChain\ -\ VST3.build/Objects-normal/arm64/include_juce_audio_plugin_client_VST3.o /Users/martin/Documents/SideChain/SideChain/JuceLibraryCode/include_juce_audio_plugin_client_VST3.cpp normal arm64 c++ com.apple.compilers.llvm.clang.1_0.compiler (in target 'SideChain - VST3' from project 'SideChain')
    cd /Users/martin/Documents/SideChain/SideChain/Builds/MacOSX
    
    Using response file: /Users/martin/Documents/SideChain/SideChain/Builds/MacOSX/build/release-assets/SideChainer-0.4.1-macOS-PRODUCTION-CANDIDATE-20261005/DerivedData/Build/Intermediates.noindex/SideChain.build/Release/SideChain - VST3.build/Objects-normal/arm64/82b82416624d2658e5098eb0a28c15c5-common-args.resp
    
    /Applications/Xcode.app/Contents/Developer/Toolchains/XcodeDefault.xctoolchain/usr/bin/clang -x c++ -ivfsstatcache /Users/martin/Documents/SideChain/SideChain/Builds/MacOSX/build/release-assets/SideChainer-0.4.1-macOS-PRODUCTION-CANDIDATE-20261005/DerivedData/SDKStatCaches.noindex/macosx26.2-25C58-00fa09913b459cbbc988d1f6730289ae.sdkstatcache -fmessage-length\=0 -fdiagnostics-show-note-include-stack -fmacro-backtrace-limit\=0 -fno-color-diagnostics -Wno-trigraphs -Wno-missing-field-initializers -Wno-missing-prototypes -Wunreachable-code -Wnon-virtual-dtor -Wno-overloaded-virtual -Wno-exit-time-destructors -Wno-missing-braces -Wparentheses -Wswitch -Wunused-function -Wno-unused-label -Wno-unused-parameter -Wunused-variable -Wunused-value -Wempty-body -Wuninitialized -Wno-unknown-pragmas -Wno-shadow -Wno-four-char-constants -Wno-conversion -Wconstant-conversion -Wint-conversion -Wbool-conversion -Wenum-conversion -Wno-float-conversion -Wnon-literal-null-conversion -Wobjc-literal-conversion -Wshorten-64-to-32 -Wno-newline-eof -Wno-c++11-extensions -Wno-implicit-fallthrough -fstrict-aliasing -Wdeprecated-declarations -Winvalid-offsetof -Wno-sign-conversion -Winfinite-recursion -Wmove -Wcomma -Wblock-capture-autoreleasing -Wstrict-prototypes -Wrange-loop-analysis -Wno-semicolon-before-method-body -Wreorder -Wno-reorder -Wno-inconsistent-missing-override @/Users/martin/Documents/SideChain/SideChain/Builds/MacOSX/build/release-assets/SideChainer-0.4.1-macOS-PRODUCTION-CANDIDATE-20261005/DerivedData/Build/Intermediates.noindex/SideChain.build/Release/SideChain\ -\ VST3.build/Objects-normal/arm64/82b82416624d2658e5098eb0a28c15c5-common-args.resp -MMD -MT dependencies -MF /Users/martin/Documents/SideChain/SideChain/Builds/MacOSX/build/release-assets/SideChainer-0.4.1-macOS-PRODUCTION-CANDIDATE-20261005/DerivedData/Build/Intermediates.noindex/SideChain.build/Release/SideChain\ -\ VST3.build/Objects-normal/arm64/include_juce_audio_plugin_client_VST3.d --serialize-diagnostics /Users/martin/Documents/SideChain/SideChain/Builds/MacOSX/build/release-assets/SideChainer-0.4.1-macOS-PRODUCTION-CANDIDATE-20261005/DerivedData/Build/Intermediates.noindex/SideChain.build/Release/SideChain\ -\ VST3.build/Objects-normal/arm64/include_juce_audio_plugin_client_VST3.dia -c /Users/martin/Documents/SideChain/SideChain/JuceLibraryCode/include_juce_audio_plugin_client_VST3.cpp -o /Users/martin/Documents/SideChain/SideChain/Builds/MacOSX/build/release-assets/SideChainer-0.4.1-macOS-PRODUCTION-CANDIDATE-20261005/DerivedData/Build/Intermediates.noindex/SideChain.build/Release/SideChain\ -\ VST3.build/Objects-normal/arm64/include_juce_audio_plugin_client_VST3.o

CompileC /Users/martin/Documents/SideChain/SideChain/Builds/MacOSX/build/release-assets/SideChainer-0.4.1-macOS-PRODUCTION-CANDIDATE-20261005/DerivedData/Build/Intermediates.noindex/SideChain.build/Release/SideChain\ -\ Shared\ Code.build/Objects-normal/x86_64/include_juce_graphics.o /Users/martin/Documents/SideChain/SideChain/JuceLibraryCode/include_juce_graphics.mm normal x86_64 objective-c++ com.apple.compilers.llvm.clang.1_0.compiler (in target 'SideChain - Shared Code' from project 'SideChain')
    cd /Users/martin/Documents/SideChain/SideChain/Builds/MacOSX
    
    Using response file: /Users/martin/Documents/SideChain/SideChain/Builds/MacOSX/build/release-assets/SideChainer-0.4.1-macOS-PRODUCTION-CANDIDATE-20261005/DerivedData/Build/Intermediates.noindex/SideChain.build/Release/SideChain - Shared Code.build/Objects-normal/x86_64/af3fcb34312c57c0f52879cdce924b91-common-args.resp
    
    /Applications/Xcode.app/Contents/Developer/Toolchains/XcodeDefault.xctoolchain/usr/bin/clang -x objective-c++ -ivfsstatcache /Users/martin/Documents/SideChain/SideChain/Builds/MacOSX/build/release-assets/SideChainer-0.4.1-macOS-PRODUCTION-CANDIDATE-20261005/DerivedData/SDKStatCaches.noindex/macosx26.2-25C58-00fa09913b459cbbc988d1f6730289ae.sdkstatcache -fmessage-length\=0 -fdiagnostics-show-note-include-stack -fmacro-backtrace-limit\=0 -fno-color-diagnostics -Wno-trigraphs -Wno-missing-field-initializers -Wno-missing-prototypes -Wunreachable-code -Wno-implicit-atomic-properties -Wno-objc-interface-ivars -Wno-arc-repeated-use-of-weak -Wimplicit-retain-self -Wnon-virtual-dtor -Wno-overloaded-virtual -Wno-exit-time-destructors -Wduplicate-method-match -Wno-missing-braces -Wparentheses -Wswitch -Wunused-function -Wno-unused-label -Wno-unused-parameter -Wunused-variable -Wunused-value -Wempty-body -Wuninitialized -Wno-unknown-pragmas -Wno-shadow -Wno-four-char-constants -Wno-conversion -Wconstant-conversion -Wint-conversion -Wbool-conversion -Wenum-conversion -Wno-float-conversion -Wnon-literal-null-conversion -Wobjc-literal-conversion -Wshorten-64-to-32 -Wno-newline-eof -Wno-selector -Wno-strict-selector-match -Wundeclared-selector -Wdeprecated-implementations -Wno-c++11-extensions -Wno-implicit-fallthrough -fstrict-aliasing -Wprotocol -Wdeprecated-declarations -Winvalid-offsetof -Wno-sign-conversion -Winfinite-recursion -Wmove -Wcomma -Wblock-capture-autoreleasing -Wstrict-prototypes -Wrange-loop-analysis -Wno-semicolon-before-method-body -Wreorder -Wno-reorder -Wno-inconsistent-missing-override @/Users/martin/Documents/SideChain/SideChain/Builds/MacOSX/build/release-assets/SideChainer-0.4.1-macOS-PRODUCTION-CANDIDATE-20261005/DerivedData/Build/Intermediates.noindex/SideChain.build/Release/SideChain\ -\ Shared\ Code.build/Objects-normal/x86_64/af3fcb34312c57c0f52879cdce924b91-common-args.resp -MMD -MT dependencies -MF /Users/martin/Documents/SideChain/SideChain/Builds/MacOSX/build/release-assets/SideChainer-0.4.1-macOS-PRODUCTION-CANDIDATE-20261005/DerivedData/Build/Intermediates.noindex/SideChain.build/Release/SideChain\ -\ Shared\ Code.build/Objects-normal/x86_64/include_juce_graphics.d --serialize-diagnostics /Users/martin/Documents/SideChain/SideChain/Builds/MacOSX/build/release-assets/SideChainer-0.4.1-macOS-PRODUCTION-CANDIDATE-20261005/DerivedData/Build/Intermediates.noindex/SideChain.build/Release/SideChain\ -\ Shared\ Code.build/Objects-normal/x86_64/include_juce_graphics.dia -c /Users/martin/Documents/SideChain/SideChain/JuceLibraryCode/include_juce_graphics.mm -o /Users/martin/Documents/SideChain/SideChain/Builds/MacOSX/build/release-assets/SideChainer-0.4.1-macOS-PRODUCTION-CANDIDATE-20261005/DerivedData/Build/Intermediates.noindex/SideChain.build/Release/SideChain\ -\ Shared\ Code.build/Objects-normal/x86_64/include_juce_graphics.o

CompileC /Users/martin/Documents/SideChain/SideChain/Builds/MacOSX/build/release-assets/SideChainer-0.4.1-macOS-PRODUCTION-CANDIDATE-20261005/DerivedData/Build/Intermediates.noindex/SideChain.build/Release/SideChain\ -\ Shared\ Code.build/Objects-normal/x86_64/include_juce_events.o /Users/martin/Documents/SideChain/SideChain/JuceLibraryCode/include_juce_events.mm normal x86_64 objective-c++ com.apple.compilers.llvm.clang.1_0.compiler (in target 'SideChain - Shared Code' from project 'SideChain')
    cd /Users/martin/Documents/SideChain/SideChain/Builds/MacOSX
    
    Using response file: /Users/martin/Documents/SideChain/SideChain/Builds/MacOSX/build/release-assets/SideChainer-0.4.1-macOS-PRODUCTION-CANDIDATE-20261005/DerivedData/Build/Intermediates.noindex/SideChain.build/Release/SideChain - Shared Code.build/Objects-normal/x86_64/af3fcb34312c57c0f52879cdce924b91-common-args.resp
    
    /Applications/Xcode.app/Contents/Developer/Toolchains/XcodeDefault.xctoolchain/usr/bin/clang -x objective-c++ -ivfsstatcache /Users/martin/Documents/SideChain/SideChain/Builds/MacOSX/build/release-assets/SideChainer-0.4.1-macOS-PRODUCTION-CANDIDATE-20261005/DerivedData/SDKStatCaches.noindex/macosx26.2-25C58-00fa09913b459cbbc988d1f6730289ae.sdkstatcache -fmessage-length\=0 -fdiagnostics-show-note-include-stack -fmacro-backtrace-limit\=0 -fno-color-diagnostics -Wno-trigraphs -Wno-missing-field-initializers -Wno-missing-prototypes -Wunreachable-code -Wno-implicit-atomic-properties -Wno-objc-interface-ivars -Wno-arc-repeated-use-of-weak -Wimplicit-retain-self -Wnon-virtual-dtor -Wno-overloaded-virtual -Wno-exit-time-destructors -Wduplicate-method-match -Wno-missing-braces -Wparentheses -Wswitch -Wunused-function -Wno-unused-label -Wno-unused-parameter -Wunused-variable -Wunused-value -Wempty-body -Wuninitialized -Wno-unknown-pragmas -Wno-shadow -Wno-four-char-constants -Wno-conversion -Wconstant-conversion -Wint-conversion -Wbool-conversion -Wenum-conversion -Wno-float-conversion -Wnon-literal-null-conversion -Wobjc-literal-conversion -Wshorten-64-to-32 -Wno-newline-eof -Wno-selector -Wno-strict-selector-match -Wundeclared-selector -Wdeprecated-implementations -Wno-c++11-extensions -Wno-implicit-fallthrough -fstrict-aliasing -Wprotocol -Wdeprecated-declarations -Winvalid-offsetof -Wno-sign-conversion -Winfinite-recursion -Wmove -Wcomma -Wblock-capture-autoreleasing -Wstrict-prototypes -Wrange-loop-analysis -Wno-semicolon-before-method-body -Wreorder -Wno-reorder -Wno-inconsistent-missing-override @/Users/martin/Documents/SideChain/SideChain/Builds/MacOSX/build/release-assets/SideChainer-0.4.1-macOS-PRODUCTION-CANDIDATE-20261005/DerivedData/Build/Intermediates.noindex/SideChain.build/Release/SideChain\ -\ Shared\ Code.build/Objects-normal/x86_64/af3fcb34312c57c0f52879cdce924b91-common-args.resp -MMD -MT dependencies -MF /Users/martin/Documents/SideChain/SideChain/Builds/MacOSX/build/release-assets/SideChainer-0.4.1-macOS-PRODUCTION-CANDIDATE-20261005/DerivedData/Build/Intermediates.noindex/SideChain.build/Release/SideChain\ -\ Shared\ Code.build/Objects-normal/x86_64/include_juce_events.d --serialize-diagnostics /Users/martin/Documents/SideChain/SideChain/Builds/MacOSX/build/release-assets/SideChainer-0.4.1-macOS-PRODUCTION-CANDIDATE-20261005/DerivedData/Build/Intermediates.noindex/SideChain.build/Release/SideChain\ -\ Shared\ Code.build/Objects-normal/x86_64/include_juce_events.dia -c /Users/martin/Documents/SideChain/SideChain/JuceLibraryCode/include_juce_events.mm -o /Users/martin/Documents/SideChain/SideChain/Builds/MacOSX/build/release-assets/SideChainer-0.4.1-macOS-PRODUCTION-CANDIDATE-20261005/DerivedData/Build/Intermediates.noindex/SideChain.build/Release/SideChain\ -\ Shared\ Code.build/Objects-normal/x86_64/include_juce_events.o

CompileC /Users/martin/Documents/SideChain/SideChain/Builds/MacOSX/build/release-assets/SideChainer-0.4.1-macOS-PRODUCTION-CANDIDATE-20261005/DerivedData/Build/Intermediates.noindex/SideChain.build/Release/SideChain\ -\ Shared\ Code.build/Objects-normal/x86_64/include_juce_dsp.o /Users/martin/Documents/SideChain/SideChain/JuceLibraryCode/include_juce_dsp.mm normal x86_64 objective-c++ com.apple.compilers.llvm.clang.1_0.compiler (in target 'SideChain - Shared Code' from project 'SideChain')
    cd /Users/martin/Documents/SideChain/SideChain/Builds/MacOSX
    
    Using response file: /Users/martin/Documents/SideChain/SideChain/Builds/MacOSX/build/release-assets/SideChainer-0.4.1-macOS-PRODUCTION-CANDIDATE-20261005/DerivedData/Build/Intermediates.noindex/SideChain.build/Release/SideChain - Shared Code.build/Objects-normal/x86_64/af3fcb34312c57c0f52879cdce924b91-common-args.resp
    
    /Applications/Xcode.app/Contents/Developer/Toolchains/XcodeDefault.xctoolchain/usr/bin/clang -x objective-c++ -ivfsstatcache /Users/martin/Documents/SideChain/SideChain/Builds/MacOSX/build/release-assets/SideChainer-0.4.1-macOS-PRODUCTION-CANDIDATE-20261005/DerivedData/SDKStatCaches.noindex/macosx26.2-25C58-00fa09913b459cbbc988d1f6730289ae.sdkstatcache -fmessage-length\=0 -fdiagnostics-show-note-include-stack -fmacro-backtrace-limit\=0 -fno-color-diagnostics -Wno-trigraphs -Wno-missing-field-initializers -Wno-missing-prototypes -Wunreachable-code -Wno-implicit-atomic-properties -Wno-objc-interface-ivars -Wno-arc-repeated-use-of-weak -Wimplicit-retain-self -Wnon-virtual-dtor -Wno-overloaded-virtual -Wno-exit-time-destructors -Wduplicate-method-match -Wno-missing-braces -Wparentheses -Wswitch -Wunused-function -Wno-unused-label -Wno-unused-parameter -Wunused-variable -Wunused-value -Wempty-body -Wuninitialized -Wno-unknown-pragmas -Wno-shadow -Wno-four-char-constants -Wno-conversion -Wconstant-conversion -Wint-conversion -Wbool-conversion -Wenum-conversion -Wno-float-conversion -Wnon-literal-null-conversion -Wobjc-literal-conversion -Wshorten-64-to-32 -Wno-newline-eof -Wno-selector -Wno-strict-selector-match -Wundeclared-selector -Wdeprecated-implementations -Wno-c++11-extensions -Wno-implicit-fallthrough -fstrict-aliasing -Wprotocol -Wdeprecated-declarations -Winvalid-offsetof -Wno-sign-conversion -Winfinite-recursion -Wmove -Wcomma -Wblock-capture-autoreleasing -Wstrict-prototypes -Wrange-loop-analysis -Wno-semicolon-before-method-body -Wreorder -Wno-reorder -Wno-inconsistent-missing-override @/Users/martin/Documents/SideChain/SideChain/Builds/MacOSX/build/release-assets/SideChainer-0.4.1-macOS-PRODUCTION-CANDIDATE-20261005/DerivedData/Build/Intermediates.noindex/SideChain.build/Release/SideChain\ -\ Shared\ Code.build/Objects-normal/x86_64/af3fcb34312c57c0f52879cdce924b91-common-args.resp -MMD -MT dependencies -MF /Users/martin/Documents/SideChain/SideChain/Builds/MacOSX/build/release-assets/SideChainer-0.4.1-macOS-PRODUCTION-CANDIDATE-20261005/DerivedData/Build/Intermediates.noindex/SideChain.build/Release/SideChain\ -\ Shared\ Code.build/Objects-normal/x86_64/include_juce_dsp.d --serialize-diagnostics /Users/martin/Documents/SideChain/SideChain/Builds/MacOSX/build/release-assets/SideChainer-0.4.1-macOS-PRODUCTION-CANDIDATE-20261005/DerivedData/Build/Intermediates.noindex/SideChain.build/Release/SideChain\ -\ Shared\ Code.build/Objects-normal/x86_64/include_juce_dsp.dia -c /Users/martin/Documents/SideChain/SideChain/JuceLibraryCode/include_juce_dsp.mm -o /Users/martin/Documents/SideChain/SideChain/Builds/MacOSX/build/release-assets/SideChainer-0.4.1-macOS-PRODUCTION-CANDIDATE-20261005/DerivedData/Build/Intermediates.noindex/SideChain.build/Release/SideChain\ -\ Shared\ Code.build/Objects-normal/x86_64/include_juce_dsp.o

CompileC /Users/martin/Documents/SideChain/SideChain/Builds/MacOSX/build/release-assets/SideChainer-0.4.1-macOS-PRODUCTION-CANDIDATE-20261005/DerivedData/Build/Intermediates.noindex/SideChain.build/Release/SideChain\ -\ Shared\ Code.build/Objects-normal/x86_64/include_juce_audio_processors.o /Users/martin/Documents/SideChain/SideChain/JuceLibraryCode/include_juce_audio_processors.mm normal x86_64 objective-c++ com.apple.compilers.llvm.clang.1_0.compiler (in target 'SideChain - Shared Code' from project 'SideChain')
    cd /Users/martin/Documents/SideChain/SideChain/Builds/MacOSX
    
    Using response file: /Users/martin/Documents/SideChain/SideChain/Builds/MacOSX/build/release-assets/SideChainer-0.4.1-macOS-PRODUCTION-CANDIDATE-20261005/DerivedData/Build/Intermediates.noindex/SideChain.build/Release/SideChain - Shared Code.build/Objects-normal/x86_64/af3fcb34312c57c0f52879cdce924b91-common-args.resp
    
    /Applications/Xcode.app/Contents/Developer/Toolchains/XcodeDefault.xctoolchain/usr/bin/clang -x objective-c++ -ivfsstatcache /Users/martin/Documents/SideChain/SideChain/Builds/MacOSX/build/release-assets/SideChainer-0.4.1-macOS-PRODUCTION-CANDIDATE-20261005/DerivedData/SDKStatCaches.noindex/macosx26.2-25C58-00fa09913b459cbbc988d1f6730289ae.sdkstatcache -fmessage-length\=0 -fdiagnostics-show-note-include-stack -fmacro-backtrace-limit\=0 -fno-color-diagnostics -Wno-trigraphs -Wno-missing-field-initializers -Wno-missing-prototypes -Wunreachable-code -Wno-implicit-atomic-properties -Wno-objc-interface-ivars -Wno-arc-repeated-use-of-weak -Wimplicit-retain-self -Wnon-virtual-dtor -Wno-overloaded-virtual -Wno-exit-time-destructors -Wduplicate-method-match -Wno-missing-braces -Wparentheses -Wswitch -Wunused-function -Wno-unused-label -Wno-unused-parameter -Wunused-variable -Wunused-value -Wempty-body -Wuninitialized -Wno-unknown-pragmas -Wno-shadow -Wno-four-char-constants -Wno-conversion -Wconstant-conversion -Wint-conversion -Wbool-conversion -Wenum-conversion -Wno-float-conversion -Wnon-literal-null-conversion -Wobjc-literal-conversion -Wshorten-64-to-32 -Wno-newline-eof -Wno-selector -Wno-strict-selector-match -Wundeclared-selector -Wdeprecated-implementations -Wno-c++11-extensions -Wno-implicit-fallthrough -fstrict-aliasing -Wprotocol -Wdeprecated-declarations -Winvalid-offsetof -Wno-sign-conversion -Winfinite-recursion -Wmove -Wcomma -Wblock-capture-autoreleasing -Wstrict-prototypes -Wrange-loop-analysis -Wno-semicolon-before-method-body -Wreorder -Wno-reorder -Wno-inconsistent-missing-override @/Users/martin/Documents/SideChain/SideChain/Builds/MacOSX/build/release-assets/SideChainer-0.4.1-macOS-PRODUCTION-CANDIDATE-20261005/DerivedData/Build/Intermediates.noindex/SideChain.build/Release/SideChain\ -\ Shared\ Code.build/Objects-normal/x86_64/af3fcb34312c57c0f52879cdce924b91-common-args.resp -MMD -MT dependencies -MF /Users/martin/Documents/SideChain/SideChain/Builds/MacOSX/build/release-assets/SideChainer-0.4.1-macOS-PRODUCTION-CANDIDATE-20261005/DerivedData/Build/Intermediates.noindex/SideChain.build/Release/SideChain\ -\ Shared\ Code.build/Objects-normal/x86_64/include_juce_audio_processors.d --serialize-diagnostics /Users/martin/Documents/SideChain/SideChain/Builds/MacOSX/build/release-assets/SideChainer-0.4.1-macOS-PRODUCTION-CANDIDATE-20261005/DerivedData/Build/Intermediates.noindex/SideChain.build/Release/SideChain\ -\ Shared\ Code.build/Objects-normal/x86_64/include_juce_audio_processors.dia -c /Users/martin/Documents/SideChain/SideChain/JuceLibraryCode/include_juce_audio_processors.mm -o /Users/martin/Documents/SideChain/SideChain/Builds/MacOSX/build/release-assets/SideChainer-0.4.1-macOS-PRODUCTION-CANDIDATE-20261005/DerivedData/Build/Intermediates.noindex/SideChain.build/Release/SideChain\ -\ Shared\ Code.build/Objects-normal/x86_64/include_juce_audio_processors.o
In file included from /Users/martin/Documents/SideChain/SideChain/JuceLibraryCode/include_juce_audio_processors.mm:9:
In file included from /Users/martin/Documents/HISE/JUCE/modules/juce_audio_processors/juce_audio_processors.mm:26:
In file included from /Users/martin/Documents/HISE/JUCE/modules/juce_audio_processors/juce_audio_processors.cpp:211:
/Users/martin/Documents/HISE/JUCE/modules/juce_audio_processors/utilities/juce_AudioProcessorValueTreeState.cpp:268:49: warning: unqualified call to 'std::move' [-Wunqualified-std-cast-call]
  268 |             state->processor.addParameterGroup (move (group));
      |                                                 ^
      |                                                 std::
1 warning generated.

CompileC /Users/martin/Documents/SideChain/SideChain/Builds/MacOSX/build/release-assets/SideChainer-0.4.1-macOS-PRODUCTION-CANDIDATE-20261005/DerivedData/Build/Intermediates.noindex/SideChain.build/Release/SideChain\ -\ Shared\ Code.build/Objects-normal/x86_64/include_juce_audio_utils.o /Users/martin/Documents/SideChain/SideChain/JuceLibraryCode/include_juce_audio_utils.mm normal x86_64 objective-c++ com.apple.compilers.llvm.clang.1_0.compiler (in target 'SideChain - Shared Code' from project 'SideChain')
    cd /Users/martin/Documents/SideChain/SideChain/Builds/MacOSX
    
    Using response file: /Users/martin/Documents/SideChain/SideChain/Builds/MacOSX/build/release-assets/SideChainer-0.4.1-macOS-PRODUCTION-CANDIDATE-20261005/DerivedData/Build/Intermediates.noindex/SideChain.build/Release/SideChain - Shared Code.build/Objects-normal/x86_64/af3fcb34312c57c0f52879cdce924b91-common-args.resp
    
    /Applications/Xcode.app/Contents/Developer/Toolchains/XcodeDefault.xctoolchain/usr/bin/clang -x objective-c++ -ivfsstatcache /Users/martin/Documents/SideChain/SideChain/Builds/MacOSX/build/release-assets/SideChainer-0.4.1-macOS-PRODUCTION-CANDIDATE-20261005/DerivedData/SDKStatCaches.noindex/macosx26.2-25C58-00fa09913b459cbbc988d1f6730289ae.sdkstatcache -fmessage-length\=0 -fdiagnostics-show-note-include-stack -fmacro-backtrace-limit\=0 -fno-color-diagnostics -Wno-trigraphs -Wno-missing-field-initializers -Wno-missing-prototypes -Wunreachable-code -Wno-implicit-atomic-properties -Wno-objc-interface-ivars -Wno-arc-repeated-use-of-weak -Wimplicit-retain-self -Wnon-virtual-dtor -Wno-overloaded-virtual -Wno-exit-time-destructors -Wduplicate-method-match -Wno-missing-braces -Wparentheses -Wswitch -Wunused-function -Wno-unused-label -Wno-unused-parameter -Wunused-variable -Wunused-value -Wempty-body -Wuninitialized -Wno-unknown-pragmas -Wno-shadow -Wno-four-char-constants -Wno-conversion -Wconstant-conversion -Wint-conversion -Wbool-conversion -Wenum-conversion -Wno-float-conversion -Wnon-literal-null-conversion -Wobjc-literal-conversion -Wshorten-64-to-32 -Wno-newline-eof -Wno-selector -Wno-strict-selector-match -Wundeclared-selector -Wdeprecated-implementations -Wno-c++11-extensions -Wno-implicit-fallthrough -fstrict-aliasing -Wprotocol -Wdeprecated-declarations -Winvalid-offsetof -Wno-sign-conversion -Winfinite-recursion -Wmove -Wcomma -Wblock-capture-autoreleasing -Wstrict-prototypes -Wrange-loop-analysis -Wno-semicolon-before-method-body -Wreorder -Wno-reorder -Wno-inconsistent-missing-override @/Users/martin/Documents/SideChain/SideChain/Builds/MacOSX/build/release-assets/SideChainer-0.4.1-macOS-PRODUCTION-CANDIDATE-20261005/DerivedData/Build/Intermediates.noindex/SideChain.build/Release/SideChain\ -\ Shared\ Code.build/Objects-normal/x86_64/af3fcb34312c57c0f52879cdce924b91-common-args.resp -MMD -MT dependencies -MF /Users/martin/Documents/SideChain/SideChain/Builds/MacOSX/build/release-assets/SideChainer-0.4.1-macOS-PRODUCTION-CANDIDATE-20261005/DerivedData/Build/Intermediates.noindex/SideChain.build/Release/SideChain\ -\ Shared\ Code.build/Objects-normal/x86_64/include_juce_audio_utils.d --serialize-diagnostics /Users/martin/Documents/SideChain/SideChain/Builds/MacOSX/build/release-assets/SideChainer-0.4.1-macOS-PRODUCTION-CANDIDATE-20261005/DerivedData/Build/Intermediates.noindex/SideChain.build/Release/SideChain\ -\ Shared\ Code.build/Objects-normal/x86_64/include_juce_audio_utils.dia -c /Users/martin/Documents/SideChain/SideChain/JuceLibraryCode/include_juce_audio_utils.mm -o /Users/martin/Documents/SideChain/SideChain/Builds/MacOSX/build/release-assets/SideChainer-0.4.1-macOS-PRODUCTION-CANDIDATE-20261005/DerivedData/Build/Intermediates.noindex/SideChain.build/Release/SideChain\ -\ Shared\ Code.build/Objects-normal/x86_64/include_juce_audio_utils.o

CompileC /Users/martin/Documents/SideChain/SideChain/Builds/MacOSX/build/release-assets/SideChainer-0.4.1-macOS-PRODUCTION-CANDIDATE-20261005/DerivedData/Build/Intermediates.noindex/SideChain.build/Release/SideChain\ -\ Shared\ Code.build/Objects-normal/x86_64/include_juce_audio_devices.o /Users/martin/Documents/SideChain/SideChain/JuceLibraryCode/include_juce_audio_devices.mm normal x86_64 objective-c++ com.apple.compilers.llvm.clang.1_0.compiler (in target 'SideChain - Shared Code' from project 'SideChain')
    cd /Users/martin/Documents/SideChain/SideChain/Builds/MacOSX
    
    Using response file: /Users/martin/Documents/SideChain/SideChain/Builds/MacOSX/build/release-assets/SideChainer-0.4.1-macOS-PRODUCTION-CANDIDATE-20261005/DerivedData/Build/Intermediates.noindex/SideChain.build/Release/SideChain - Shared Code.build/Objects-normal/x86_64/af3fcb34312c57c0f52879cdce924b91-common-args.resp
    
    /Applications/Xcode.app/Contents/Developer/Toolchains/XcodeDefault.xctoolchain/usr/bin/clang -x objective-c++ -ivfsstatcache /Users/martin/Documents/SideChain/SideChain/Builds/MacOSX/build/release-assets/SideChainer-0.4.1-macOS-PRODUCTION-CANDIDATE-20261005/DerivedData/SDKStatCaches.noindex/macosx26.2-25C58-00fa09913b459cbbc988d1f6730289ae.sdkstatcache -fmessage-length\=0 -fdiagnostics-show-note-include-stack -fmacro-backtrace-limit\=0 -fno-color-diagnostics -Wno-trigraphs -Wno-missing-field-initializers -Wno-missing-prototypes -Wunreachable-code -Wno-implicit-atomic-properties -Wno-objc-interface-ivars -Wno-arc-repeated-use-of-weak -Wimplicit-retain-self -Wnon-virtual-dtor -Wno-overloaded-virtual -Wno-exit-time-destructors -Wduplicate-method-match -Wno-missing-braces -Wparentheses -Wswitch -Wunused-function -Wno-unused-label -Wno-unused-parameter -Wunused-variable -Wunused-value -Wempty-body -Wuninitialized -Wno-unknown-pragmas -Wno-shadow -Wno-four-char-constants -Wno-conversion -Wconstant-conversion -Wint-conversion -Wbool-conversion -Wenum-conversion -Wno-float-conversion -Wnon-literal-null-conversion -Wobjc-literal-conversion -Wshorten-64-to-32 -Wno-newline-eof -Wno-selector -Wno-strict-selector-match -Wundeclared-selector -Wdeprecated-implementations -Wno-c++11-extensions -Wno-implicit-fallthrough -fstrict-aliasing -Wprotocol -Wdeprecated-declarations -Winvalid-offsetof -Wno-sign-conversion -Winfinite-recursion -Wmove -Wcomma -Wblock-capture-autoreleasing -Wstrict-prototypes -Wrange-loop-analysis -Wno-semicolon-before-method-body -Wreorder -Wno-reorder -Wno-inconsistent-missing-override @/Users/martin/Documents/SideChain/SideChain/Builds/MacOSX/build/release-assets/SideChainer-0.4.1-macOS-PRODUCTION-CANDIDATE-20261005/DerivedData/Build/Intermediates.noindex/SideChain.build/Release/SideChain\ -\ Shared\ Code.build/Objects-normal/x86_64/af3fcb34312c57c0f52879cdce924b91-common-args.resp -MMD -MT dependencies -MF /Users/martin/Documents/SideChain/SideChain/Builds/MacOSX/build/release-assets/SideChainer-0.4.1-macOS-PRODUCTION-CANDIDATE-20261005/DerivedData/Build/Intermediates.noindex/SideChain.build/Release/SideChain\ -\ Shared\ Code.build/Objects-normal/x86_64/include_juce_audio_devices.d --serialize-diagnostics /Users/martin/Documents/SideChain/SideChain/Builds/MacOSX/build/release-assets/SideChainer-0.4.1-macOS-PRODUCTION-CANDIDATE-20261005/DerivedData/Build/Intermediates.noindex/SideChain.build/Release/SideChain\ -\ Shared\ Code.build/Objects-normal/x86_64/include_juce_audio_devices.dia -c /Users/martin/Documents/SideChain/SideChain/JuceLibraryCode/include_juce_audio_devices.mm -o /Users/martin/Documents/SideChain/SideChain/Builds/MacOSX/build/release-assets/SideChainer-0.4.1-macOS-PRODUCTION-CANDIDATE-20261005/DerivedData/Build/Intermediates.noindex/SideChain.build/Release/SideChain\ -\ Shared\ Code.build/Objects-normal/x86_64/include_juce_audio_devices.o

CompileC /Users/martin/Documents/SideChain/SideChain/Builds/MacOSX/build/release-assets/SideChainer-0.4.1-macOS-PRODUCTION-CANDIDATE-20261005/DerivedData/Build/Intermediates.noindex/SideChain.build/Release/SideChain\ -\ Shared\ Code.build/Objects-normal/x86_64/include_juce_audio_basics.o /Users/martin/Documents/SideChain/SideChain/JuceLibraryCode/include_juce_audio_basics.mm normal x86_64 objective-c++ com.apple.compilers.llvm.clang.1_0.compiler (in target 'SideChain - Shared Code' from project 'SideChain')
    cd /Users/martin/Documents/SideChain/SideChain/Builds/MacOSX
    
    Using response file: /Users/martin/Documents/SideChain/SideChain/Builds/MacOSX/build/release-assets/SideChainer-0.4.1-macOS-PRODUCTION-CANDIDATE-20261005/DerivedData/Build/Intermediates.noindex/SideChain.build/Release/SideChain - Shared Code.build/Objects-normal/x86_64/af3fcb34312c57c0f52879cdce924b91-common-args.resp
    
    /Applications/Xcode.app/Contents/Developer/Toolchains/XcodeDefault.xctoolchain/usr/bin/clang -x objective-c++ -ivfsstatcache /Users/martin/Documents/SideChain/SideChain/Builds/MacOSX/build/release-assets/SideChainer-0.4.1-macOS-PRODUCTION-CANDIDATE-20261005/DerivedData/SDKStatCaches.noindex/macosx26.2-25C58-00fa09913b459cbbc988d1f6730289ae.sdkstatcache -fmessage-length\=0 -fdiagnostics-show-note-include-stack -fmacro-backtrace-limit\=0 -fno-color-diagnostics -Wno-trigraphs -Wno-missing-field-initializers -Wno-missing-prototypes -Wunreachable-code -Wno-implicit-atomic-properties -Wno-objc-interface-ivars -Wno-arc-repeated-use-of-weak -Wimplicit-retain-self -Wnon-virtual-dtor -Wno-overloaded-virtual -Wno-exit-time-destructors -Wduplicate-method-match -Wno-missing-braces -Wparentheses -Wswitch -Wunused-function -Wno-unused-label -Wno-unused-parameter -Wunused-variable -Wunused-value -Wempty-body -Wuninitialized -Wno-unknown-pragmas -Wno-shadow -Wno-four-char-constants -Wno-conversion -Wconstant-conversion -Wint-conversion -Wbool-conversion -Wenum-conversion -Wno-float-conversion -Wnon-literal-null-conversion -Wobjc-literal-conversion -Wshorten-64-to-32 -Wno-newline-eof -Wno-selector -Wno-strict-selector-match -Wundeclared-selector -Wdeprecated-implementations -Wno-c++11-extensions -Wno-implicit-fallthrough -fstrict-aliasing -Wprotocol -Wdeprecated-declarations -Winvalid-offsetof -Wno-sign-conversion -Winfinite-recursion -Wmove -Wcomma -Wblock-capture-autoreleasing -Wstrict-prototypes -Wrange-loop-analysis -Wno-semicolon-before-method-body -Wreorder -Wno-reorder -Wno-inconsistent-missing-override @/Users/martin/Documents/SideChain/SideChain/Builds/MacOSX/build/release-assets/SideChainer-0.4.1-macOS-PRODUCTION-CANDIDATE-20261005/DerivedData/Build/Intermediates.noindex/SideChain.build/Release/SideChain\ -\ Shared\ Code.build/Objects-normal/x86_64/af3fcb34312c57c0f52879cdce924b91-common-args.resp -MMD -MT dependencies -MF /Users/martin/Documents/SideChain/SideChain/Builds/MacOSX/build/release-assets/SideChainer-0.4.1-macOS-PRODUCTION-CANDIDATE-20261005/DerivedData/Build/Intermediates.noindex/SideChain.build/Release/SideChain\ -\ Shared\ Code.build/Objects-normal/x86_64/include_juce_audio_basics.d --serialize-diagnostics /Users/martin/Documents/SideChain/SideChain/Builds/MacOSX/build/release-assets/SideChainer-0.4.1-macOS-PRODUCTION-CANDIDATE-20261005/DerivedData/Build/Intermediates.noindex/SideChain.build/Release/SideChain\ -\ Shared\ Code.build/Objects-normal/x86_64/include_juce_audio_basics.dia -c /Users/martin/Documents/SideChain/SideChain/JuceLibraryCode/include_juce_audio_basics.mm -o /Users/martin/Documents/SideChain/SideChain/Builds/MacOSX/build/release-assets/SideChainer-0.4.1-macOS-PRODUCTION-CANDIDATE-20261005/DerivedData/Build/Intermediates.noindex/SideChain.build/Release/SideChain\ -\ Shared\ Code.build/Objects-normal/x86_64/include_juce_audio_basics.o

CompileC /Users/martin/Documents/SideChain/SideChain/Builds/MacOSX/build/release-assets/SideChainer-0.4.1-macOS-PRODUCTION-CANDIDATE-20261005/DerivedData/Build/Intermediates.noindex/SideChain.build/Release/SideChain\ -\ Shared\ Code.build/Objects-normal/x86_64/PluginProcessor.o /Users/martin/Documents/SideChain/SideChain/Source/PluginProcessor.cpp normal x86_64 c++ com.apple.compilers.llvm.clang.1_0.compiler (in target 'SideChain - Shared Code' from project 'SideChain')
    cd /Users/martin/Documents/SideChain/SideChain/Builds/MacOSX
    
    Using response file: /Users/martin/Documents/SideChain/SideChain/Builds/MacOSX/build/release-assets/SideChainer-0.4.1-macOS-PRODUCTION-CANDIDATE-20261005/DerivedData/Build/Intermediates.noindex/SideChain.build/Release/SideChain - Shared Code.build/Objects-normal/x86_64/82b82416624d2658e5098eb0a28c15c5-common-args.resp
    
    /Applications/Xcode.app/Contents/Developer/Toolchains/XcodeDefault.xctoolchain/usr/bin/clang -x c++ -ivfsstatcache /Users/martin/Documents/SideChain/SideChain/Builds/MacOSX/build/release-assets/SideChainer-0.4.1-macOS-PRODUCTION-CANDIDATE-20261005/DerivedData/SDKStatCaches.noindex/macosx26.2-25C58-00fa09913b459cbbc988d1f6730289ae.sdkstatcache -fmessage-length\=0 -fdiagnostics-show-note-include-stack -fmacro-backtrace-limit\=0 -fno-color-diagnostics -Wno-trigraphs -Wno-missing-field-initializers -Wno-missing-prototypes -Wunreachable-code -Wnon-virtual-dtor -Wno-overloaded-virtual -Wno-exit-time-destructors -Wno-missing-braces -Wparentheses -Wswitch -Wunused-function -Wno-unused-label -Wno-unused-parameter -Wunused-variable -Wunused-value -Wempty-body -Wuninitialized -Wno-unknown-pragmas -Wno-shadow -Wno-four-char-constants -Wno-conversion -Wconstant-conversion -Wint-conversion -Wbool-conversion -Wenum-conversion -Wno-float-conversion -Wnon-literal-null-conversion -Wobjc-literal-conversion -Wshorten-64-to-32 -Wno-newline-eof -Wno-c++11-extensions -Wno-implicit-fallthrough -fstrict-aliasing -Wdeprecated-declarations -Winvalid-offsetof -Wno-sign-conversion -Winfinite-recursion -Wmove -Wcomma -Wblock-capture-autoreleasing -Wstrict-prototypes -Wrange-loop-analysis -Wno-semicolon-before-method-body -Wreorder -Wno-reorder -Wno-inconsistent-missing-override @/Users/martin/Documents/SideChain/SideChain/Builds/MacOSX/build/release-assets/SideChainer-0.4.1-macOS-PRODUCTION-CANDIDATE-20261005/DerivedData/Build/Intermediates.noindex/SideChain.build/Release/SideChain\ -\ Shared\ Code.build/Objects-normal/x86_64/82b82416624d2658e5098eb0a28c15c5-common-args.resp -MMD -MT dependencies -MF /Users/martin/Documents/SideChain/SideChain/Builds/MacOSX/build/release-assets/SideChainer-0.4.1-macOS-PRODUCTION-CANDIDATE-20261005/DerivedData/Build/Intermediates.noindex/SideChain.build/Release/SideChain\ -\ Shared\ Code.build/Objects-normal/x86_64/PluginProcessor.d --serialize-diagnostics /Users/martin/Documents/SideChain/SideChain/Builds/MacOSX/build/release-assets/SideChainer-0.4.1-macOS-PRODUCTION-CANDIDATE-20261005/DerivedData/Build/Intermediates.noindex/SideChain.build/Release/SideChain\ -\ Shared\ Code.build/Objects-normal/x86_64/PluginProcessor.dia -c /Users/martin/Documents/SideChain/SideChain/Source/PluginProcessor.cpp -o /Users/martin/Documents/SideChain/SideChain/Builds/MacOSX/build/release-assets/SideChainer-0.4.1-macOS-PRODUCTION-CANDIDATE-20261005/DerivedData/Build/Intermediates.noindex/SideChain.build/Release/SideChain\ -\ Shared\ Code.build/Objects-normal/x86_64/PluginProcessor.o

CompileC /Users/martin/Documents/SideChain/SideChain/Builds/MacOSX/build/release-assets/SideChainer-0.4.1-macOS-PRODUCTION-CANDIDATE-20261005/DerivedData/Build/Intermediates.noindex/SideChain.build/Release/SideChain\ -\ Shared\ Code.build/Objects-normal/x86_64/PluginEditor.o /Users/martin/Documents/SideChain/SideChain/Source/PluginEditor.cpp normal x86_64 c++ com.apple.compilers.llvm.clang.1_0.compiler (in target 'SideChain - Shared Code' from project 'SideChain')
    cd /Users/martin/Documents/SideChain/SideChain/Builds/MacOSX
    
    Using response file: /Users/martin/Documents/SideChain/SideChain/Builds/MacOSX/build/release-assets/SideChainer-0.4.1-macOS-PRODUCTION-CANDIDATE-20261005/DerivedData/Build/Intermediates.noindex/SideChain.build/Release/SideChain - Shared Code.build/Objects-normal/x86_64/82b82416624d2658e5098eb0a28c15c5-common-args.resp
    
    /Applications/Xcode.app/Contents/Developer/Toolchains/XcodeDefault.xctoolchain/usr/bin/clang -x c++ -ivfsstatcache /Users/martin/Documents/SideChain/SideChain/Builds/MacOSX/build/release-assets/SideChainer-0.4.1-macOS-PRODUCTION-CANDIDATE-20261005/DerivedData/SDKStatCaches.noindex/macosx26.2-25C58-00fa09913b459cbbc988d1f6730289ae.sdkstatcache -fmessage-length\=0 -fdiagnostics-show-note-include-stack -fmacro-backtrace-limit\=0 -fno-color-diagnostics -Wno-trigraphs -Wno-missing-field-initializers -Wno-missing-prototypes -Wunreachable-code -Wnon-virtual-dtor -Wno-overloaded-virtual -Wno-exit-time-destructors -Wno-missing-braces -Wparentheses -Wswitch -Wunused-function -Wno-unused-label -Wno-unused-parameter -Wunused-variable -Wunused-value -Wempty-body -Wuninitialized -Wno-unknown-pragmas -Wno-shadow -Wno-four-char-constants -Wno-conversion -Wconstant-conversion -Wint-conversion -Wbool-conversion -Wenum-conversion -Wno-float-conversion -Wnon-literal-null-conversion -Wobjc-literal-conversion -Wshorten-64-to-32 -Wno-newline-eof -Wno-c++11-extensions -Wno-implicit-fallthrough -fstrict-aliasing -Wdeprecated-declarations -Winvalid-offsetof -Wno-sign-conversion -Winfinite-recursion -Wmove -Wcomma -Wblock-capture-autoreleasing -Wstrict-prototypes -Wrange-loop-analysis -Wno-semicolon-before-method-body -Wreorder -Wno-reorder -Wno-inconsistent-missing-override @/Users/martin/Documents/SideChain/SideChain/Builds/MacOSX/build/release-assets/SideChainer-0.4.1-macOS-PRODUCTION-CANDIDATE-20261005/DerivedData/Build/Intermediates.noindex/SideChain.build/Release/SideChain\ -\ Shared\ Code.build/Objects-normal/x86_64/82b82416624d2658e5098eb0a28c15c5-common-args.resp -MMD -MT dependencies -MF /Users/martin/Documents/SideChain/SideChain/Builds/MacOSX/build/release-assets/SideChainer-0.4.1-macOS-PRODUCTION-CANDIDATE-20261005/DerivedData/Build/Intermediates.noindex/SideChain.build/Release/SideChain\ -\ Shared\ Code.build/Objects-normal/x86_64/PluginEditor.d --serialize-diagnostics /Users/martin/Documents/SideChain/SideChain/Builds/MacOSX/build/release-assets/SideChainer-0.4.1-macOS-PRODUCTION-CANDIDATE-20261005/DerivedData/Build/Intermediates.noindex/SideChain.build/Release/SideChain\ -\ Shared\ Code.build/Objects-normal/x86_64/PluginEditor.dia -c /Users/martin/Documents/SideChain/SideChain/Source/PluginEditor.cpp -o /Users/martin/Documents/SideChain/SideChain/Builds/MacOSX/build/release-assets/SideChainer-0.4.1-macOS-PRODUCTION-CANDIDATE-20261005/DerivedData/Build/Intermediates.noindex/SideChain.build/Release/SideChain\ -\ Shared\ Code.build/Objects-normal/x86_64/PluginEditor.o

CompileC /Users/martin/Documents/SideChain/SideChain/Builds/MacOSX/build/release-assets/SideChainer-0.4.1-macOS-PRODUCTION-CANDIDATE-20261005/DerivedData/Build/Intermediates.noindex/SideChain.build/Release/SideChain\ -\ Shared\ Code.build/Objects-normal/x86_64/MusicProdAuth.o /Users/martin/Documents/SideChain/SideChain/Source/MusicProdAuth.cpp normal x86_64 c++ com.apple.compilers.llvm.clang.1_0.compiler (in target 'SideChain - Shared Code' from project 'SideChain')
    cd /Users/martin/Documents/SideChain/SideChain/Builds/MacOSX
    
    Using response file: /Users/martin/Documents/SideChain/SideChain/Builds/MacOSX/build/release-assets/SideChainer-0.4.1-macOS-PRODUCTION-CANDIDATE-20261005/DerivedData/Build/Intermediates.noindex/SideChain.build/Release/SideChain - Shared Code.build/Objects-normal/x86_64/82b82416624d2658e5098eb0a28c15c5-common-args.resp
    
    /Applications/Xcode.app/Contents/Developer/Toolchains/XcodeDefault.xctoolchain/usr/bin/clang -x c++ -ivfsstatcache /Users/martin/Documents/SideChain/SideChain/Builds/MacOSX/build/release-assets/SideChainer-0.4.1-macOS-PRODUCTION-CANDIDATE-20261005/DerivedData/SDKStatCaches.noindex/macosx26.2-25C58-00fa09913b459cbbc988d1f6730289ae.sdkstatcache -fmessage-length\=0 -fdiagnostics-show-note-include-stack -fmacro-backtrace-limit\=0 -fno-color-diagnostics -Wno-trigraphs -Wno-missing-field-initializers -Wno-missing-prototypes -Wunreachable-code -Wnon-virtual-dtor -Wno-overloaded-virtual -Wno-exit-time-destructors -Wno-missing-braces -Wparentheses -Wswitch -Wunused-function -Wno-unused-label -Wno-unused-parameter -Wunused-variable -Wunused-value -Wempty-body -Wuninitialized -Wno-unknown-pragmas -Wno-shadow -Wno-four-char-constants -Wno-conversion -Wconstant-conversion -Wint-conversion -Wbool-conversion -Wenum-conversion -Wno-float-conversion -Wnon-literal-null-conversion -Wobjc-literal-conversion -Wshorten-64-to-32 -Wno-newline-eof -Wno-c++11-extensions -Wno-implicit-fallthrough -fstrict-aliasing -Wdeprecated-declarations -Winvalid-offsetof -Wno-sign-conversion -Winfinite-recursion -Wmove -Wcomma -Wblock-capture-autoreleasing -Wstrict-prototypes -Wrange-loop-analysis -Wno-semicolon-before-method-body -Wreorder -Wno-reorder -Wno-inconsistent-missing-override @/Users/martin/Documents/SideChain/SideChain/Builds/MacOSX/build/release-assets/SideChainer-0.4.1-macOS-PRODUCTION-CANDIDATE-20261005/DerivedData/Build/Intermediates.noindex/SideChain.build/Release/SideChain\ -\ Shared\ Code.build/Objects-normal/x86_64/82b82416624d2658e5098eb0a28c15c5-common-args.resp -MMD -MT dependencies -MF /Users/martin/Documents/SideChain/SideChain/Builds/MacOSX/build/release-assets/SideChainer-0.4.1-macOS-PRODUCTION-CANDIDATE-20261005/DerivedData/Build/Intermediates.noindex/SideChain.build/Release/SideChain\ -\ Shared\ Code.build/Objects-normal/x86_64/MusicProdAuth.d --serialize-diagnostics /Users/martin/Documents/SideChain/SideChain/Builds/MacOSX/build/release-assets/SideChainer-0.4.1-macOS-PRODUCTION-CANDIDATE-20261005/DerivedData/Build/Intermediates.noindex/SideChain.build/Release/SideChain\ -\ Shared\ Code.build/Objects-normal/x86_64/MusicProdAuth.dia -c /Users/martin/Documents/SideChain/SideChain/Source/MusicProdAuth.cpp -o /Users/martin/Documents/SideChain/SideChain/Builds/MacOSX/build/release-assets/SideChainer-0.4.1-macOS-PRODUCTION-CANDIDATE-20261005/DerivedData/Build/Intermediates.noindex/SideChain.build/Release/SideChain\ -\ Shared\ Code.build/Objects-normal/x86_64/MusicProdAuth.o

CompileC /Users/martin/Documents/SideChain/SideChain/Builds/MacOSX/build/release-assets/SideChainer-0.4.1-macOS-PRODUCTION-CANDIDATE-20261005/DerivedData/Build/Intermediates.noindex/SideChain.build/Release/SideChain\ -\ Shared\ Code.build/Objects-normal/x86_64/InfoPage.o /Users/martin/Documents/SideChain/SideChain/Source/InfoPage.cpp normal x86_64 c++ com.apple.compilers.llvm.clang.1_0.compiler (in target 'SideChain - Shared Code' from project 'SideChain')
    cd /Users/martin/Documents/SideChain/SideChain/Builds/MacOSX
    
    Using response file: /Users/martin/Documents/SideChain/SideChain/Builds/MacOSX/build/release-assets/SideChainer-0.4.1-macOS-PRODUCTION-CANDIDATE-20261005/DerivedData/Build/Intermediates.noindex/SideChain.build/Release/SideChain - Shared Code.build/Objects-normal/x86_64/82b82416624d2658e5098eb0a28c15c5-common-args.resp
    
    /Applications/Xcode.app/Contents/Developer/Toolchains/XcodeDefault.xctoolchain/usr/bin/clang -x c++ -ivfsstatcache /Users/martin/Documents/SideChain/SideChain/Builds/MacOSX/build/release-assets/SideChainer-0.4.1-macOS-PRODUCTION-CANDIDATE-20261005/DerivedData/SDKStatCaches.noindex/macosx26.2-25C58-00fa09913b459cbbc988d1f6730289ae.sdkstatcache -fmessage-length\=0 -fdiagnostics-show-note-include-stack -fmacro-backtrace-limit\=0 -fno-color-diagnostics -Wno-trigraphs -Wno-missing-field-initializers -Wno-missing-prototypes -Wunreachable-code -Wnon-virtual-dtor -Wno-overloaded-virtual -Wno-exit-time-destructors -Wno-missing-braces -Wparentheses -Wswitch -Wunused-function -Wno-unused-label -Wno-unused-parameter -Wunused-variable -Wunused-value -Wempty-body -Wuninitialized -Wno-unknown-pragmas -Wno-shadow -Wno-four-char-constants -Wno-conversion -Wconstant-conversion -Wint-conversion -Wbool-conversion -Wenum-conversion -Wno-float-conversion -Wnon-literal-null-conversion -Wobjc-literal-conversion -Wshorten-64-to-32 -Wno-newline-eof -Wno-c++11-extensions -Wno-implicit-fallthrough -fstrict-aliasing -Wdeprecated-declarations -Winvalid-offsetof -Wno-sign-conversion -Winfinite-recursion -Wmove -Wcomma -Wblock-capture-autoreleasing -Wstrict-prototypes -Wrange-loop-analysis -Wno-semicolon-before-method-body -Wreorder -Wno-reorder -Wno-inconsistent-missing-override @/Users/martin/Documents/SideChain/SideChain/Builds/MacOSX/build/release-assets/SideChainer-0.4.1-macOS-PRODUCTION-CANDIDATE-20261005/DerivedData/Build/Intermediates.noindex/SideChain.build/Release/SideChain\ -\ Shared\ Code.build/Objects-normal/x86_64/82b82416624d2658e5098eb0a28c15c5-common-args.resp -MMD -MT dependencies -MF /Users/martin/Documents/SideChain/SideChain/Builds/MacOSX/build/release-assets/SideChainer-0.4.1-macOS-PRODUCTION-CANDIDATE-20261005/DerivedData/Build/Intermediates.noindex/SideChain.build/Release/SideChain\ -\ Shared\ Code.build/Objects-normal/x86_64/InfoPage.d --serialize-diagnostics /Users/martin/Documents/SideChain/SideChain/Builds/MacOSX/build/release-assets/SideChainer-0.4.1-macOS-PRODUCTION-CANDIDATE-20261005/DerivedData/Build/Intermediates.noindex/SideChain.build/Release/SideChain\ -\ Shared\ Code.build/Objects-normal/x86_64/InfoPage.dia -c /Users/martin/Documents/SideChain/SideChain/Source/InfoPage.cpp -o /Users/martin/Documents/SideChain/SideChain/Builds/MacOSX/build/release-assets/SideChainer-0.4.1-macOS-PRODUCTION-CANDIDATE-20261005/DerivedData/Build/Intermediates.noindex/SideChain.build/Release/SideChain\ -\ Shared\ Code.build/Objects-normal/x86_64/InfoPage.o

CompileC /Users/martin/Documents/SideChain/SideChain/Builds/MacOSX/build/release-assets/SideChainer-0.4.1-macOS-PRODUCTION-CANDIDATE-20261005/DerivedData/Build/Intermediates.noindex/SideChain.build/Release/SideChain\ -\ Shared\ Code.build/Objects-normal/x86_64/GraphComponent.o /Users/martin/Documents/SideChain/SideChain/Source/GraphComponent.cpp normal x86_64 c++ com.apple.compilers.llvm.clang.1_0.compiler (in target 'SideChain - Shared Code' from project 'SideChain')
    cd /Users/martin/Documents/SideChain/SideChain/Builds/MacOSX
    
    Using response file: /Users/martin/Documents/SideChain/SideChain/Builds/MacOSX/build/release-assets/SideChainer-0.4.1-macOS-PRODUCTION-CANDIDATE-20261005/DerivedData/Build/Intermediates.noindex/SideChain.build/Release/SideChain - Shared Code.build/Objects-normal/x86_64/82b82416624d2658e5098eb0a28c15c5-common-args.resp
    
    /Applications/Xcode.app/Contents/Developer/Toolchains/XcodeDefault.xctoolchain/usr/bin/clang -x c++ -ivfsstatcache /Users/martin/Documents/SideChain/SideChain/Builds/MacOSX/build/release-assets/SideChainer-0.4.1-macOS-PRODUCTION-CANDIDATE-20261005/DerivedData/SDKStatCaches.noindex/macosx26.2-25C58-00fa09913b459cbbc988d1f6730289ae.sdkstatcache -fmessage-length\=0 -fdiagnostics-show-note-include-stack -fmacro-backtrace-limit\=0 -fno-color-diagnostics -Wno-trigraphs -Wno-missing-field-initializers -Wno-missing-prototypes -Wunreachable-code -Wnon-virtual-dtor -Wno-overloaded-virtual -Wno-exit-time-destructors -Wno-missing-braces -Wparentheses -Wswitch -Wunused-function -Wno-unused-label -Wno-unused-parameter -Wunused-variable -Wunused-value -Wempty-body -Wuninitialized -Wno-unknown-pragmas -Wno-shadow -Wno-four-char-constants -Wno-conversion -Wconstant-conversion -Wint-conversion -Wbool-conversion -Wenum-conversion -Wno-float-conversion -Wnon-literal-null-conversion -Wobjc-literal-conversion -Wshorten-64-to-32 -Wno-newline-eof -Wno-c++11-extensions -Wno-implicit-fallthrough -fstrict-aliasing -Wdeprecated-declarations -Winvalid-offsetof -Wno-sign-conversion -Winfinite-recursion -Wmove -Wcomma -Wblock-capture-autoreleasing -Wstrict-prototypes -Wrange-loop-analysis -Wno-semicolon-before-method-body -Wreorder -Wno-reorder -Wno-inconsistent-missing-override @/Users/martin/Documents/SideChain/SideChain/Builds/MacOSX/build/release-assets/SideChainer-0.4.1-macOS-PRODUCTION-CANDIDATE-20261005/DerivedData/Build/Intermediates.noindex/SideChain.build/Release/SideChain\ -\ Shared\ Code.build/Objects-normal/x86_64/82b82416624d2658e5098eb0a28c15c5-common-args.resp -MMD -MT dependencies -MF /Users/martin/Documents/SideChain/SideChain/Builds/MacOSX/build/release-assets/SideChainer-0.4.1-macOS-PRODUCTION-CANDIDATE-20261005/DerivedData/Build/Intermediates.noindex/SideChain.build/Release/SideChain\ -\ Shared\ Code.build/Objects-normal/x86_64/GraphComponent.d --serialize-diagnostics /Users/martin/Documents/SideChain/SideChain/Builds/MacOSX/build/release-assets/SideChainer-0.4.1-macOS-PRODUCTION-CANDIDATE-20261005/DerivedData/Build/Intermediates.noindex/SideChain.build/Release/SideChain\ -\ Shared\ Code.build/Objects-normal/x86_64/GraphComponent.dia -c /Users/martin/Documents/SideChain/SideChain/Source/GraphComponent.cpp -o /Users/martin/Documents/SideChain/SideChain/Builds/MacOSX/build/release-assets/SideChainer-0.4.1-macOS-PRODUCTION-CANDIDATE-20261005/DerivedData/Build/Intermediates.noindex/SideChain.build/Release/SideChain\ -\ Shared\ Code.build/Objects-normal/x86_64/GraphComponent.o

CompileC /Users/martin/Documents/SideChain/SideChain/Builds/MacOSX/build/release-assets/SideChainer-0.4.1-macOS-PRODUCTION-CANDIDATE-20261005/DerivedData/Build/Intermediates.noindex/SideChain.build/Release/SideChain\ -\ Shared\ Code.build/Objects-normal/x86_64/BinaryData.o /Users/martin/Documents/SideChain/SideChain/JuceLibraryCode/BinaryData.cpp normal x86_64 c++ com.apple.compilers.llvm.clang.1_0.compiler (in target 'SideChain - Shared Code' from project 'SideChain')
    cd /Users/martin/Documents/SideChain/SideChain/Builds/MacOSX
    
    Using response file: /Users/martin/Documents/SideChain/SideChain/Builds/MacOSX/build/release-assets/SideChainer-0.4.1-macOS-PRODUCTION-CANDIDATE-20261005/DerivedData/Build/Intermediates.noindex/SideChain.build/Release/SideChain - Shared Code.build/Objects-normal/x86_64/82b82416624d2658e5098eb0a28c15c5-common-args.resp
    
    /Applications/Xcode.app/Contents/Developer/Toolchains/XcodeDefault.xctoolchain/usr/bin/clang -x c++ -ivfsstatcache /Users/martin/Documents/SideChain/SideChain/Builds/MacOSX/build/release-assets/SideChainer-0.4.1-macOS-PRODUCTION-CANDIDATE-20261005/DerivedData/SDKStatCaches.noindex/macosx26.2-25C58-00fa09913b459cbbc988d1f6730289ae.sdkstatcache -fmessage-length\=0 -fdiagnostics-show-note-include-stack -fmacro-backtrace-limit\=0 -fno-color-diagnostics -Wno-trigraphs -Wno-missing-field-initializers -Wno-missing-prototypes -Wunreachable-code -Wnon-virtual-dtor -Wno-overloaded-virtual -Wno-exit-time-destructors -Wno-missing-braces -Wparentheses -Wswitch -Wunused-function -Wno-unused-label -Wno-unused-parameter -Wunused-variable -Wunused-value -Wempty-body -Wuninitialized -Wno-unknown-pragmas -Wno-shadow -Wno-four-char-constants -Wno-conversion -Wconstant-conversion -Wint-conversion -Wbool-conversion -Wenum-conversion -Wno-float-conversion -Wnon-literal-null-conversion -Wobjc-literal-conversion -Wshorten-64-to-32 -Wno-newline-eof -Wno-c++11-extensions -Wno-implicit-fallthrough -fstrict-aliasing -Wdeprecated-declarations -Winvalid-offsetof -Wno-sign-conversion -Winfinite-recursion -Wmove -Wcomma -Wblock-capture-autoreleasing -Wstrict-prototypes -Wrange-loop-analysis -Wno-semicolon-before-method-body -Wreorder -Wno-reorder -Wno-inconsistent-missing-override @/Users/martin/Documents/SideChain/SideChain/Builds/MacOSX/build/release-assets/SideChainer-0.4.1-macOS-PRODUCTION-CANDIDATE-20261005/DerivedData/Build/Intermediates.noindex/SideChain.build/Release/SideChain\ -\ Shared\ Code.build/Objects-normal/x86_64/82b82416624d2658e5098eb0a28c15c5-common-args.resp -MMD -MT dependencies -MF /Users/martin/Documents/SideChain/SideChain/Builds/MacOSX/build/release-assets/SideChainer-0.4.1-macOS-PRODUCTION-CANDIDATE-20261005/DerivedData/Build/Intermediates.noindex/SideChain.build/Release/SideChain\ -\ Shared\ Code.build/Objects-normal/x86_64/BinaryData.d --serialize-diagnostics /Users/martin/Documents/SideChain/SideChain/Builds/MacOSX/build/release-assets/SideChainer-0.4.1-macOS-PRODUCTION-CANDIDATE-20261005/DerivedData/Build/Intermediates.noindex/SideChain.build/Release/SideChain\ -\ Shared\ Code.build/Objects-normal/x86_64/BinaryData.dia -c /Users/martin/Documents/SideChain/SideChain/JuceLibraryCode/BinaryData.cpp -o /Users/martin/Documents/SideChain/SideChain/Builds/MacOSX/build/release-assets/SideChainer-0.4.1-macOS-PRODUCTION-CANDIDATE-20261005/DerivedData/Build/Intermediates.noindex/SideChain.build/Release/SideChain\ -\ Shared\ Code.build/Objects-normal/x86_64/BinaryData.o

CompileC /Users/martin/Documents/SideChain/SideChain/Builds/MacOSX/build/release-assets/SideChainer-0.4.1-macOS-PRODUCTION-CANDIDATE-20261005/DerivedData/Build/Intermediates.noindex/SideChain.build/Release/SideChain\ -\ Shared\ Code.build/Objects-normal/arm64/include_juce_gui_extra.o /Users/martin/Documents/SideChain/SideChain/JuceLibraryCode/include_juce_gui_extra.mm normal arm64 objective-c++ com.apple.compilers.llvm.clang.1_0.compiler (in target 'SideChain - Shared Code' from project 'SideChain')
    cd /Users/martin/Documents/SideChain/SideChain/Builds/MacOSX
    
    Using response file: /Users/martin/Documents/SideChain/SideChain/Builds/MacOSX/build/release-assets/SideChainer-0.4.1-macOS-PRODUCTION-CANDIDATE-20261005/DerivedData/Build/Intermediates.noindex/SideChain.build/Release/SideChain - Shared Code.build/Objects-normal/arm64/af3fcb34312c57c0f52879cdce924b91-common-args.resp
    
    /Applications/Xcode.app/Contents/Developer/Toolchains/XcodeDefault.xctoolchain/usr/bin/clang -x objective-c++ -ivfsstatcache /Users/martin/Documents/SideChain/SideChain/Builds/MacOSX/build/release-assets/SideChainer-0.4.1-macOS-PRODUCTION-CANDIDATE-20261005/DerivedData/SDKStatCaches.noindex/macosx26.2-25C58-00fa09913b459cbbc988d1f6730289ae.sdkstatcache -fmessage-length\=0 -fdiagnostics-show-note-include-stack -fmacro-backtrace-limit\=0 -fno-color-diagnostics -Wno-trigraphs -Wno-missing-field-initializers -Wno-missing-prototypes -Wunreachable-code -Wno-implicit-atomic-properties -Wno-objc-interface-ivars -Wno-arc-repeated-use-of-weak -Wimplicit-retain-self -Wnon-virtual-dtor -Wno-overloaded-virtual -Wno-exit-time-destructors -Wduplicate-method-match -Wno-missing-braces -Wparentheses -Wswitch -Wunused-function -Wno-unused-label -Wno-unused-parameter -Wunused-variable -Wunused-value -Wempty-body -Wuninitialized -Wno-unknown-pragmas -Wno-shadow -Wno-four-char-constants -Wno-conversion -Wconstant-conversion -Wint-conversion -Wbool-conversion -Wenum-conversion -Wno-float-conversion -Wnon-literal-null-conversion -Wobjc-literal-conversion -Wshorten-64-to-32 -Wno-newline-eof -Wno-selector -Wno-strict-selector-match -Wundeclared-selector -Wdeprecated-implementations -Wno-c++11-extensions -Wno-implicit-fallthrough -fstrict-aliasing -Wprotocol -Wdeprecated-declarations -Winvalid-offsetof -Wno-sign-conversion -Winfinite-recursion -Wmove -Wcomma -Wblock-capture-autoreleasing -Wstrict-prototypes -Wrange-loop-analysis -Wno-semicolon-before-method-body -Wreorder -Wno-reorder -Wno-inconsistent-missing-override @/Users/martin/Documents/SideChain/SideChain/Builds/MacOSX/build/release-assets/SideChainer-0.4.1-macOS-PRODUCTION-CANDIDATE-20261005/DerivedData/Build/Intermediates.noindex/SideChain.build/Release/SideChain\ -\ Shared\ Code.build/Objects-normal/arm64/af3fcb34312c57c0f52879cdce924b91-common-args.resp -MMD -MT dependencies -MF /Users/martin/Documents/SideChain/SideChain/Builds/MacOSX/build/release-assets/SideChainer-0.4.1-macOS-PRODUCTION-CANDIDATE-20261005/DerivedData/Build/Intermediates.noindex/SideChain.build/Release/SideChain\ -\ Shared\ Code.build/Objects-normal/arm64/include_juce_gui_extra.d --serialize-diagnostics /Users/martin/Documents/SideChain/SideChain/Builds/MacOSX/build/release-assets/SideChainer-0.4.1-macOS-PRODUCTION-CANDIDATE-20261005/DerivedData/Build/Intermediates.noindex/SideChain.build/Release/SideChain\ -\ Shared\ Code.build/Objects-normal/arm64/include_juce_gui_extra.dia -c /Users/martin/Documents/SideChain/SideChain/JuceLibraryCode/include_juce_gui_extra.mm -o /Users/martin/Documents/SideChain/SideChain/Builds/MacOSX/build/release-assets/SideChainer-0.4.1-macOS-PRODUCTION-CANDIDATE-20261005/DerivedData/Build/Intermediates.noindex/SideChain.build/Release/SideChain\ -\ Shared\ Code.build/Objects-normal/arm64/include_juce_gui_extra.o

CompileC /Users/martin/Documents/SideChain/SideChain/Builds/MacOSX/build/release-assets/SideChainer-0.4.1-macOS-PRODUCTION-CANDIDATE-20261005/DerivedData/Build/Intermediates.noindex/SideChain.build/Release/SideChain\ -\ Shared\ Code.build/Objects-normal/arm64/include_juce_gui_basics.o /Users/martin/Documents/SideChain/SideChain/JuceLibraryCode/include_juce_gui_basics.mm normal arm64 objective-c++ com.apple.compilers.llvm.clang.1_0.compiler (in target 'SideChain - Shared Code' from project 'SideChain')
    cd /Users/martin/Documents/SideChain/SideChain/Builds/MacOSX
    
    Using response file: /Users/martin/Documents/SideChain/SideChain/Builds/MacOSX/build/release-assets/SideChainer-0.4.1-macOS-PRODUCTION-CANDIDATE-20261005/DerivedData/Build/Intermediates.noindex/SideChain.build/Release/SideChain - Shared Code.build/Objects-normal/arm64/af3fcb34312c57c0f52879cdce924b91-common-args.resp
    
    /Applications/Xcode.app/Contents/Developer/Toolchains/XcodeDefault.xctoolchain/usr/bin/clang -x objective-c++ -ivfsstatcache /Users/martin/Documents/SideChain/SideChain/Builds/MacOSX/build/release-assets/SideChainer-0.4.1-macOS-PRODUCTION-CANDIDATE-20261005/DerivedData/SDKStatCaches.noindex/macosx26.2-25C58-00fa09913b459cbbc988d1f6730289ae.sdkstatcache -fmessage-length\=0 -fdiagnostics-show-note-include-stack -fmacro-backtrace-limit\=0 -fno-color-diagnostics -Wno-trigraphs -Wno-missing-field-initializers -Wno-missing-prototypes -Wunreachable-code -Wno-implicit-atomic-properties -Wno-objc-interface-ivars -Wno-arc-repeated-use-of-weak -Wimplicit-retain-self -Wnon-virtual-dtor -Wno-overloaded-virtual -Wno-exit-time-destructors -Wduplicate-method-match -Wno-missing-braces -Wparentheses -Wswitch -Wunused-function -Wno-unused-label -Wno-unused-parameter -Wunused-variable -Wunused-value -Wempty-body -Wuninitialized -Wno-unknown-pragmas -Wno-shadow -Wno-four-char-constants -Wno-conversion -Wconstant-conversion -Wint-conversion -Wbool-conversion -Wenum-conversion -Wno-float-conversion -Wnon-literal-null-conversion -Wobjc-literal-conversion -Wshorten-64-to-32 -Wno-newline-eof -Wno-selector -Wno-strict-selector-match -Wundeclared-selector -Wdeprecated-implementations -Wno-c++11-extensions -Wno-implicit-fallthrough -fstrict-aliasing -Wprotocol -Wdeprecated-declarations -Winvalid-offsetof -Wno-sign-conversion -Winfinite-recursion -Wmove -Wcomma -Wblock-capture-autoreleasing -Wstrict-prototypes -Wrange-loop-analysis -Wno-semicolon-before-method-body -Wreorder -Wno-reorder -Wno-inconsistent-missing-override @/Users/martin/Documents/SideChain/SideChain/Builds/MacOSX/build/release-assets/SideChainer-0.4.1-macOS-PRODUCTION-CANDIDATE-20261005/DerivedData/Build/Intermediates.noindex/SideChain.build/Release/SideChain\ -\ Shared\ Code.build/Objects-normal/arm64/af3fcb34312c57c0f52879cdce924b91-common-args.resp -MMD -MT dependencies -MF /Users/martin/Documents/SideChain/SideChain/Builds/MacOSX/build/release-assets/SideChainer-0.4.1-macOS-PRODUCTION-CANDIDATE-20261005/DerivedData/Build/Intermediates.noindex/SideChain.build/Release/SideChain\ -\ Shared\ Code.build/Objects-normal/arm64/include_juce_gui_basics.d --serialize-diagnostics /Users/martin/Documents/SideChain/SideChain/Builds/MacOSX/build/release-assets/SideChainer-0.4.1-macOS-PRODUCTION-CANDIDATE-20261005/DerivedData/Build/Intermediates.noindex/SideChain.build/Release/SideChain\ -\ Shared\ Code.build/Objects-normal/arm64/include_juce_gui_basics.dia -c /Users/martin/Documents/SideChain/SideChain/JuceLibraryCode/include_juce_gui_basics.mm -o /Users/martin/Documents/SideChain/SideChain/Builds/MacOSX/build/release-assets/SideChainer-0.4.1-macOS-PRODUCTION-CANDIDATE-20261005/DerivedData/Build/Intermediates.noindex/SideChain.build/Release/SideChain\ -\ Shared\ Code.build/Objects-normal/arm64/include_juce_gui_basics.o

CompileC /Users/martin/Documents/SideChain/SideChain/Builds/MacOSX/build/release-assets/SideChainer-0.4.1-macOS-PRODUCTION-CANDIDATE-20261005/DerivedData/Build/Intermediates.noindex/SideChain.build/Release/SideChain\ -\ Shared\ Code.build/Objects-normal/arm64/include_juce_graphics.o /Users/martin/Documents/SideChain/SideChain/JuceLibraryCode/include_juce_graphics.mm normal arm64 objective-c++ com.apple.compilers.llvm.clang.1_0.compiler (in target 'SideChain - Shared Code' from project 'SideChain')
    cd /Users/martin/Documents/SideChain/SideChain/Builds/MacOSX
    
    Using response file: /Users/martin/Documents/SideChain/SideChain/Builds/MacOSX/build/release-assets/SideChainer-0.4.1-macOS-PRODUCTION-CANDIDATE-20261005/DerivedData/Build/Intermediates.noindex/SideChain.build/Release/SideChain - Shared Code.build/Objects-normal/arm64/af3fcb34312c57c0f52879cdce924b91-common-args.resp
    
    /Applications/Xcode.app/Contents/Developer/Toolchains/XcodeDefault.xctoolchain/usr/bin/clang -x objective-c++ -ivfsstatcache /Users/martin/Documents/SideChain/SideChain/Builds/MacOSX/build/release-assets/SideChainer-0.4.1-macOS-PRODUCTION-CANDIDATE-20261005/DerivedData/SDKStatCaches.noindex/macosx26.2-25C58-00fa09913b459cbbc988d1f6730289ae.sdkstatcache -fmessage-length\=0 -fdiagnostics-show-note-include-stack -fmacro-backtrace-limit\=0 -fno-color-diagnostics -Wno-trigraphs -Wno-missing-field-initializers -Wno-missing-prototypes -Wunreachable-code -Wno-implicit-atomic-properties -Wno-objc-interface-ivars -Wno-arc-repeated-use-of-weak -Wimplicit-retain-self -Wnon-virtual-dtor -Wno-overloaded-virtual -Wno-exit-time-destructors -Wduplicate-method-match -Wno-missing-braces -Wparentheses -Wswitch -Wunused-function -Wno-unused-label -Wno-unused-parameter -Wunused-variable -Wunused-value -Wempty-body -Wuninitialized -Wno-unknown-pragmas -Wno-shadow -Wno-four-char-constants -Wno-conversion -Wconstant-conversion -Wint-conversion -Wbool-conversion -Wenum-conversion -Wno-float-conversion -Wnon-literal-null-conversion -Wobjc-literal-conversion -Wshorten-64-to-32 -Wno-newline-eof -Wno-selector -Wno-strict-selector-match -Wundeclared-selector -Wdeprecated-implementations -Wno-c++11-extensions -Wno-implicit-fallthrough -fstrict-aliasing -Wprotocol -Wdeprecated-declarations -Winvalid-offsetof -Wno-sign-conversion -Winfinite-recursion -Wmove -Wcomma -Wblock-capture-autoreleasing -Wstrict-prototypes -Wrange-loop-analysis -Wno-semicolon-before-method-body -Wreorder -Wno-reorder -Wno-inconsistent-missing-override @/Users/martin/Documents/SideChain/SideChain/Builds/MacOSX/build/release-assets/SideChainer-0.4.1-macOS-PRODUCTION-CANDIDATE-20261005/DerivedData/Build/Intermediates.noindex/SideChain.build/Release/SideChain\ -\ Shared\ Code.build/Objects-normal/arm64/af3fcb34312c57c0f52879cdce924b91-common-args.resp -MMD -MT dependencies -MF /Users/martin/Documents/SideChain/SideChain/Builds/MacOSX/build/release-assets/SideChainer-0.4.1-macOS-PRODUCTION-CANDIDATE-20261005/DerivedData/Build/Intermediates.noindex/SideChain.build/Release/SideChain\ -\ Shared\ Code.build/Objects-normal/arm64/include_juce_graphics.d --serialize-diagnostics /Users/martin/Documents/SideChain/SideChain/Builds/MacOSX/build/release-assets/SideChainer-0.4.1-macOS-PRODUCTION-CANDIDATE-20261005/DerivedData/Build/Intermediates.noindex/SideChain.build/Release/SideChain\ -\ Shared\ Code.build/Objects-normal/arm64/include_juce_graphics.dia -c /Users/martin/Documents/SideChain/SideChain/JuceLibraryCode/include_juce_graphics.mm -o /Users/martin/Documents/SideChain/SideChain/Builds/MacOSX/build/release-assets/SideChainer-0.4.1-macOS-PRODUCTION-CANDIDATE-20261005/DerivedData/Build/Intermediates.noindex/SideChain.build/Release/SideChain\ -\ Shared\ Code.build/Objects-normal/arm64/include_juce_graphics.o

CompileC /Users/martin/Documents/SideChain/SideChain/Builds/MacOSX/build/release-assets/SideChainer-0.4.1-macOS-PRODUCTION-CANDIDATE-20261005/DerivedData/Build/Intermediates.noindex/SideChain.build/Release/SideChain\ -\ Shared\ Code.build/Objects-normal/arm64/include_juce_events.o /Users/martin/Documents/SideChain/SideChain/JuceLibraryCode/include_juce_events.mm normal arm64 objective-c++ com.apple.compilers.llvm.clang.1_0.compiler (in target 'SideChain - Shared Code' from project 'SideChain')
    cd /Users/martin/Documents/SideChain/SideChain/Builds/MacOSX
    
    Using response file: /Users/martin/Documents/SideChain/SideChain/Builds/MacOSX/build/release-assets/SideChainer-0.4.1-macOS-PRODUCTION-CANDIDATE-20261005/DerivedData/Build/Intermediates.noindex/SideChain.build/Release/SideChain - Shared Code.build/Objects-normal/arm64/af3fcb34312c57c0f52879cdce924b91-common-args.resp
    
    /Applications/Xcode.app/Contents/Developer/Toolchains/XcodeDefault.xctoolchain/usr/bin/clang -x objective-c++ -ivfsstatcache /Users/martin/Documents/SideChain/SideChain/Builds/MacOSX/build/release-assets/SideChainer-0.4.1-macOS-PRODUCTION-CANDIDATE-20261005/DerivedData/SDKStatCaches.noindex/macosx26.2-25C58-00fa09913b459cbbc988d1f6730289ae.sdkstatcache -fmessage-length\=0 -fdiagnostics-show-note-include-stack -fmacro-backtrace-limit\=0 -fno-color-diagnostics -Wno-trigraphs -Wno-missing-field-initializers -Wno-missing-prototypes -Wunreachable-code -Wno-implicit-atomic-properties -Wno-objc-interface-ivars -Wno-arc-repeated-use-of-weak -Wimplicit-retain-self -Wnon-virtual-dtor -Wno-overloaded-virtual -Wno-exit-time-destructors -Wduplicate-method-match -Wno-missing-braces -Wparentheses -Wswitch -Wunused-function -Wno-unused-label -Wno-unused-parameter -Wunused-variable -Wunused-value -Wempty-body -Wuninitialized -Wno-unknown-pragmas -Wno-shadow -Wno-four-char-constants -Wno-conversion -Wconstant-conversion -Wint-conversion -Wbool-conversion -Wenum-conversion -Wno-float-conversion -Wnon-literal-null-conversion -Wobjc-literal-conversion -Wshorten-64-to-32 -Wno-newline-eof -Wno-selector -Wno-strict-selector-match -Wundeclared-selector -Wdeprecated-implementations -Wno-c++11-extensions -Wno-implicit-fallthrough -fstrict-aliasing -Wprotocol -Wdeprecated-declarations -Winvalid-offsetof -Wno-sign-conversion -Winfinite-recursion -Wmove -Wcomma -Wblock-capture-autoreleasing -Wstrict-prototypes -Wrange-loop-analysis -Wno-semicolon-before-method-body -Wreorder -Wno-reorder -Wno-inconsistent-missing-override @/Users/martin/Documents/SideChain/SideChain/Builds/MacOSX/build/release-assets/SideChainer-0.4.1-macOS-PRODUCTION-CANDIDATE-20261005/DerivedData/Build/Intermediates.noindex/SideChain.build/Release/SideChain\ -\ Shared\ Code.build/Objects-normal/arm64/af3fcb34312c57c0f52879cdce924b91-common-args.resp -MMD -MT dependencies -MF /Users/martin/Documents/SideChain/SideChain/Builds/MacOSX/build/release-assets/SideChainer-0.4.1-macOS-PRODUCTION-CANDIDATE-20261005/DerivedData/Build/Intermediates.noindex/SideChain.build/Release/SideChain\ -\ Shared\ Code.build/Objects-normal/arm64/include_juce_events.d --serialize-diagnostics /Users/martin/Documents/SideChain/SideChain/Builds/MacOSX/build/release-assets/SideChainer-0.4.1-macOS-PRODUCTION-CANDIDATE-20261005/DerivedData/Build/Intermediates.noindex/SideChain.build/Release/SideChain\ -\ Shared\ Code.build/Objects-normal/arm64/include_juce_events.dia -c /Users/martin/Documents/SideChain/SideChain/JuceLibraryCode/include_juce_events.mm -o /Users/martin/Documents/SideChain/SideChain/Builds/MacOSX/build/release-assets/SideChainer-0.4.1-macOS-PRODUCTION-CANDIDATE-20261005/DerivedData/Build/Intermediates.noindex/SideChain.build/Release/SideChain\ -\ Shared\ Code.build/Objects-normal/arm64/include_juce_events.o

CompileC /Users/martin/Documents/SideChain/SideChain/Builds/MacOSX/build/release-assets/SideChainer-0.4.1-macOS-PRODUCTION-CANDIDATE-20261005/DerivedData/Build/Intermediates.noindex/SideChain.build/Release/SideChain\ -\ Shared\ Code.build/Objects-normal/arm64/include_juce_dsp.o /Users/martin/Documents/SideChain/SideChain/JuceLibraryCode/include_juce_dsp.mm normal arm64 objective-c++ com.apple.compilers.llvm.clang.1_0.compiler (in target 'SideChain - Shared Code' from project 'SideChain')
    cd /Users/martin/Documents/SideChain/SideChain/Builds/MacOSX
    
    Using response file: /Users/martin/Documents/SideChain/SideChain/Builds/MacOSX/build/release-assets/SideChainer-0.4.1-macOS-PRODUCTION-CANDIDATE-20261005/DerivedData/Build/Intermediates.noindex/SideChain.build/Release/SideChain - Shared Code.build/Objects-normal/arm64/af3fcb34312c57c0f52879cdce924b91-common-args.resp
    
    /Applications/Xcode.app/Contents/Developer/Toolchains/XcodeDefault.xctoolchain/usr/bin/clang -x objective-c++ -ivfsstatcache /Users/martin/Documents/SideChain/SideChain/Builds/MacOSX/build/release-assets/SideChainer-0.4.1-macOS-PRODUCTION-CANDIDATE-20261005/DerivedData/SDKStatCaches.noindex/macosx26.2-25C58-00fa09913b459cbbc988d1f6730289ae.sdkstatcache -fmessage-length\=0 -fdiagnostics-show-note-include-stack -fmacro-backtrace-limit\=0 -fno-color-diagnostics -Wno-trigraphs -Wno-missing-field-initializers -Wno-missing-prototypes -Wunreachable-code -Wno-implicit-atomic-properties -Wno-objc-interface-ivars -Wno-arc-repeated-use-of-weak -Wimplicit-retain-self -Wnon-virtual-dtor -Wno-overloaded-virtual -Wno-exit-time-destructors -Wduplicate-method-match -Wno-missing-braces -Wparentheses -Wswitch -Wunused-function -Wno-unused-label -Wno-unused-parameter -Wunused-variable -Wunused-value -Wempty-body -Wuninitialized -Wno-unknown-pragmas -Wno-shadow -Wno-four-char-constants -Wno-conversion -Wconstant-conversion -Wint-conversion -Wbool-conversion -Wenum-conversion -Wno-float-conversion -Wnon-literal-null-conversion -Wobjc-literal-conversion -Wshorten-64-to-32 -Wno-newline-eof -Wno-selector -Wno-strict-selector-match -Wundeclared-selector -Wdeprecated-implementations -Wno-c++11-extensions -Wno-implicit-fallthrough -fstrict-aliasing -Wprotocol -Wdeprecated-declarations -Winvalid-offsetof -Wno-sign-conversion -Winfinite-recursion -Wmove -Wcomma -Wblock-capture-autoreleasing -Wstrict-prototypes -Wrange-loop-analysis -Wno-semicolon-before-method-body -Wreorder -Wno-reorder -Wno-inconsistent-missing-override @/Users/martin/Documents/SideChain/SideChain/Builds/MacOSX/build/release-assets/SideChainer-0.4.1-macOS-PRODUCTION-CANDIDATE-20261005/DerivedData/Build/Intermediates.noindex/SideChain.build/Release/SideChain\ -\ Shared\ Code.build/Objects-normal/arm64/af3fcb34312c57c0f52879cdce924b91-common-args.resp -MMD -MT dependencies -MF /Users/martin/Documents/SideChain/SideChain/Builds/MacOSX/build/release-assets/SideChainer-0.4.1-macOS-PRODUCTION-CANDIDATE-20261005/DerivedData/Build/Intermediates.noindex/SideChain.build/Release/SideChain\ -\ Shared\ Code.build/Objects-normal/arm64/include_juce_dsp.d --serialize-diagnostics /Users/martin/Documents/SideChain/SideChain/Builds/MacOSX/build/release-assets/SideChainer-0.4.1-macOS-PRODUCTION-CANDIDATE-20261005/DerivedData/Build/Intermediates.noindex/SideChain.build/Release/SideChain\ -\ Shared\ Code.build/Objects-normal/arm64/include_juce_dsp.dia -c /Users/martin/Documents/SideChain/SideChain/JuceLibraryCode/include_juce_dsp.mm -o /Users/martin/Documents/SideChain/SideChain/Builds/MacOSX/build/release-assets/SideChainer-0.4.1-macOS-PRODUCTION-CANDIDATE-20261005/DerivedData/Build/Intermediates.noindex/SideChain.build/Release/SideChain\ -\ Shared\ Code.build/Objects-normal/arm64/include_juce_dsp.o

CompileC /Users/martin/Documents/SideChain/SideChain/Builds/MacOSX/build/release-assets/SideChainer-0.4.1-macOS-PRODUCTION-CANDIDATE-20261005/DerivedData/Build/Intermediates.noindex/SideChain.build/Release/SideChain\ -\ Shared\ Code.build/Objects-normal/arm64/include_juce_data_structures.o /Users/martin/Documents/SideChain/SideChain/JuceLibraryCode/include_juce_data_structures.mm normal arm64 objective-c++ com.apple.compilers.llvm.clang.1_0.compiler (in target 'SideChain - Shared Code' from project 'SideChain')
    cd /Users/martin/Documents/SideChain/SideChain/Builds/MacOSX
    
    Using response file: /Users/martin/Documents/SideChain/SideChain/Builds/MacOSX/build/release-assets/SideChainer-0.4.1-macOS-PRODUCTION-CANDIDATE-20261005/DerivedData/Build/Intermediates.noindex/SideChain.build/Release/SideChain - Shared Code.build/Objects-normal/arm64/af3fcb34312c57c0f52879cdce924b91-common-args.resp
    
    /Applications/Xcode.app/Contents/Developer/Toolchains/XcodeDefault.xctoolchain/usr/bin/clang -x objective-c++ -ivfsstatcache /Users/martin/Documents/SideChain/SideChain/Builds/MacOSX/build/release-assets/SideChainer-0.4.1-macOS-PRODUCTION-CANDIDATE-20261005/DerivedData/SDKStatCaches.noindex/macosx26.2-25C58-00fa09913b459cbbc988d1f6730289ae.sdkstatcache -fmessage-length\=0 -fdiagnostics-show-note-include-stack -fmacro-backtrace-limit\=0 -fno-color-diagnostics -Wno-trigraphs -Wno-missing-field-initializers -Wno-missing-prototypes -Wunreachable-code -Wno-implicit-atomic-properties -Wno-objc-interface-ivars -Wno-arc-repeated-use-of-weak -Wimplicit-retain-self -Wnon-virtual-dtor -Wno-overloaded-virtual -Wno-exit-time-destructors -Wduplicate-method-match -Wno-missing-braces -Wparentheses -Wswitch -Wunused-function -Wno-unused-label -Wno-unused-parameter -Wunused-variable -Wunused-value -Wempty-body -Wuninitialized -Wno-unknown-pragmas -Wno-shadow -Wno-four-char-constants -Wno-conversion -Wconstant-conversion -Wint-conversion -Wbool-conversion -Wenum-conversion -Wno-float-conversion -Wnon-literal-null-conversion -Wobjc-literal-conversion -Wshorten-64-to-32 -Wno-newline-eof -Wno-selector -Wno-strict-selector-match -Wundeclared-selector -Wdeprecated-implementations -Wno-c++11-extensions -Wno-implicit-fallthrough -fstrict-aliasing -Wprotocol -Wdeprecated-declarations -Winvalid-offsetof -Wno-sign-conversion -Winfinite-recursion -Wmove -Wcomma -Wblock-capture-autoreleasing -Wstrict-prototypes -Wrange-loop-analysis -Wno-semicolon-before-method-body -Wreorder -Wno-reorder -Wno-inconsistent-missing-override @/Users/martin/Documents/SideChain/SideChain/Builds/MacOSX/build/release-assets/SideChainer-0.4.1-macOS-PRODUCTION-CANDIDATE-20261005/DerivedData/Build/Intermediates.noindex/SideChain.build/Release/SideChain\ -\ Shared\ Code.build/Objects-normal/arm64/af3fcb34312c57c0f52879cdce924b91-common-args.resp -MMD -MT dependencies -MF /Users/martin/Documents/SideChain/SideChain/Builds/MacOSX/build/release-assets/SideChainer-0.4.1-macOS-PRODUCTION-CANDIDATE-20261005/DerivedData/Build/Intermediates.noindex/SideChain.build/Release/SideChain\ -\ Shared\ Code.build/Objects-normal/arm64/include_juce_data_structures.d --serialize-diagnostics /Users/martin/Documents/SideChain/SideChain/Builds/MacOSX/build/release-assets/SideChainer-0.4.1-macOS-PRODUCTION-CANDIDATE-20261005/DerivedData/Build/Intermediates.noindex/SideChain.build/Release/SideChain\ -\ Shared\ Code.build/Objects-normal/arm64/include_juce_data_structures.dia -c /Users/martin/Documents/SideChain/SideChain/JuceLibraryCode/include_juce_data_structures.mm -o /Users/martin/Documents/SideChain/SideChain/Builds/MacOSX/build/release-assets/SideChainer-0.4.1-macOS-PRODUCTION-CANDIDATE-20261005/DerivedData/Build/Intermediates.noindex/SideChain.build/Release/SideChain\ -\ Shared\ Code.build/Objects-normal/arm64/include_juce_data_structures.o

CompileC /Users/martin/Documents/SideChain/SideChain/Builds/MacOSX/build/release-assets/SideChainer-0.4.1-macOS-PRODUCTION-CANDIDATE-20261005/DerivedData/Build/Intermediates.noindex/SideChain.build/Release/SideChain\ -\ Shared\ Code.build/Objects-normal/arm64/include_juce_core.o /Users/martin/Documents/SideChain/SideChain/JuceLibraryCode/include_juce_core.mm normal arm64 objective-c++ com.apple.compilers.llvm.clang.1_0.compiler (in target 'SideChain - Shared Code' from project 'SideChain')
    cd /Users/martin/Documents/SideChain/SideChain/Builds/MacOSX
    
    Using response file: /Users/martin/Documents/SideChain/SideChain/Builds/MacOSX/build/release-assets/SideChainer-0.4.1-macOS-PRODUCTION-CANDIDATE-20261005/DerivedData/Build/Intermediates.noindex/SideChain.build/Release/SideChain - Shared Code.build/Objects-normal/arm64/af3fcb34312c57c0f52879cdce924b91-common-args.resp
    
    /Applications/Xcode.app/Contents/Developer/Toolchains/XcodeDefault.xctoolchain/usr/bin/clang -x objective-c++ -ivfsstatcache /Users/martin/Documents/SideChain/SideChain/Builds/MacOSX/build/release-assets/SideChainer-0.4.1-macOS-PRODUCTION-CANDIDATE-20261005/DerivedData/SDKStatCaches.noindex/macosx26.2-25C58-00fa09913b459cbbc988d1f6730289ae.sdkstatcache -fmessage-length\=0 -fdiagnostics-show-note-include-stack -fmacro-backtrace-limit\=0 -fno-color-diagnostics -Wno-trigraphs -Wno-missing-field-initializers -Wno-missing-prototypes -Wunreachable-code -Wno-implicit-atomic-properties -Wno-objc-interface-ivars -Wno-arc-repeated-use-of-weak -Wimplicit-retain-self -Wnon-virtual-dtor -Wno-overloaded-virtual -Wno-exit-time-destructors -Wduplicate-method-match -Wno-missing-braces -Wparentheses -Wswitch -Wunused-function -Wno-unused-label -Wno-unused-parameter -Wunused-variable -Wunused-value -Wempty-body -Wuninitialized -Wno-unknown-pragmas -Wno-shadow -Wno-four-char-constants -Wno-conversion -Wconstant-conversion -Wint-conversion -Wbool-conversion -Wenum-conversion -Wno-float-conversion -Wnon-literal-null-conversion -Wobjc-literal-conversion -Wshorten-64-to-32 -Wno-newline-eof -Wno-selector -Wno-strict-selector-match -Wundeclared-selector -Wdeprecated-implementations -Wno-c++11-extensions -Wno-implicit-fallthrough -fstrict-aliasing -Wprotocol -Wdeprecated-declarations -Winvalid-offsetof -Wno-sign-conversion -Winfinite-recursion -Wmove -Wcomma -Wblock-capture-autoreleasing -Wstrict-prototypes -Wrange-loop-analysis -Wno-semicolon-before-method-body -Wreorder -Wno-reorder -Wno-inconsistent-missing-override @/Users/martin/Documents/SideChain/SideChain/Builds/MacOSX/build/release-assets/SideChainer-0.4.1-macOS-PRODUCTION-CANDIDATE-20261005/DerivedData/Build/Intermediates.noindex/SideChain.build/Release/SideChain\ -\ Shared\ Code.build/Objects-normal/arm64/af3fcb34312c57c0f52879cdce924b91-common-args.resp -MMD -MT dependencies -MF /Users/martin/Documents/SideChain/SideChain/Builds/MacOSX/build/release-assets/SideChainer-0.4.1-macOS-PRODUCTION-CANDIDATE-20261005/DerivedData/Build/Intermediates.noindex/SideChain.build/Release/SideChain\ -\ Shared\ Code.build/Objects-normal/arm64/include_juce_core.d --serialize-diagnostics /Users/martin/Documents/SideChain/SideChain/Builds/MacOSX/build/release-assets/SideChainer-0.4.1-macOS-PRODUCTION-CANDIDATE-20261005/DerivedData/Build/Intermediates.noindex/SideChain.build/Release/SideChain\ -\ Shared\ Code.build/Objects-normal/arm64/include_juce_core.dia -c /Users/martin/Documents/SideChain/SideChain/JuceLibraryCode/include_juce_core.mm -o /Users/martin/Documents/SideChain/SideChain/Builds/MacOSX/build/release-assets/SideChainer-0.4.1-macOS-PRODUCTION-CANDIDATE-20261005/DerivedData/Build/Intermediates.noindex/SideChain.build/Release/SideChain\ -\ Shared\ Code.build/Objects-normal/arm64/include_juce_core.o

CompileC /Users/martin/Documents/SideChain/SideChain/Builds/MacOSX/build/release-assets/SideChainer-0.4.1-macOS-PRODUCTION-CANDIDATE-20261005/DerivedData/Build/Intermediates.noindex/SideChain.build/Release/SideChain\ -\ Shared\ Code.build/Objects-normal/arm64/include_juce_audio_utils.o /Users/martin/Documents/SideChain/SideChain/JuceLibraryCode/include_juce_audio_utils.mm normal arm64 objective-c++ com.apple.compilers.llvm.clang.1_0.compiler (in target 'SideChain - Shared Code' from project 'SideChain')
    cd /Users/martin/Documents/SideChain/SideChain/Builds/MacOSX
    
    Using response file: /Users/martin/Documents/SideChain/SideChain/Builds/MacOSX/build/release-assets/SideChainer-0.4.1-macOS-PRODUCTION-CANDIDATE-20261005/DerivedData/Build/Intermediates.noindex/SideChain.build/Release/SideChain - Shared Code.build/Objects-normal/arm64/af3fcb34312c57c0f52879cdce924b91-common-args.resp
    
    /Applications/Xcode.app/Contents/Developer/Toolchains/XcodeDefault.xctoolchain/usr/bin/clang -x objective-c++ -ivfsstatcache /Users/martin/Documents/SideChain/SideChain/Builds/MacOSX/build/release-assets/SideChainer-0.4.1-macOS-PRODUCTION-CANDIDATE-20261005/DerivedData/SDKStatCaches.noindex/macosx26.2-25C58-00fa09913b459cbbc988d1f6730289ae.sdkstatcache -fmessage-length\=0 -fdiagnostics-show-note-include-stack -fmacro-backtrace-limit\=0 -fno-color-diagnostics -Wno-trigraphs -Wno-missing-field-initializers -Wno-missing-prototypes -Wunreachable-code -Wno-implicit-atomic-properties -Wno-objc-interface-ivars -Wno-arc-repeated-use-of-weak -Wimplicit-retain-self -Wnon-virtual-dtor -Wno-overloaded-virtual -Wno-exit-time-destructors -Wduplicate-method-match -Wno-missing-braces -Wparentheses -Wswitch -Wunused-function -Wno-unused-label -Wno-unused-parameter -Wunused-variable -Wunused-value -Wempty-body -Wuninitialized -Wno-unknown-pragmas -Wno-shadow -Wno-four-char-constants -Wno-conversion -Wconstant-conversion -Wint-conversion -Wbool-conversion -Wenum-conversion -Wno-float-conversion -Wnon-literal-null-conversion -Wobjc-literal-conversion -Wshorten-64-to-32 -Wno-newline-eof -Wno-selector -Wno-strict-selector-match -Wundeclared-selector -Wdeprecated-implementations -Wno-c++11-extensions -Wno-implicit-fallthrough -fstrict-aliasing -Wprotocol -Wdeprecated-declarations -Winvalid-offsetof -Wno-sign-conversion -Winfinite-recursion -Wmove -Wcomma -Wblock-capture-autoreleasing -Wstrict-prototypes -Wrange-loop-analysis -Wno-semicolon-before-method-body -Wreorder -Wno-reorder -Wno-inconsistent-missing-override @/Users/martin/Documents/SideChain/SideChain/Builds/MacOSX/build/release-assets/SideChainer-0.4.1-macOS-PRODUCTION-CANDIDATE-20261005/DerivedData/Build/Intermediates.noindex/SideChain.build/Release/SideChain\ -\ Shared\ Code.build/Objects-normal/arm64/af3fcb34312c57c0f52879cdce924b91-common-args.resp -MMD -MT dependencies -MF /Users/martin/Documents/SideChain/SideChain/Builds/MacOSX/build/release-assets/SideChainer-0.4.1-macOS-PRODUCTION-CANDIDATE-20261005/DerivedData/Build/Intermediates.noindex/SideChain.build/Release/SideChain\ -\ Shared\ Code.build/Objects-normal/arm64/include_juce_audio_utils.d --serialize-diagnostics /Users/martin/Documents/SideChain/SideChain/Builds/MacOSX/build/release-assets/SideChainer-0.4.1-macOS-PRODUCTION-CANDIDATE-20261005/DerivedData/Build/Intermediates.noindex/SideChain.build/Release/SideChain\ -\ Shared\ Code.build/Objects-normal/arm64/include_juce_audio_utils.dia -c /Users/martin/Documents/SideChain/SideChain/JuceLibraryCode/include_juce_audio_utils.mm -o /Users/martin/Documents/SideChain/SideChain/Builds/MacOSX/build/release-assets/SideChainer-0.4.1-macOS-PRODUCTION-CANDIDATE-20261005/DerivedData/Build/Intermediates.noindex/SideChain.build/Release/SideChain\ -\ Shared\ Code.build/Objects-normal/arm64/include_juce_audio_utils.o

CompileC /Users/martin/Documents/SideChain/SideChain/Builds/MacOSX/build/release-assets/SideChainer-0.4.1-macOS-PRODUCTION-CANDIDATE-20261005/DerivedData/Build/Intermediates.noindex/SideChain.build/Release/SideChain\ -\ Shared\ Code.build/Objects-normal/arm64/include_juce_audio_processors.o /Users/martin/Documents/SideChain/SideChain/JuceLibraryCode/include_juce_audio_processors.mm normal arm64 objective-c++ com.apple.compilers.llvm.clang.1_0.compiler (in target 'SideChain - Shared Code' from project 'SideChain')
    cd /Users/martin/Documents/SideChain/SideChain/Builds/MacOSX
    
    Using response file: /Users/martin/Documents/SideChain/SideChain/Builds/MacOSX/build/release-assets/SideChainer-0.4.1-macOS-PRODUCTION-CANDIDATE-20261005/DerivedData/Build/Intermediates.noindex/SideChain.build/Release/SideChain - Shared Code.build/Objects-normal/arm64/af3fcb34312c57c0f52879cdce924b91-common-args.resp
    
    /Applications/Xcode.app/Contents/Developer/Toolchains/XcodeDefault.xctoolchain/usr/bin/clang -x objective-c++ -ivfsstatcache /Users/martin/Documents/SideChain/SideChain/Builds/MacOSX/build/release-assets/SideChainer-0.4.1-macOS-PRODUCTION-CANDIDATE-20261005/DerivedData/SDKStatCaches.noindex/macosx26.2-25C58-00fa09913b459cbbc988d1f6730289ae.sdkstatcache -fmessage-length\=0 -fdiagnostics-show-note-include-stack -fmacro-backtrace-limit\=0 -fno-color-diagnostics -Wno-trigraphs -Wno-missing-field-initializers -Wno-missing-prototypes -Wunreachable-code -Wno-implicit-atomic-properties -Wno-objc-interface-ivars -Wno-arc-repeated-use-of-weak -Wimplicit-retain-self -Wnon-virtual-dtor -Wno-overloaded-virtual -Wno-exit-time-destructors -Wduplicate-method-match -Wno-missing-braces -Wparentheses -Wswitch -Wunused-function -Wno-unused-label -Wno-unused-parameter -Wunused-variable -Wunused-value -Wempty-body -Wuninitialized -Wno-unknown-pragmas -Wno-shadow -Wno-four-char-constants -Wno-conversion -Wconstant-conversion -Wint-conversion -Wbool-conversion -Wenum-conversion -Wno-float-conversion -Wnon-literal-null-conversion -Wobjc-literal-conversion -Wshorten-64-to-32 -Wno-newline-eof -Wno-selector -Wno-strict-selector-match -Wundeclared-selector -Wdeprecated-implementations -Wno-c++11-extensions -Wno-implicit-fallthrough -fstrict-aliasing -Wprotocol -Wdeprecated-declarations -Winvalid-offsetof -Wno-sign-conversion -Winfinite-recursion -Wmove -Wcomma -Wblock-capture-autoreleasing -Wstrict-prototypes -Wrange-loop-analysis -Wno-semicolon-before-method-body -Wreorder -Wno-reorder -Wno-inconsistent-missing-override @/Users/martin/Documents/SideChain/SideChain/Builds/MacOSX/build/release-assets/SideChainer-0.4.1-macOS-PRODUCTION-CANDIDATE-20261005/DerivedData/Build/Intermediates.noindex/SideChain.build/Release/SideChain\ -\ Shared\ Code.build/Objects-normal/arm64/af3fcb34312c57c0f52879cdce924b91-common-args.resp -MMD -MT dependencies -MF /Users/martin/Documents/SideChain/SideChain/Builds/MacOSX/build/release-assets/SideChainer-0.4.1-macOS-PRODUCTION-CANDIDATE-20261005/DerivedData/Build/Intermediates.noindex/SideChain.build/Release/SideChain\ -\ Shared\ Code.build/Objects-normal/arm64/include_juce_audio_processors.d --serialize-diagnostics /Users/martin/Documents/SideChain/SideChain/Builds/MacOSX/build/release-assets/SideChainer-0.4.1-macOS-PRODUCTION-CANDIDATE-20261005/DerivedData/Build/Intermediates.noindex/SideChain.build/Release/SideChain\ -\ Shared\ Code.build/Objects-normal/arm64/include_juce_audio_processors.dia -c /Users/martin/Documents/SideChain/SideChain/JuceLibraryCode/include_juce_audio_processors.mm -o /Users/martin/Documents/SideChain/SideChain/Builds/MacOSX/build/release-assets/SideChainer-0.4.1-macOS-PRODUCTION-CANDIDATE-20261005/DerivedData/Build/Intermediates.noindex/SideChain.build/Release/SideChain\ -\ Shared\ Code.build/Objects-normal/arm64/include_juce_audio_processors.o
In file included from /Users/martin/Documents/SideChain/SideChain/JuceLibraryCode/include_juce_audio_processors.mm:9:
In file included from /Users/martin/Documents/HISE/JUCE/modules/juce_audio_processors/juce_audio_processors.mm:26:
In file included from /Users/martin/Documents/HISE/JUCE/modules/juce_audio_processors/juce_audio_processors.cpp:211:
/Users/martin/Documents/HISE/JUCE/modules/juce_audio_processors/utilities/juce_AudioProcessorValueTreeState.cpp:268:49: warning: unqualified call to 'std::move' [-Wunqualified-std-cast-call]
  268 |             state->processor.addParameterGroup (move (group));
      |                                                 ^
      |                                                 std::
1 warning generated.

CompileC /Users/martin/Documents/SideChain/SideChain/Builds/MacOSX/build/release-assets/SideChainer-0.4.1-macOS-PRODUCTION-CANDIDATE-20261005/DerivedData/Build/Intermediates.noindex/SideChain.build/Release/SideChain\ -\ Shared\ Code.build/Objects-normal/arm64/include_juce_audio_plugin_client_utils.o /Users/martin/Documents/SideChain/SideChain/JuceLibraryCode/include_juce_audio_plugin_client_utils.cpp normal arm64 c++ com.apple.compilers.llvm.clang.1_0.compiler (in target 'SideChain - Shared Code' from project 'SideChain')
    cd /Users/martin/Documents/SideChain/SideChain/Builds/MacOSX
    
    Using response file: /Users/martin/Documents/SideChain/SideChain/Builds/MacOSX/build/release-assets/SideChainer-0.4.1-macOS-PRODUCTION-CANDIDATE-20261005/DerivedData/Build/Intermediates.noindex/SideChain.build/Release/SideChain - Shared Code.build/Objects-normal/arm64/82b82416624d2658e5098eb0a28c15c5-common-args.resp
    
    /Applications/Xcode.app/Contents/Developer/Toolchains/XcodeDefault.xctoolchain/usr/bin/clang -x c++ -ivfsstatcache /Users/martin/Documents/SideChain/SideChain/Builds/MacOSX/build/release-assets/SideChainer-0.4.1-macOS-PRODUCTION-CANDIDATE-20261005/DerivedData/SDKStatCaches.noindex/macosx26.2-25C58-00fa09913b459cbbc988d1f6730289ae.sdkstatcache -fmessage-length\=0 -fdiagnostics-show-note-include-stack -fmacro-backtrace-limit\=0 -fno-color-diagnostics -Wno-trigraphs -Wno-missing-field-initializers -Wno-missing-prototypes -Wunreachable-code -Wnon-virtual-dtor -Wno-overloaded-virtual -Wno-exit-time-destructors -Wno-missing-braces -Wparentheses -Wswitch -Wunused-function -Wno-unused-label -Wno-unused-parameter -Wunused-variable -Wunused-value -Wempty-body -Wuninitialized -Wno-unknown-pragmas -Wno-shadow -Wno-four-char-constants -Wno-conversion -Wconstant-conversion -Wint-conversion -Wbool-conversion -Wenum-conversion -Wno-float-conversion -Wnon-literal-null-conversion -Wobjc-literal-conversion -Wshorten-64-to-32 -Wno-newline-eof -Wno-c++11-extensions -Wno-implicit-fallthrough -fstrict-aliasing -Wdeprecated-declarations -Winvalid-offsetof -Wno-sign-conversion -Winfinite-recursion -Wmove -Wcomma -Wblock-capture-autoreleasing -Wstrict-prototypes -Wrange-loop-analysis -Wno-semicolon-before-method-body -Wreorder -Wno-reorder -Wno-inconsistent-missing-override @/Users/martin/Documents/SideChain/SideChain/Builds/MacOSX/build/release-assets/SideChainer-0.4.1-macOS-PRODUCTION-CANDIDATE-20261005/DerivedData/Build/Intermediates.noindex/SideChain.build/Release/SideChain\ -\ Shared\ Code.build/Objects-normal/arm64/82b82416624d2658e5098eb0a28c15c5-common-args.resp -MMD -MT dependencies -MF /Users/martin/Documents/SideChain/SideChain/Builds/MacOSX/build/release-assets/SideChainer-0.4.1-macOS-PRODUCTION-CANDIDATE-20261005/DerivedData/Build/Intermediates.noindex/SideChain.build/Release/SideChain\ -\ Shared\ Code.build/Objects-normal/arm64/include_juce_audio_plugin_client_utils.d --serialize-diagnostics /Users/martin/Documents/SideChain/SideChain/Builds/MacOSX/build/release-assets/SideChainer-0.4.1-macOS-PRODUCTION-CANDIDATE-20261005/DerivedData/Build/Intermediates.noindex/SideChain.build/Release/SideChain\ -\ Shared\ Code.build/Objects-normal/arm64/include_juce_audio_plugin_client_utils.dia -c /Users/martin/Documents/SideChain/SideChain/JuceLibraryCode/include_juce_audio_plugin_client_utils.cpp -o /Users/martin/Documents/SideChain/SideChain/Builds/MacOSX/build/release-assets/SideChainer-0.4.1-macOS-PRODUCTION-CANDIDATE-20261005/DerivedData/Build/Intermediates.noindex/SideChain.build/Release/SideChain\ -\ Shared\ Code.build/Objects-normal/arm64/include_juce_audio_plugin_client_utils.o

CompileC /Users/martin/Documents/SideChain/SideChain/Builds/MacOSX/build/release-assets/SideChainer-0.4.1-macOS-PRODUCTION-CANDIDATE-20261005/DerivedData/Build/Intermediates.noindex/SideChain.build/Release/SideChain\ -\ Shared\ Code.build/Objects-normal/arm64/include_juce_audio_plugin_client_VST_utils.o /Users/martin/Documents/SideChain/SideChain/JuceLibraryCode/include_juce_audio_plugin_client_VST_utils.mm normal arm64 objective-c++ com.apple.compilers.llvm.clang.1_0.compiler (in target 'SideChain - Shared Code' from project 'SideChain')
    cd /Users/martin/Documents/SideChain/SideChain/Builds/MacOSX
    
    Using response file: /Users/martin/Documents/SideChain/SideChain/Builds/MacOSX/build/release-assets/SideChainer-0.4.1-macOS-PRODUCTION-CANDIDATE-20261005/DerivedData/Build/Intermediates.noindex/SideChain.build/Release/SideChain - Shared Code.build/Objects-normal/arm64/af3fcb34312c57c0f52879cdce924b91-common-args.resp
    
    /Applications/Xcode.app/Contents/Developer/Toolchains/XcodeDefault.xctoolchain/usr/bin/clang -x objective-c++ -ivfsstatcache /Users/martin/Documents/SideChain/SideChain/Builds/MacOSX/build/release-assets/SideChainer-0.4.1-macOS-PRODUCTION-CANDIDATE-20261005/DerivedData/SDKStatCaches.noindex/macosx26.2-25C58-00fa09913b459cbbc988d1f6730289ae.sdkstatcache -fmessage-length\=0 -fdiagnostics-show-note-include-stack -fmacro-backtrace-limit\=0 -fno-color-diagnostics -Wno-trigraphs -Wno-missing-field-initializers -Wno-missing-prototypes -Wunreachable-code -Wno-implicit-atomic-properties -Wno-objc-interface-ivars -Wno-arc-repeated-use-of-weak -Wimplicit-retain-self -Wnon-virtual-dtor -Wno-overloaded-virtual -Wno-exit-time-destructors -Wduplicate-method-match -Wno-missing-braces -Wparentheses -Wswitch -Wunused-function -Wno-unused-label -Wno-unused-parameter -Wunused-variable -Wunused-value -Wempty-body -Wuninitialized -Wno-unknown-pragmas -Wno-shadow -Wno-four-char-constants -Wno-conversion -Wconstant-conversion -Wint-conversion -Wbool-conversion -Wenum-conversion -Wno-float-conversion -Wnon-literal-null-conversion -Wobjc-literal-conversion -Wshorten-64-to-32 -Wno-newline-eof -Wno-selector -Wno-strict-selector-match -Wundeclared-selector -Wdeprecated-implementations -Wno-c++11-extensions -Wno-implicit-fallthrough -fstrict-aliasing -Wprotocol -Wdeprecated-declarations -Winvalid-offsetof -Wno-sign-conversion -Winfinite-recursion -Wmove -Wcomma -Wblock-capture-autoreleasing -Wstrict-prototypes -Wrange-loop-analysis -Wno-semicolon-before-method-body -Wreorder -Wno-reorder -Wno-inconsistent-missing-override @/Users/martin/Documents/SideChain/SideChain/Builds/MacOSX/build/release-assets/SideChainer-0.4.1-macOS-PRODUCTION-CANDIDATE-20261005/DerivedData/Build/Intermediates.noindex/SideChain.build/Release/SideChain\ -\ Shared\ Code.build/Objects-normal/arm64/af3fcb34312c57c0f52879cdce924b91-common-args.resp -MMD -MT dependencies -MF /Users/martin/Documents/SideChain/SideChain/Builds/MacOSX/build/release-assets/SideChainer-0.4.1-macOS-PRODUCTION-CANDIDATE-20261005/DerivedData/Build/Intermediates.noindex/SideChain.build/Release/SideChain\ -\ Shared\ Code.build/Objects-normal/arm64/include_juce_audio_plugin_client_VST_utils.d --serialize-diagnostics /Users/martin/Documents/SideChain/SideChain/Builds/MacOSX/build/release-assets/SideChainer-0.4.1-macOS-PRODUCTION-CANDIDATE-20261005/DerivedData/Build/Intermediates.noindex/SideChain.build/Release/SideChain\ -\ Shared\ Code.build/Objects-normal/arm64/include_juce_audio_plugin_client_VST_utils.dia -c /Users/martin/Documents/SideChain/SideChain/JuceLibraryCode/include_juce_audio_plugin_client_VST_utils.mm -o /Users/martin/Documents/SideChain/SideChain/Builds/MacOSX/build/release-assets/SideChainer-0.4.1-macOS-PRODUCTION-CANDIDATE-20261005/DerivedData/Build/Intermediates.noindex/SideChain.build/Release/SideChain\ -\ Shared\ Code.build/Objects-normal/arm64/include_juce_audio_plugin_client_VST_utils.o

CompileC /Users/martin/Documents/SideChain/SideChain/Builds/MacOSX/build/release-assets/SideChainer-0.4.1-macOS-PRODUCTION-CANDIDATE-20261005/DerivedData/Build/Intermediates.noindex/SideChain.build/Release/SideChain\ -\ Shared\ Code.build/Objects-normal/arm64/include_juce_audio_formats.o /Users/martin/Documents/SideChain/SideChain/JuceLibraryCode/include_juce_audio_formats.mm normal arm64 objective-c++ com.apple.compilers.llvm.clang.1_0.compiler (in target 'SideChain - Shared Code' from project 'SideChain')
    cd /Users/martin/Documents/SideChain/SideChain/Builds/MacOSX
    
    Using response file: /Users/martin/Documents/SideChain/SideChain/Builds/MacOSX/build/release-assets/SideChainer-0.4.1-macOS-PRODUCTION-CANDIDATE-20261005/DerivedData/Build/Intermediates.noindex/SideChain.build/Release/SideChain - Shared Code.build/Objects-normal/arm64/af3fcb34312c57c0f52879cdce924b91-common-args.resp
    
    /Applications/Xcode.app/Contents/Developer/Toolchains/XcodeDefault.xctoolchain/usr/bin/clang -x objective-c++ -ivfsstatcache /Users/martin/Documents/SideChain/SideChain/Builds/MacOSX/build/release-assets/SideChainer-0.4.1-macOS-PRODUCTION-CANDIDATE-20261005/DerivedData/SDKStatCaches.noindex/macosx26.2-25C58-00fa09913b459cbbc988d1f6730289ae.sdkstatcache -fmessage-length\=0 -fdiagnostics-show-note-include-stack -fmacro-backtrace-limit\=0 -fno-color-diagnostics -Wno-trigraphs -Wno-missing-field-initializers -Wno-missing-prototypes -Wunreachable-code -Wno-implicit-atomic-properties -Wno-objc-interface-ivars -Wno-arc-repeated-use-of-weak -Wimplicit-retain-self -Wnon-virtual-dtor -Wno-overloaded-virtual -Wno-exit-time-destructors -Wduplicate-method-match -Wno-missing-braces -Wparentheses -Wswitch -Wunused-function -Wno-unused-label -Wno-unused-parameter -Wunused-variable -Wunused-value -Wempty-body -Wuninitialized -Wno-unknown-pragmas -Wno-shadow -Wno-four-char-constants -Wno-conversion -Wconstant-conversion -Wint-conversion -Wbool-conversion -Wenum-conversion -Wno-float-conversion -Wnon-literal-null-conversion -Wobjc-literal-conversion -Wshorten-64-to-32 -Wno-newline-eof -Wno-selector -Wno-strict-selector-match -Wundeclared-selector -Wdeprecated-implementations -Wno-c++11-extensions -Wno-implicit-fallthrough -fstrict-aliasing -Wprotocol -Wdeprecated-declarations -Winvalid-offsetof -Wno-sign-conversion -Winfinite-recursion -Wmove -Wcomma -Wblock-capture-autoreleasing -Wstrict-prototypes -Wrange-loop-analysis -Wno-semicolon-before-method-body -Wreorder -Wno-reorder -Wno-inconsistent-missing-override @/Users/martin/Documents/SideChain/SideChain/Builds/MacOSX/build/release-assets/SideChainer-0.4.1-macOS-PRODUCTION-CANDIDATE-20261005/DerivedData/Build/Intermediates.noindex/SideChain.build/Release/SideChain\ -\ Shared\ Code.build/Objects-normal/arm64/af3fcb34312c57c0f52879cdce924b91-common-args.resp -MMD -MT dependencies -MF /Users/martin/Documents/SideChain/SideChain/Builds/MacOSX/build/release-assets/SideChainer-0.4.1-macOS-PRODUCTION-CANDIDATE-20261005/DerivedData/Build/Intermediates.noindex/SideChain.build/Release/SideChain\ -\ Shared\ Code.build/Objects-normal/arm64/include_juce_audio_formats.d --serialize-diagnostics /Users/martin/Documents/SideChain/SideChain/Builds/MacOSX/build/release-assets/SideChainer-0.4.1-macOS-PRODUCTION-CANDIDATE-20261005/DerivedData/Build/Intermediates.noindex/SideChain.build/Release/SideChain\ -\ Shared\ Code.build/Objects-normal/arm64/include_juce_audio_formats.dia -c /Users/martin/Documents/SideChain/SideChain/JuceLibraryCode/include_juce_audio_formats.mm -o /Users/martin/Documents/SideChain/SideChain/Builds/MacOSX/build/release-assets/SideChainer-0.4.1-macOS-PRODUCTION-CANDIDATE-20261005/DerivedData/Build/Intermediates.noindex/SideChain.build/Release/SideChain\ -\ Shared\ Code.build/Objects-normal/arm64/include_juce_audio_formats.o

CompileC /Users/martin/Documents/SideChain/SideChain/Builds/MacOSX/build/release-assets/SideChainer-0.4.1-macOS-PRODUCTION-CANDIDATE-20261005/DerivedData/Build/Intermediates.noindex/SideChain.build/Release/SideChain\ -\ Shared\ Code.build/Objects-normal/arm64/include_juce_audio_devices.o /Users/martin/Documents/SideChain/SideChain/JuceLibraryCode/include_juce_audio_devices.mm normal arm64 objective-c++ com.apple.compilers.llvm.clang.1_0.compiler (in target 'SideChain - Shared Code' from project 'SideChain')
    cd /Users/martin/Documents/SideChain/SideChain/Builds/MacOSX
    
    Using response file: /Users/martin/Documents/SideChain/SideChain/Builds/MacOSX/build/release-assets/SideChainer-0.4.1-macOS-PRODUCTION-CANDIDATE-20261005/DerivedData/Build/Intermediates.noindex/SideChain.build/Release/SideChain - Shared Code.build/Objects-normal/arm64/af3fcb34312c57c0f52879cdce924b91-common-args.resp
    
    /Applications/Xcode.app/Contents/Developer/Toolchains/XcodeDefault.xctoolchain/usr/bin/clang -x objective-c++ -ivfsstatcache /Users/martin/Documents/SideChain/SideChain/Builds/MacOSX/build/release-assets/SideChainer-0.4.1-macOS-PRODUCTION-CANDIDATE-20261005/DerivedData/SDKStatCaches.noindex/macosx26.2-25C58-00fa09913b459cbbc988d1f6730289ae.sdkstatcache -fmessage-length\=0 -fdiagnostics-show-note-include-stack -fmacro-backtrace-limit\=0 -fno-color-diagnostics -Wno-trigraphs -Wno-missing-field-initializers -Wno-missing-prototypes -Wunreachable-code -Wno-implicit-atomic-properties -Wno-objc-interface-ivars -Wno-arc-repeated-use-of-weak -Wimplicit-retain-self -Wnon-virtual-dtor -Wno-overloaded-virtual -Wno-exit-time-destructors -Wduplicate-method-match -Wno-missing-braces -Wparentheses -Wswitch -Wunused-function -Wno-unused-label -Wno-unused-parameter -Wunused-variable -Wunused-value -Wempty-body -Wuninitialized -Wno-unknown-pragmas -Wno-shadow -Wno-four-char-constants -Wno-conversion -Wconstant-conversion -Wint-conversion -Wbool-conversion -Wenum-conversion -Wno-float-conversion -Wnon-literal-null-conversion -Wobjc-literal-conversion -Wshorten-64-to-32 -Wno-newline-eof -Wno-selector -Wno-strict-selector-match -Wundeclared-selector -Wdeprecated-implementations -Wno-c++11-extensions -Wno-implicit-fallthrough -fstrict-aliasing -Wprotocol -Wdeprecated-declarations -Winvalid-offsetof -Wno-sign-conversion -Winfinite-recursion -Wmove -Wcomma -Wblock-capture-autoreleasing -Wstrict-prototypes -Wrange-loop-analysis -Wno-semicolon-before-method-body -Wreorder -Wno-reorder -Wno-inconsistent-missing-override @/Users/martin/Documents/SideChain/SideChain/Builds/MacOSX/build/release-assets/SideChainer-0.4.1-macOS-PRODUCTION-CANDIDATE-20261005/DerivedData/Build/Intermediates.noindex/SideChain.build/Release/SideChain\ -\ Shared\ Code.build/Objects-normal/arm64/af3fcb34312c57c0f52879cdce924b91-common-args.resp -MMD -MT dependencies -MF /Users/martin/Documents/SideChain/SideChain/Builds/MacOSX/build/release-assets/SideChainer-0.4.1-macOS-PRODUCTION-CANDIDATE-20261005/DerivedData/Build/Intermediates.noindex/SideChain.build/Release/SideChain\ -\ Shared\ Code.build/Objects-normal/arm64/include_juce_audio_devices.d --serialize-diagnostics /Users/martin/Documents/SideChain/SideChain/Builds/MacOSX/build/release-assets/SideChainer-0.4.1-macOS-PRODUCTION-CANDIDATE-20261005/DerivedData/Build/Intermediates.noindex/SideChain.build/Release/SideChain\ -\ Shared\ Code.build/Objects-normal/arm64/include_juce_audio_devices.dia -c /Users/martin/Documents/SideChain/SideChain/JuceLibraryCode/include_juce_audio_devices.mm -o /Users/martin/Documents/SideChain/SideChain/Builds/MacOSX/build/release-assets/SideChainer-0.4.1-macOS-PRODUCTION-CANDIDATE-20261005/DerivedData/Build/Intermediates.noindex/SideChain.build/Release/SideChain\ -\ Shared\ Code.build/Objects-normal/arm64/include_juce_audio_devices.o

CompileC /Users/martin/Documents/SideChain/SideChain/Builds/MacOSX/build/release-assets/SideChainer-0.4.1-macOS-PRODUCTION-CANDIDATE-20261005/DerivedData/Build/Intermediates.noindex/SideChain.build/Release/SideChain\ -\ Shared\ Code.build/Objects-normal/arm64/include_juce_audio_basics.o /Users/martin/Documents/SideChain/SideChain/JuceLibraryCode/include_juce_audio_basics.mm normal arm64 objective-c++ com.apple.compilers.llvm.clang.1_0.compiler (in target 'SideChain - Shared Code' from project 'SideChain')
    cd /Users/martin/Documents/SideChain/SideChain/Builds/MacOSX
    
    Using response file: /Users/martin/Documents/SideChain/SideChain/Builds/MacOSX/build/release-assets/SideChainer-0.4.1-macOS-PRODUCTION-CANDIDATE-20261005/DerivedData/Build/Intermediates.noindex/SideChain.build/Release/SideChain - Shared Code.build/Objects-normal/arm64/af3fcb34312c57c0f52879cdce924b91-common-args.resp
    
    /Applications/Xcode.app/Contents/Developer/Toolchains/XcodeDefault.xctoolchain/usr/bin/clang -x objective-c++ -ivfsstatcache /Users/martin/Documents/SideChain/SideChain/Builds/MacOSX/build/release-assets/SideChainer-0.4.1-macOS-PRODUCTION-CANDIDATE-20261005/DerivedData/SDKStatCaches.noindex/macosx26.2-25C58-00fa09913b459cbbc988d1f6730289ae.sdkstatcache -fmessage-length\=0 -fdiagnostics-show-note-include-stack -fmacro-backtrace-limit\=0 -fno-color-diagnostics -Wno-trigraphs -Wno-missing-field-initializers -Wno-missing-prototypes -Wunreachable-code -Wno-implicit-atomic-properties -Wno-objc-interface-ivars -Wno-arc-repeated-use-of-weak -Wimplicit-retain-self -Wnon-virtual-dtor -Wno-overloaded-virtual -Wno-exit-time-destructors -Wduplicate-method-match -Wno-missing-braces -Wparentheses -Wswitch -Wunused-function -Wno-unused-label -Wno-unused-parameter -Wunused-variable -Wunused-value -Wempty-body -Wuninitialized -Wno-unknown-pragmas -Wno-shadow -Wno-four-char-constants -Wno-conversion -Wconstant-conversion -Wint-conversion -Wbool-conversion -Wenum-conversion -Wno-float-conversion -Wnon-literal-null-conversion -Wobjc-literal-conversion -Wshorten-64-to-32 -Wno-newline-eof -Wno-selector -Wno-strict-selector-match -Wundeclared-selector -Wdeprecated-implementations -Wno-c++11-extensions -Wno-implicit-fallthrough -fstrict-aliasing -Wprotocol -Wdeprecated-declarations -Winvalid-offsetof -Wno-sign-conversion -Winfinite-recursion -Wmove -Wcomma -Wblock-capture-autoreleasing -Wstrict-prototypes -Wrange-loop-analysis -Wno-semicolon-before-method-body -Wreorder -Wno-reorder -Wno-inconsistent-missing-override @/Users/martin/Documents/SideChain/SideChain/Builds/MacOSX/build/release-assets/SideChainer-0.4.1-macOS-PRODUCTION-CANDIDATE-20261005/DerivedData/Build/Intermediates.noindex/SideChain.build/Release/SideChain\ -\ Shared\ Code.build/Objects-normal/arm64/af3fcb34312c57c0f52879cdce924b91-common-args.resp -MMD -MT dependencies -MF /Users/martin/Documents/SideChain/SideChain/Builds/MacOSX/build/release-assets/SideChainer-0.4.1-macOS-PRODUCTION-CANDIDATE-20261005/DerivedData/Build/Intermediates.noindex/SideChain.build/Release/SideChain\ -\ Shared\ Code.build/Objects-normal/arm64/include_juce_audio_basics.d --serialize-diagnostics /Users/martin/Documents/SideChain/SideChain/Builds/MacOSX/build/release-assets/SideChainer-0.4.1-macOS-PRODUCTION-CANDIDATE-20261005/DerivedData/Build/Intermediates.noindex/SideChain.build/Release/SideChain\ -\ Shared\ Code.build/Objects-normal/arm64/include_juce_audio_basics.dia -c /Users/martin/Documents/SideChain/SideChain/JuceLibraryCode/include_juce_audio_basics.mm -o /Users/martin/Documents/SideChain/SideChain/Builds/MacOSX/build/release-assets/SideChainer-0.4.1-macOS-PRODUCTION-CANDIDATE-20261005/DerivedData/Build/Intermediates.noindex/SideChain.build/Release/SideChain\ -\ Shared\ Code.build/Objects-normal/arm64/include_juce_audio_basics.o

CompileC /Users/martin/Documents/SideChain/SideChain/Builds/MacOSX/build/release-assets/SideChainer-0.4.1-macOS-PRODUCTION-CANDIDATE-20261005/DerivedData/Build/Intermediates.noindex/SideChain.build/Release/SideChain\ -\ Shared\ Code.build/Objects-normal/arm64/PluginProcessor.o /Users/martin/Documents/SideChain/SideChain/Source/PluginProcessor.cpp normal arm64 c++ com.apple.compilers.llvm.clang.1_0.compiler (in target 'SideChain - Shared Code' from project 'SideChain')
    cd /Users/martin/Documents/SideChain/SideChain/Builds/MacOSX
    
    Using response file: /Users/martin/Documents/SideChain/SideChain/Builds/MacOSX/build/release-assets/SideChainer-0.4.1-macOS-PRODUCTION-CANDIDATE-20261005/DerivedData/Build/Intermediates.noindex/SideChain.build/Release/SideChain - Shared Code.build/Objects-normal/arm64/82b82416624d2658e5098eb0a28c15c5-common-args.resp
    
    /Applications/Xcode.app/Contents/Developer/Toolchains/XcodeDefault.xctoolchain/usr/bin/clang -x c++ -ivfsstatcache /Users/martin/Documents/SideChain/SideChain/Builds/MacOSX/build/release-assets/SideChainer-0.4.1-macOS-PRODUCTION-CANDIDATE-20261005/DerivedData/SDKStatCaches.noindex/macosx26.2-25C58-00fa09913b459cbbc988d1f6730289ae.sdkstatcache -fmessage-length\=0 -fdiagnostics-show-note-include-stack -fmacro-backtrace-limit\=0 -fno-color-diagnostics -Wno-trigraphs -Wno-missing-field-initializers -Wno-missing-prototypes -Wunreachable-code -Wnon-virtual-dtor -Wno-overloaded-virtual -Wno-exit-time-destructors -Wno-missing-braces -Wparentheses -Wswitch -Wunused-function -Wno-unused-label -Wno-unused-parameter -Wunused-variable -Wunused-value -Wempty-body -Wuninitialized -Wno-unknown-pragmas -Wno-shadow -Wno-four-char-constants -Wno-conversion -Wconstant-conversion -Wint-conversion -Wbool-conversion -Wenum-conversion -Wno-float-conversion -Wnon-literal-null-conversion -Wobjc-literal-conversion -Wshorten-64-to-32 -Wno-newline-eof -Wno-c++11-extensions -Wno-implicit-fallthrough -fstrict-aliasing -Wdeprecated-declarations -Winvalid-offsetof -Wno-sign-conversion -Winfinite-recursion -Wmove -Wcomma -Wblock-capture-autoreleasing -Wstrict-prototypes -Wrange-loop-analysis -Wno-semicolon-before-method-body -Wreorder -Wno-reorder -Wno-inconsistent-missing-override @/Users/martin/Documents/SideChain/SideChain/Builds/MacOSX/build/release-assets/SideChainer-0.4.1-macOS-PRODUCTION-CANDIDATE-20261005/DerivedData/Build/Intermediates.noindex/SideChain.build/Release/SideChain\ -\ Shared\ Code.build/Objects-normal/arm64/82b82416624d2658e5098eb0a28c15c5-common-args.resp -MMD -MT dependencies -MF /Users/martin/Documents/SideChain/SideChain/Builds/MacOSX/build/release-assets/SideChainer-0.4.1-macOS-PRODUCTION-CANDIDATE-20261005/DerivedData/Build/Intermediates.noindex/SideChain.build/Release/SideChain\ -\ Shared\ Code.build/Objects-normal/arm64/PluginProcessor.d --serialize-diagnostics /Users/martin/Documents/SideChain/SideChain/Builds/MacOSX/build/release-assets/SideChainer-0.4.1-macOS-PRODUCTION-CANDIDATE-20261005/DerivedData/Build/Intermediates.noindex/SideChain.build/Release/SideChain\ -\ Shared\ Code.build/Objects-normal/arm64/PluginProcessor.dia -c /Users/martin/Documents/SideChain/SideChain/Source/PluginProcessor.cpp -o /Users/martin/Documents/SideChain/SideChain/Builds/MacOSX/build/release-assets/SideChainer-0.4.1-macOS-PRODUCTION-CANDIDATE-20261005/DerivedData/Build/Intermediates.noindex/SideChain.build/Release/SideChain\ -\ Shared\ Code.build/Objects-normal/arm64/PluginProcessor.o

CompileC /Users/martin/Documents/SideChain/SideChain/Builds/MacOSX/build/release-assets/SideChainer-0.4.1-macOS-PRODUCTION-CANDIDATE-20261005/DerivedData/Build/Intermediates.noindex/SideChain.build/Release/SideChain\ -\ Shared\ Code.build/Objects-normal/arm64/PluginEditor.o /Users/martin/Documents/SideChain/SideChain/Source/PluginEditor.cpp normal arm64 c++ com.apple.compilers.llvm.clang.1_0.compiler (in target 'SideChain - Shared Code' from project 'SideChain')
    cd /Users/martin/Documents/SideChain/SideChain/Builds/MacOSX
    
    Using response file: /Users/martin/Documents/SideChain/SideChain/Builds/MacOSX/build/release-assets/SideChainer-0.4.1-macOS-PRODUCTION-CANDIDATE-20261005/DerivedData/Build/Intermediates.noindex/SideChain.build/Release/SideChain - Shared Code.build/Objects-normal/arm64/82b82416624d2658e5098eb0a28c15c5-common-args.resp
    
    /Applications/Xcode.app/Contents/Developer/Toolchains/XcodeDefault.xctoolchain/usr/bin/clang -x c++ -ivfsstatcache /Users/martin/Documents/SideChain/SideChain/Builds/MacOSX/build/release-assets/SideChainer-0.4.1-macOS-PRODUCTION-CANDIDATE-20261005/DerivedData/SDKStatCaches.noindex/macosx26.2-25C58-00fa09913b459cbbc988d1f6730289ae.sdkstatcache -fmessage-length\=0 -fdiagnostics-show-note-include-stack -fmacro-backtrace-limit\=0 -fno-color-diagnostics -Wno-trigraphs -Wno-missing-field-initializers -Wno-missing-prototypes -Wunreachable-code -Wnon-virtual-dtor -Wno-overloaded-virtual -Wno-exit-time-destructors -Wno-missing-braces -Wparentheses -Wswitch -Wunused-function -Wno-unused-label -Wno-unused-parameter -Wunused-variable -Wunused-value -Wempty-body -Wuninitialized -Wno-unknown-pragmas -Wno-shadow -Wno-four-char-constants -Wno-conversion -Wconstant-conversion -Wint-conversion -Wbool-conversion -Wenum-conversion -Wno-float-conversion -Wnon-literal-null-conversion -Wobjc-literal-conversion -Wshorten-64-to-32 -Wno-newline-eof -Wno-c++11-extensions -Wno-implicit-fallthrough -fstrict-aliasing -Wdeprecated-declarations -Winvalid-offsetof -Wno-sign-conversion -Winfinite-recursion -Wmove -Wcomma -Wblock-capture-autoreleasing -Wstrict-prototypes -Wrange-loop-analysis -Wno-semicolon-before-method-body -Wreorder -Wno-reorder -Wno-inconsistent-missing-override @/Users/martin/Documents/SideChain/SideChain/Builds/MacOSX/build/release-assets/SideChainer-0.4.1-macOS-PRODUCTION-CANDIDATE-20261005/DerivedData/Build/Intermediates.noindex/SideChain.build/Release/SideChain\ -\ Shared\ Code.build/Objects-normal/arm64/82b82416624d2658e5098eb0a28c15c5-common-args.resp -MMD -MT dependencies -MF /Users/martin/Documents/SideChain/SideChain/Builds/MacOSX/build/release-assets/SideChainer-0.4.1-macOS-PRODUCTION-CANDIDATE-20261005/DerivedData/Build/Intermediates.noindex/SideChain.build/Release/SideChain\ -\ Shared\ Code.build/Objects-normal/arm64/PluginEditor.d --serialize-diagnostics /Users/martin/Documents/SideChain/SideChain/Builds/MacOSX/build/release-assets/SideChainer-0.4.1-macOS-PRODUCTION-CANDIDATE-20261005/DerivedData/Build/Intermediates.noindex/SideChain.build/Release/SideChain\ -\ Shared\ Code.build/Objects-normal/arm64/PluginEditor.dia -c /Users/martin/Documents/SideChain/SideChain/Source/PluginEditor.cpp -o /Users/martin/Documents/SideChain/SideChain/Builds/MacOSX/build/release-assets/SideChainer-0.4.1-macOS-PRODUCTION-CANDIDATE-20261005/DerivedData/Build/Intermediates.noindex/SideChain.build/Release/SideChain\ -\ Shared\ Code.build/Objects-normal/arm64/PluginEditor.o

CompileC /Users/martin/Documents/SideChain/SideChain/Builds/MacOSX/build/release-assets/SideChainer-0.4.1-macOS-PRODUCTION-CANDIDATE-20261005/DerivedData/Build/Intermediates.noindex/SideChain.build/Release/SideChain\ -\ Shared\ Code.build/Objects-normal/arm64/MusicProdAuth.o /Users/martin/Documents/SideChain/SideChain/Source/MusicProdAuth.cpp normal arm64 c++ com.apple.compilers.llvm.clang.1_0.compiler (in target 'SideChain - Shared Code' from project 'SideChain')
    cd /Users/martin/Documents/SideChain/SideChain/Builds/MacOSX
    
    Using response file: /Users/martin/Documents/SideChain/SideChain/Builds/MacOSX/build/release-assets/SideChainer-0.4.1-macOS-PRODUCTION-CANDIDATE-20261005/DerivedData/Build/Intermediates.noindex/SideChain.build/Release/SideChain - Shared Code.build/Objects-normal/arm64/82b82416624d2658e5098eb0a28c15c5-common-args.resp
    
    /Applications/Xcode.app/Contents/Developer/Toolchains/XcodeDefault.xctoolchain/usr/bin/clang -x c++ -ivfsstatcache /Users/martin/Documents/SideChain/SideChain/Builds/MacOSX/build/release-assets/SideChainer-0.4.1-macOS-PRODUCTION-CANDIDATE-20261005/DerivedData/SDKStatCaches.noindex/macosx26.2-25C58-00fa09913b459cbbc988d1f6730289ae.sdkstatcache -fmessage-length\=0 -fdiagnostics-show-note-include-stack -fmacro-backtrace-limit\=0 -fno-color-diagnostics -Wno-trigraphs -Wno-missing-field-initializers -Wno-missing-prototypes -Wunreachable-code -Wnon-virtual-dtor -Wno-overloaded-virtual -Wno-exit-time-destructors -Wno-missing-braces -Wparentheses -Wswitch -Wunused-function -Wno-unused-label -Wno-unused-parameter -Wunused-variable -Wunused-value -Wempty-body -Wuninitialized -Wno-unknown-pragmas -Wno-shadow -Wno-four-char-constants -Wno-conversion -Wconstant-conversion -Wint-conversion -Wbool-conversion -Wenum-conversion -Wno-float-conversion -Wnon-literal-null-conversion -Wobjc-literal-conversion -Wshorten-64-to-32 -Wno-newline-eof -Wno-c++11-extensions -Wno-implicit-fallthrough -fstrict-aliasing -Wdeprecated-declarations -Winvalid-offsetof -Wno-sign-conversion -Winfinite-recursion -Wmove -Wcomma -Wblock-capture-autoreleasing -Wstrict-prototypes -Wrange-loop-analysis -Wno-semicolon-before-method-body -Wreorder -Wno-reorder -Wno-inconsistent-missing-override @/Users/martin/Documents/SideChain/SideChain/Builds/MacOSX/build/release-assets/SideChainer-0.4.1-macOS-PRODUCTION-CANDIDATE-20261005/DerivedData/Build/Intermediates.noindex/SideChain.build/Release/SideChain\ -\ Shared\ Code.build/Objects-normal/arm64/82b82416624d2658e5098eb0a28c15c5-common-args.resp -MMD -MT dependencies -MF /Users/martin/Documents/SideChain/SideChain/Builds/MacOSX/build/release-assets/SideChainer-0.4.1-macOS-PRODUCTION-CANDIDATE-20261005/DerivedData/Build/Intermediates.noindex/SideChain.build/Release/SideChain\ -\ Shared\ Code.build/Objects-normal/arm64/MusicProdAuth.d --serialize-diagnostics /Users/martin/Documents/SideChain/SideChain/Builds/MacOSX/build/release-assets/SideChainer-0.4.1-macOS-PRODUCTION-CANDIDATE-20261005/DerivedData/Build/Intermediates.noindex/SideChain.build/Release/SideChain\ -\ Shared\ Code.build/Objects-normal/arm64/MusicProdAuth.dia -c /Users/martin/Documents/SideChain/SideChain/Source/MusicProdAuth.cpp -o /Users/martin/Documents/SideChain/SideChain/Builds/MacOSX/build/release-assets/SideChainer-0.4.1-macOS-PRODUCTION-CANDIDATE-20261005/DerivedData/Build/Intermediates.noindex/SideChain.build/Release/SideChain\ -\ Shared\ Code.build/Objects-normal/arm64/MusicProdAuth.o

CompileC /Users/martin/Documents/SideChain/SideChain/Builds/MacOSX/build/release-assets/SideChainer-0.4.1-macOS-PRODUCTION-CANDIDATE-20261005/DerivedData/Build/Intermediates.noindex/SideChain.build/Release/SideChain\ -\ Shared\ Code.build/Objects-normal/arm64/InfoPage.o /Users/martin/Documents/SideChain/SideChain/Source/InfoPage.cpp normal arm64 c++ com.apple.compilers.llvm.clang.1_0.compiler (in target 'SideChain - Shared Code' from project 'SideChain')
    cd /Users/martin/Documents/SideChain/SideChain/Builds/MacOSX
    
    Using response file: /Users/martin/Documents/SideChain/SideChain/Builds/MacOSX/build/release-assets/SideChainer-0.4.1-macOS-PRODUCTION-CANDIDATE-20261005/DerivedData/Build/Intermediates.noindex/SideChain.build/Release/SideChain - Shared Code.build/Objects-normal/arm64/82b82416624d2658e5098eb0a28c15c5-common-args.resp
    
    /Applications/Xcode.app/Contents/Developer/Toolchains/XcodeDefault.xctoolchain/usr/bin/clang -x c++ -ivfsstatcache /Users/martin/Documents/SideChain/SideChain/Builds/MacOSX/build/release-assets/SideChainer-0.4.1-macOS-PRODUCTION-CANDIDATE-20261005/DerivedData/SDKStatCaches.noindex/macosx26.2-25C58-00fa09913b459cbbc988d1f6730289ae.sdkstatcache -fmessage-length\=0 -fdiagnostics-show-note-include-stack -fmacro-backtrace-limit\=0 -fno-color-diagnostics -Wno-trigraphs -Wno-missing-field-initializers -Wno-missing-prototypes -Wunreachable-code -Wnon-virtual-dtor -Wno-overloaded-virtual -Wno-exit-time-destructors -Wno-missing-braces -Wparentheses -Wswitch -Wunused-function -Wno-unused-label -Wno-unused-parameter -Wunused-variable -Wunused-value -Wempty-body -Wuninitialized -Wno-unknown-pragmas -Wno-shadow -Wno-four-char-constants -Wno-conversion -Wconstant-conversion -Wint-conversion -Wbool-conversion -Wenum-conversion -Wno-float-conversion -Wnon-literal-null-conversion -Wobjc-literal-conversion -Wshorten-64-to-32 -Wno-newline-eof -Wno-c++11-extensions -Wno-implicit-fallthrough -fstrict-aliasing -Wdeprecated-declarations -Winvalid-offsetof -Wno-sign-conversion -Winfinite-recursion -Wmove -Wcomma -Wblock-capture-autoreleasing -Wstrict-prototypes -Wrange-loop-analysis -Wno-semicolon-before-method-body -Wreorder -Wno-reorder -Wno-inconsistent-missing-override @/Users/martin/Documents/SideChain/SideChain/Builds/MacOSX/build/release-assets/SideChainer-0.4.1-macOS-PRODUCTION-CANDIDATE-20261005/DerivedData/Build/Intermediates.noindex/SideChain.build/Release/SideChain\ -\ Shared\ Code.build/Objects-normal/arm64/82b82416624d2658e5098eb0a28c15c5-common-args.resp -MMD -MT dependencies -MF /Users/martin/Documents/SideChain/SideChain/Builds/MacOSX/build/release-assets/SideChainer-0.4.1-macOS-PRODUCTION-CANDIDATE-20261005/DerivedData/Build/Intermediates.noindex/SideChain.build/Release/SideChain\ -\ Shared\ Code.build/Objects-normal/arm64/InfoPage.d --serialize-diagnostics /Users/martin/Documents/SideChain/SideChain/Builds/MacOSX/build/release-assets/SideChainer-0.4.1-macOS-PRODUCTION-CANDIDATE-20261005/DerivedData/Build/Intermediates.noindex/SideChain.build/Release/SideChain\ -\ Shared\ Code.build/Objects-normal/arm64/InfoPage.dia -c /Users/martin/Documents/SideChain/SideChain/Source/InfoPage.cpp -o /Users/martin/Documents/SideChain/SideChain/Builds/MacOSX/build/release-assets/SideChainer-0.4.1-macOS-PRODUCTION-CANDIDATE-20261005/DerivedData/Build/Intermediates.noindex/SideChain.build/Release/SideChain\ -\ Shared\ Code.build/Objects-normal/arm64/InfoPage.o

CompileC /Users/martin/Documents/SideChain/SideChain/Builds/MacOSX/build/release-assets/SideChainer-0.4.1-macOS-PRODUCTION-CANDIDATE-20261005/DerivedData/Build/Intermediates.noindex/SideChain.build/Release/SideChain\ -\ Shared\ Code.build/Objects-normal/arm64/GraphComponent.o /Users/martin/Documents/SideChain/SideChain/Source/GraphComponent.cpp normal arm64 c++ com.apple.compilers.llvm.clang.1_0.compiler (in target 'SideChain - Shared Code' from project 'SideChain')
    cd /Users/martin/Documents/SideChain/SideChain/Builds/MacOSX
    
    Using response file: /Users/martin/Documents/SideChain/SideChain/Builds/MacOSX/build/release-assets/SideChainer-0.4.1-macOS-PRODUCTION-CANDIDATE-20261005/DerivedData/Build/Intermediates.noindex/SideChain.build/Release/SideChain - Shared Code.build/Objects-normal/arm64/82b82416624d2658e5098eb0a28c15c5-common-args.resp
    
    /Applications/Xcode.app/Contents/Developer/Toolchains/XcodeDefault.xctoolchain/usr/bin/clang -x c++ -ivfsstatcache /Users/martin/Documents/SideChain/SideChain/Builds/MacOSX/build/release-assets/SideChainer-0.4.1-macOS-PRODUCTION-CANDIDATE-20261005/DerivedData/SDKStatCaches.noindex/macosx26.2-25C58-00fa09913b459cbbc988d1f6730289ae.sdkstatcache -fmessage-length\=0 -fdiagnostics-show-note-include-stack -fmacro-backtrace-limit\=0 -fno-color-diagnostics -Wno-trigraphs -Wno-missing-field-initializers -Wno-missing-prototypes -Wunreachable-code -Wnon-virtual-dtor -Wno-overloaded-virtual -Wno-exit-time-destructors -Wno-missing-braces -Wparentheses -Wswitch -Wunused-function -Wno-unused-label -Wno-unused-parameter -Wunused-variable -Wunused-value -Wempty-body -Wuninitialized -Wno-unknown-pragmas -Wno-shadow -Wno-four-char-constants -Wno-conversion -Wconstant-conversion -Wint-conversion -Wbool-conversion -Wenum-conversion -Wno-float-conversion -Wnon-literal-null-conversion -Wobjc-literal-conversion -Wshorten-64-to-32 -Wno-newline-eof -Wno-c++11-extensions -Wno-implicit-fallthrough -fstrict-aliasing -Wdeprecated-declarations -Winvalid-offsetof -Wno-sign-conversion -Winfinite-recursion -Wmove -Wcomma -Wblock-capture-autoreleasing -Wstrict-prototypes -Wrange-loop-analysis -Wno-semicolon-before-method-body -Wreorder -Wno-reorder -Wno-inconsistent-missing-override @/Users/martin/Documents/SideChain/SideChain/Builds/MacOSX/build/release-assets/SideChainer-0.4.1-macOS-PRODUCTION-CANDIDATE-20261005/DerivedData/Build/Intermediates.noindex/SideChain.build/Release/SideChain\ -\ Shared\ Code.build/Objects-normal/arm64/82b82416624d2658e5098eb0a28c15c5-common-args.resp -MMD -MT dependencies -MF /Users/martin/Documents/SideChain/SideChain/Builds/MacOSX/build/release-assets/SideChainer-0.4.1-macOS-PRODUCTION-CANDIDATE-20261005/DerivedData/Build/Intermediates.noindex/SideChain.build/Release/SideChain\ -\ Shared\ Code.build/Objects-normal/arm64/GraphComponent.d --serialize-diagnostics /Users/martin/Documents/SideChain/SideChain/Builds/MacOSX/build/release-assets/SideChainer-0.4.1-macOS-PRODUCTION-CANDIDATE-20261005/DerivedData/Build/Intermediates.noindex/SideChain.build/Release/SideChain\ -\ Shared\ Code.build/Objects-normal/arm64/GraphComponent.dia -c /Users/martin/Documents/SideChain/SideChain/Source/GraphComponent.cpp -o /Users/martin/Documents/SideChain/SideChain/Builds/MacOSX/build/release-assets/SideChainer-0.4.1-macOS-PRODUCTION-CANDIDATE-20261005/DerivedData/Build/Intermediates.noindex/SideChain.build/Release/SideChain\ -\ Shared\ Code.build/Objects-normal/arm64/GraphComponent.o

CompileC /Users/martin/Documents/SideChain/SideChain/Builds/MacOSX/build/release-assets/SideChainer-0.4.1-macOS-PRODUCTION-CANDIDATE-20261005/DerivedData/Build/Intermediates.noindex/SideChain.build/Release/SideChain\ -\ Shared\ Code.build/Objects-normal/arm64/BinaryData.o /Users/martin/Documents/SideChain/SideChain/JuceLibraryCode/BinaryData.cpp normal arm64 c++ com.apple.compilers.llvm.clang.1_0.compiler (in target 'SideChain - Shared Code' from project 'SideChain')
    cd /Users/martin/Documents/SideChain/SideChain/Builds/MacOSX
    
    Using response file: /Users/martin/Documents/SideChain/SideChain/Builds/MacOSX/build/release-assets/SideChainer-0.4.1-macOS-PRODUCTION-CANDIDATE-20261005/DerivedData/Build/Intermediates.noindex/SideChain.build/Release/SideChain - Shared Code.build/Objects-normal/arm64/82b82416624d2658e5098eb0a28c15c5-common-args.resp
    
    /Applications/Xcode.app/Contents/Developer/Toolchains/XcodeDefault.xctoolchain/usr/bin/clang -x c++ -ivfsstatcache /Users/martin/Documents/SideChain/SideChain/Builds/MacOSX/build/release-assets/SideChainer-0.4.1-macOS-PRODUCTION-CANDIDATE-20261005/DerivedData/SDKStatCaches.noindex/macosx26.2-25C58-00fa09913b459cbbc988d1f6730289ae.sdkstatcache -fmessage-length\=0 -fdiagnostics-show-note-include-stack -fmacro-backtrace-limit\=0 -fno-color-diagnostics -Wno-trigraphs -Wno-missing-field-initializers -Wno-missing-prototypes -Wunreachable-code -Wnon-virtual-dtor -Wno-overloaded-virtual -Wno-exit-time-destructors -Wno-missing-braces -Wparentheses -Wswitch -Wunused-function -Wno-unused-label -Wno-unused-parameter -Wunused-variable -Wunused-value -Wempty-body -Wuninitialized -Wno-unknown-pragmas -Wno-shadow -Wno-four-char-constants -Wno-conversion -Wconstant-conversion -Wint-conversion -Wbool-conversion -Wenum-conversion -Wno-float-conversion -Wnon-literal-null-conversion -Wobjc-literal-conversion -Wshorten-64-to-32 -Wno-newline-eof -Wno-c++11-extensions -Wno-implicit-fallthrough -fstrict-aliasing -Wdeprecated-declarations -Winvalid-offsetof -Wno-sign-conversion -Winfinite-recursion -Wmove -Wcomma -Wblock-capture-autoreleasing -Wstrict-prototypes -Wrange-loop-analysis -Wno-semicolon-before-method-body -Wreorder -Wno-reorder -Wno-inconsistent-missing-override @/Users/martin/Documents/SideChain/SideChain/Builds/MacOSX/build/release-assets/SideChainer-0.4.1-macOS-PRODUCTION-CANDIDATE-20261005/DerivedData/Build/Intermediates.noindex/SideChain.build/Release/SideChain\ -\ Shared\ Code.build/Objects-normal/arm64/82b82416624d2658e5098eb0a28c15c5-common-args.resp -MMD -MT dependencies -MF /Users/martin/Documents/SideChain/SideChain/Builds/MacOSX/build/release-assets/SideChainer-0.4.1-macOS-PRODUCTION-CANDIDATE-20261005/DerivedData/Build/Intermediates.noindex/SideChain.build/Release/SideChain\ -\ Shared\ Code.build/Objects-normal/arm64/BinaryData.d --serialize-diagnostics /Users/martin/Documents/SideChain/SideChain/Builds/MacOSX/build/release-assets/SideChainer-0.4.1-macOS-PRODUCTION-CANDIDATE-20261005/DerivedData/Build/Intermediates.noindex/SideChain.build/Release/SideChain\ -\ Shared\ Code.build/Objects-normal/arm64/BinaryData.dia -c /Users/martin/Documents/SideChain/SideChain/JuceLibraryCode/BinaryData.cpp -o /Users/martin/Documents/SideChain/SideChain/Builds/MacOSX/build/release-assets/SideChainer-0.4.1-macOS-PRODUCTION-CANDIDATE-20261005/DerivedData/Build/Intermediates.noindex/SideChain.build/Release/SideChain\ -\ Shared\ Code.build/Objects-normal/arm64/BinaryData.o

Libtool /Users/martin/Documents/SideChain/SideChain/Builds/MacOSX/build/release-assets/SideChainer-0.4.1-macOS-PRODUCTION-CANDIDATE-20261005/DerivedData/Build/Intermediates.noindex/SideChain.build/Release/SideChain\ -\ Shared\ Code.build/Objects-normal/x86_64/Binary/libSideChain.a normal x86_64 (in target 'SideChain - Shared Code' from project 'SideChain')
    cd /Users/martin/Documents/SideChain/SideChain/Builds/MacOSX
    /Applications/Xcode.app/Contents/Developer/Toolchains/XcodeDefault.xctoolchain/usr/bin/libtool -static -arch_only x86_64 -D -syslibroot /Applications/Xcode.app/Contents/Developer/Platforms/MacOSX.platform/Developer/SDKs/MacOSX26.2.sdk -L/Users/martin/Documents/SideChain/SideChain/Builds/MacOSX/build/release-assets/SideChainer-0.4.1-macOS-PRODUCTION-CANDIDATE-20261005/BuiltProducts/Release -filelist /Users/martin/Documents/SideChain/SideChain/Builds/MacOSX/build/release-assets/SideChainer-0.4.1-macOS-PRODUCTION-CANDIDATE-20261005/DerivedData/Build/Intermediates.noindex/SideChain.build/Release/SideChain\ -\ Shared\ Code.build/Objects-normal/x86_64/SideChain.LinkFileList -dependency_info /Users/martin/Documents/SideChain/SideChain/Builds/MacOSX/build/release-assets/SideChainer-0.4.1-macOS-PRODUCTION-CANDIDATE-20261005/DerivedData/Build/Intermediates.noindex/SideChain.build/Release/SideChain\ -\ Shared\ Code.build/Objects-normal/x86_64/SideChain_libtool_dependency_info.dat -o /Users/martin/Documents/SideChain/SideChain/Builds/MacOSX/build/release-assets/SideChainer-0.4.1-macOS-PRODUCTION-CANDIDATE-20261005/DerivedData/Build/Intermediates.noindex/SideChain.build/Release/SideChain\ -\ Shared\ Code.build/Objects-normal/x86_64/Binary/libSideChain.a

Libtool /Users/martin/Documents/SideChain/SideChain/Builds/MacOSX/build/release-assets/SideChainer-0.4.1-macOS-PRODUCTION-CANDIDATE-20261005/DerivedData/Build/Intermediates.noindex/SideChain.build/Release/SideChain\ -\ Shared\ Code.build/Objects-normal/arm64/Binary/libSideChain.a normal arm64 (in target 'SideChain - Shared Code' from project 'SideChain')
    cd /Users/martin/Documents/SideChain/SideChain/Builds/MacOSX
    /Applications/Xcode.app/Contents/Developer/Toolchains/XcodeDefault.xctoolchain/usr/bin/libtool -static -arch_only arm64 -D -syslibroot /Applications/Xcode.app/Contents/Developer/Platforms/MacOSX.platform/Developer/SDKs/MacOSX26.2.sdk -L/Users/martin/Documents/SideChain/SideChain/Builds/MacOSX/build/release-assets/SideChainer-0.4.1-macOS-PRODUCTION-CANDIDATE-20261005/BuiltProducts/Release -filelist /Users/martin/Documents/SideChain/SideChain/Builds/MacOSX/build/release-assets/SideChainer-0.4.1-macOS-PRODUCTION-CANDIDATE-20261005/DerivedData/Build/Intermediates.noindex/SideChain.build/Release/SideChain\ -\ Shared\ Code.build/Objects-normal/arm64/SideChain.LinkFileList -dependency_info /Users/martin/Documents/SideChain/SideChain/Builds/MacOSX/build/release-assets/SideChainer-0.4.1-macOS-PRODUCTION-CANDIDATE-20261005/DerivedData/Build/Intermediates.noindex/SideChain.build/Release/SideChain\ -\ Shared\ Code.build/Objects-normal/arm64/SideChain_libtool_dependency_info.dat -o /Users/martin/Documents/SideChain/SideChain/Builds/MacOSX/build/release-assets/SideChainer-0.4.1-macOS-PRODUCTION-CANDIDATE-20261005/DerivedData/Build/Intermediates.noindex/SideChain.build/Release/SideChain\ -\ Shared\ Code.build/Objects-normal/arm64/Binary/libSideChain.a

CreateUniversalBinary /Users/martin/Documents/SideChain/SideChain/Builds/MacOSX/build/release-assets/SideChainer-0.4.1-macOS-PRODUCTION-CANDIDATE-20261005/BuiltProducts/Release/libSideChain.a normal arm64\ x86_64 (in target 'SideChain - Shared Code' from project 'SideChain')
    cd /Users/martin/Documents/SideChain/SideChain/Builds/MacOSX
    /Applications/Xcode.app/Contents/Developer/Toolchains/XcodeDefault.xctoolchain/usr/bin/lipo -create /Users/martin/Documents/SideChain/SideChain/Builds/MacOSX/build/release-assets/SideChainer-0.4.1-macOS-PRODUCTION-CANDIDATE-20261005/DerivedData/Build/Intermediates.noindex/SideChain.build/Release/SideChain\ -\ Shared\ Code.build/Objects-normal/arm64/Binary/libSideChain.a /Users/martin/Documents/SideChain/SideChain/Builds/MacOSX/build/release-assets/SideChainer-0.4.1-macOS-PRODUCTION-CANDIDATE-20261005/DerivedData/Build/Intermediates.noindex/SideChain.build/Release/SideChain\ -\ Shared\ Code.build/Objects-normal/x86_64/Binary/libSideChain.a -output /Users/martin/Documents/SideChain/SideChain/Builds/MacOSX/build/release-assets/SideChainer-0.4.1-macOS-PRODUCTION-CANDIDATE-20261005/BuiltProducts/Release/libSideChain.a

StripNIB /Users/martin/Documents/SideChain/SideChain/Builds/MacOSX/RecentFilesMenuTemplate.nib (in target 'SideChain - VST3' from project 'SideChain')
    cd /Users/martin/Documents/SideChain/SideChain/Builds/MacOSX
    /Applications/Xcode.app/Contents/Developer/usr/bin/ibtool --strip /Users/martin/Documents/SideChain/SideChain/Builds/MacOSX/build/release-assets/SideChainer-0.4.1-macOS-PRODUCTION-CANDIDATE-20261005/BuiltProducts/Release/SideChain.vst3/Contents/Resources/RecentFilesMenuTemplate.nib --output-format human-readable-text /Users/martin/Documents/SideChain/SideChain/Builds/MacOSX/RecentFilesMenuTemplate.nib

StripNIB /Users/martin/Documents/SideChain/SideChain/Builds/MacOSX/RecentFilesMenuTemplate.nib (in target 'SideChain - AU' from project 'SideChain')
    cd /Users/martin/Documents/SideChain/SideChain/Builds/MacOSX
    /Applications/Xcode.app/Contents/Developer/usr/bin/ibtool --strip /Users/martin/Documents/SideChain/SideChain/Builds/MacOSX/build/release-assets/SideChainer-0.4.1-macOS-PRODUCTION-CANDIDATE-20261005/BuiltProducts/Release/SideChain.component/Contents/Resources/RecentFilesMenuTemplate.nib --output-format human-readable-text /Users/martin/Documents/SideChain/SideChain/Builds/MacOSX/RecentFilesMenuTemplate.nib

ProcessInfoPlistFile /Users/martin/Documents/SideChain/SideChain/Builds/MacOSX/build/release-assets/SideChainer-0.4.1-macOS-PRODUCTION-CANDIDATE-20261005/BuiltProducts/Release/SideChain.vst3/Contents/Info.plist /Users/martin/Documents/SideChain/SideChain/Builds/MacOSX/Info-VST3.plist (in target 'SideChain - VST3' from project 'SideChain')
    cd /Users/martin/Documents/SideChain/SideChain/Builds/MacOSX
    builtin-infoPlistUtility /Users/martin/Documents/SideChain/SideChain/Builds/MacOSX/Info-VST3.plist -producttype com.apple.product-type.bundle -genpkginfo /Users/martin/Documents/SideChain/SideChain/Builds/MacOSX/build/release-assets/SideChainer-0.4.1-macOS-PRODUCTION-CANDIDATE-20261005/BuiltProducts/Release/SideChain.vst3/Contents/PkgInfo -expandbuildsettings -platform macosx -o /Users/martin/Documents/SideChain/SideChain/Builds/MacOSX/build/release-assets/SideChainer-0.4.1-macOS-PRODUCTION-CANDIDATE-20261005/BuiltProducts/Release/SideChain.vst3/Contents/Info.plist

ProcessInfoPlistFile /Users/martin/Documents/SideChain/SideChain/Builds/MacOSX/build/release-assets/SideChainer-0.4.1-macOS-PRODUCTION-CANDIDATE-20261005/BuiltProducts/Release/SideChain.component/Contents/Info.plist /Users/martin/Documents/SideChain/SideChain/Builds/MacOSX/Info-AU.plist (in target 'SideChain - AU' from project 'SideChain')
    cd /Users/martin/Documents/SideChain/SideChain/Builds/MacOSX
    builtin-infoPlistUtility /Users/martin/Documents/SideChain/SideChain/Builds/MacOSX/Info-AU.plist -producttype com.apple.product-type.bundle -genpkginfo /Users/martin/Documents/SideChain/SideChain/Builds/MacOSX/build/release-assets/SideChainer-0.4.1-macOS-PRODUCTION-CANDIDATE-20261005/BuiltProducts/Release/SideChain.component/Contents/PkgInfo -expandbuildsettings -platform macosx -o /Users/martin/Documents/SideChain/SideChain/Builds/MacOSX/build/release-assets/SideChainer-0.4.1-macOS-PRODUCTION-CANDIDATE-20261005/BuiltProducts/Release/SideChain.component/Contents/Info.plist

Ld /Users/martin/Documents/SideChain/SideChain/Builds/MacOSX/build/release-assets/SideChainer-0.4.1-macOS-PRODUCTION-CANDIDATE-20261005/DerivedData/Build/Intermediates.noindex/SideChain.build/Release/SideChain\ -\ VST3.build/Objects-normal/arm64/Binary/SideChain normal arm64 (in target 'SideChain - VST3' from project 'SideChain')
    cd /Users/martin/Documents/SideChain/SideChain/Builds/MacOSX
    /Applications/Xcode.app/Contents/Developer/Toolchains/XcodeDefault.xctoolchain/usr/bin/clang++ -Xlinker -reproducible -target arm64-apple-macos11.00 -bundle -isysroot /Applications/Xcode.app/Contents/Developer/Platforms/MacOSX.platform/Developer/SDKs/MacOSX26.2.sdk -O3 -L/Users/martin/Documents/SideChain/SideChain/Builds/MacOSX/build/release-assets/SideChainer-0.4.1-macOS-PRODUCTION-CANDIDATE-20261005/DerivedData/Build/Intermediates.noindex/EagerLinkingTBDs/Release -L/Users/martin/Documents/SideChain/SideChain/Builds/MacOSX/build/release-assets/SideChainer-0.4.1-macOS-PRODUCTION-CANDIDATE-20261005/BuiltProducts/Release -F/Users/martin/Documents/SideChain/SideChain/Builds/MacOSX/build/release-assets/SideChainer-0.4.1-macOS-PRODUCTION-CANDIDATE-20261005/DerivedData/Build/Intermediates.noindex/EagerLinkingTBDs/Release -F/Users/martin/Documents/SideChain/SideChain/Builds/MacOSX/build/release-assets/SideChainer-0.4.1-macOS-PRODUCTION-CANDIDATE-20261005/BuiltProducts/Release -filelist /Users/martin/Documents/SideChain/SideChain/Builds/MacOSX/build/release-assets/SideChainer-0.4.1-macOS-PRODUCTION-CANDIDATE-20261005/DerivedData/Build/Intermediates.noindex/SideChain.build/Release/SideChain\ -\ VST3.build/Objects-normal/arm64/SideChain.LinkFileList -dead_strip -Xlinker -dependency_info -Xlinker /Users/martin/Documents/SideChain/SideChain/Builds/MacOSX/build/release-assets/SideChainer-0.4.1-macOS-PRODUCTION-CANDIDATE-20261005/DerivedData/Build/Intermediates.noindex/SideChain.build/Release/SideChain\ -\ VST3.build/Objects-normal/arm64/SideChain_dependency_info.dat -stdlib\=libc++ -bundle -lSideChain -framework Accelerate -framework AudioToolbox -framework Carbon -framework Cocoa -framework CoreAudio -framework CoreAudioKit -framework CoreMIDI -framework DiscRecording -framework Foundation -framework IOKit -framework QuartzCore -framework WebKit -o /Users/martin/Documents/SideChain/SideChain/Builds/MacOSX/build/release-assets/SideChainer-0.4.1-macOS-PRODUCTION-CANDIDATE-20261005/DerivedData/Build/Intermediates.noindex/SideChain.build/Release/SideChain\ -\ VST3.build/Objects-normal/arm64/Binary/SideChain

Ld /Users/martin/Documents/SideChain/SideChain/Builds/MacOSX/build/release-assets/SideChainer-0.4.1-macOS-PRODUCTION-CANDIDATE-20261005/DerivedData/Build/Intermediates.noindex/SideChain.build/Release/SideChain\ -\ VST3.build/Objects-normal/x86_64/Binary/SideChain normal x86_64 (in target 'SideChain - VST3' from project 'SideChain')
    cd /Users/martin/Documents/SideChain/SideChain/Builds/MacOSX
    /Applications/Xcode.app/Contents/Developer/Toolchains/XcodeDefault.xctoolchain/usr/bin/clang++ -Xlinker -reproducible -target x86_64-apple-macos11.00 -bundle -isysroot /Applications/Xcode.app/Contents/Developer/Platforms/MacOSX.platform/Developer/SDKs/MacOSX26.2.sdk -O3 -L/Users/martin/Documents/SideChain/SideChain/Builds/MacOSX/build/release-assets/SideChainer-0.4.1-macOS-PRODUCTION-CANDIDATE-20261005/DerivedData/Build/Intermediates.noindex/EagerLinkingTBDs/Release -L/Users/martin/Documents/SideChain/SideChain/Builds/MacOSX/build/release-assets/SideChainer-0.4.1-macOS-PRODUCTION-CANDIDATE-20261005/BuiltProducts/Release -F/Users/martin/Documents/SideChain/SideChain/Builds/MacOSX/build/release-assets/SideChainer-0.4.1-macOS-PRODUCTION-CANDIDATE-20261005/DerivedData/Build/Intermediates.noindex/EagerLinkingTBDs/Release -F/Users/martin/Documents/SideChain/SideChain/Builds/MacOSX/build/release-assets/SideChainer-0.4.1-macOS-PRODUCTION-CANDIDATE-20261005/BuiltProducts/Release -filelist /Users/martin/Documents/SideChain/SideChain/Builds/MacOSX/build/release-assets/SideChainer-0.4.1-macOS-PRODUCTION-CANDIDATE-20261005/DerivedData/Build/Intermediates.noindex/SideChain.build/Release/SideChain\ -\ VST3.build/Objects-normal/x86_64/SideChain.LinkFileList -dead_strip -Xlinker -dependency_info -Xlinker /Users/martin/Documents/SideChain/SideChain/Builds/MacOSX/build/release-assets/SideChainer-0.4.1-macOS-PRODUCTION-CANDIDATE-20261005/DerivedData/Build/Intermediates.noindex/SideChain.build/Release/SideChain\ -\ VST3.build/Objects-normal/x86_64/SideChain_dependency_info.dat -stdlib\=libc++ -bundle -lSideChain -framework Accelerate -framework AudioToolbox -framework Carbon -framework Cocoa -framework CoreAudio -framework CoreAudioKit -framework CoreMIDI -framework DiscRecording -framework Foundation -framework IOKit -framework QuartzCore -framework WebKit -o /Users/martin/Documents/SideChain/SideChain/Builds/MacOSX/build/release-assets/SideChainer-0.4.1-macOS-PRODUCTION-CANDIDATE-20261005/DerivedData/Build/Intermediates.noindex/SideChain.build/Release/SideChain\ -\ VST3.build/Objects-normal/x86_64/Binary/SideChain

CreateUniversalBinary /Users/martin/Documents/SideChain/SideChain/Builds/MacOSX/build/release-assets/SideChainer-0.4.1-macOS-PRODUCTION-CANDIDATE-20261005/BuiltProducts/Release/SideChain.vst3/Contents/MacOS/SideChain normal arm64\ x86_64 (in target 'SideChain - VST3' from project 'SideChain')
    cd /Users/martin/Documents/SideChain/SideChain/Builds/MacOSX
    /Applications/Xcode.app/Contents/Developer/Toolchains/XcodeDefault.xctoolchain/usr/bin/lipo -create /Users/martin/Documents/SideChain/SideChain/Builds/MacOSX/build/release-assets/SideChainer-0.4.1-macOS-PRODUCTION-CANDIDATE-20261005/DerivedData/Build/Intermediates.noindex/SideChain.build/Release/SideChain\ -\ VST3.build/Objects-normal/arm64/Binary/SideChain /Users/martin/Documents/SideChain/SideChain/Builds/MacOSX/build/release-assets/SideChainer-0.4.1-macOS-PRODUCTION-CANDIDATE-20261005/DerivedData/Build/Intermediates.noindex/SideChain.build/Release/SideChain\ -\ VST3.build/Objects-normal/x86_64/Binary/SideChain -output /Users/martin/Documents/SideChain/SideChain/Builds/MacOSX/build/release-assets/SideChainer-0.4.1-macOS-PRODUCTION-CANDIDATE-20261005/BuiltProducts/Release/SideChain.vst3/Contents/MacOS/SideChain

Rez /Users/martin/Documents/SideChain/SideChain/Builds/MacOSX/build/release-assets/SideChainer-0.4.1-macOS-PRODUCTION-CANDIDATE-20261005/DerivedData/Build/Intermediates.noindex/SideChain.build/Release/SideChain\ -\ AU.build/ResourceManagerResources/Objects/include_juce_audio_plugin_client_AU.rsrc /Users/martin/Documents/SideChain/SideChain/JuceLibraryCode/include_juce_audio_plugin_client_AU.r (in target 'SideChain - AU' from project 'SideChain')
    cd /Users/martin/Documents/SideChain/SideChain/Builds/MacOSX
    /Applications/Xcode.app/Contents/Developer/usr/bin/Rez -o /Users/martin/Documents/SideChain/SideChain/Builds/MacOSX/build/release-assets/SideChainer-0.4.1-macOS-PRODUCTION-CANDIDATE-20261005/DerivedData/Build/Intermediates.noindex/SideChain.build/Release/SideChain\ -\ AU.build/ResourceManagerResources/Objects/include_juce_audio_plugin_client_AU.rsrc -d SystemSevenOrLater\=1 -useDF -script Roman -d ppc_\$ppc -d i386_\$i386 -d ppc64_\$ppc64 -d x86_64_YES -d arm64_YES -I /System/Library/Frameworks/CoreServices.framework/Frameworks/CarbonCore.framework/Versions/A/Headers -I /Applications/Xcode.app/Contents/Developer/Extras/CoreAudio/AudioUnits/AUPublic/AUBase -I /Applications/Xcode.app/Contents/Developer/Platforms/MacOSX.platform/Developer/SDKs/MacOSX.sdk/System/Library/Frameworks/AudioUnit.framework/Headers -arch arm64 -arch x86_64 -i /Users/martin/Documents/SideChain/SideChain/Builds/MacOSX/build/release-assets/SideChainer-0.4.1-macOS-PRODUCTION-CANDIDATE-20261005/BuiltProducts/Release -i /Users/martin/Documents/SideChain/SideChain/Builds/MacOSX/build/release-assets/SideChainer-0.4.1-macOS-PRODUCTION-CANDIDATE-20261005/BuiltProducts/Release -i /Users/martin/Documents/SideChain/SideChain/Builds/MacOSX/build/release-assets/SideChainer-0.4.1-macOS-PRODUCTION-CANDIDATE-20261005/BuiltProducts/Release/include -i /Users/martin/Documents/HISE/JUCE/modules/juce_audio_processors/format_types/VST3_SDK -i /Users/martin/Documents/SideChain/SideChain/% -i /Users/martin/Documents/SideChain/SideChain/JuceLibraryCode -i /Users/martin/Documents/HISE/JUCE/modules -i /Users/martin/Documents/HISE/JUCE/modules/juce_audio_plugin_client -isysroot /Applications/Xcode.app/Contents/Developer/Platforms/MacOSX.platform/Developer/SDKs/MacOSX26.2.sdk /Users/martin/Documents/SideChain/SideChain/JuceLibraryCode/include_juce_audio_plugin_client_AU.r

RegisterExecutionPolicyException /Users/martin/Documents/SideChain/SideChain/Builds/MacOSX/build/release-assets/SideChainer-0.4.1-macOS-PRODUCTION-CANDIDATE-20261005/BuiltProducts/Release/SideChain.vst3 (in target 'SideChain - VST3' from project 'SideChain')
    cd /Users/martin/Documents/SideChain/SideChain/Builds/MacOSX
    builtin-RegisterExecutionPolicyException /Users/martin/Documents/SideChain/SideChain/Builds/MacOSX/build/release-assets/SideChainer-0.4.1-macOS-PRODUCTION-CANDIDATE-20261005/BuiltProducts/Release/SideChain.vst3

Touch /Users/martin/Documents/SideChain/SideChain/Builds/MacOSX/build/release-assets/SideChainer-0.4.1-macOS-PRODUCTION-CANDIDATE-20261005/BuiltProducts/Release/SideChain.vst3 (in target 'SideChain - VST3' from project 'SideChain')
    cd /Users/martin/Documents/SideChain/SideChain/Builds/MacOSX
    /usr/bin/touch -c /Users/martin/Documents/SideChain/SideChain/Builds/MacOSX/build/release-assets/SideChainer-0.4.1-macOS-PRODUCTION-CANDIDATE-20261005/BuiltProducts/Release/SideChain.vst3

ResMergerCollector /Users/martin/Documents/SideChain/SideChain/Builds/MacOSX/build/release-assets/SideChainer-0.4.1-macOS-PRODUCTION-CANDIDATE-20261005/DerivedData/Build/Intermediates.noindex/SideChain.build/Release/SideChain\ -\ AU.build/ResourceManagerResources/SideChain.rsrc (in target 'SideChain - AU' from project 'SideChain')
    cd /Users/martin/Documents/SideChain/SideChain/Builds/MacOSX
    /Applications/Xcode.app/Contents/Developer/usr/bin/ResMerger -dstIs DF /Users/martin/Documents/SideChain/SideChain/Builds/MacOSX/build/release-assets/SideChainer-0.4.1-macOS-PRODUCTION-CANDIDATE-20261005/DerivedData/Build/Intermediates.noindex/SideChain.build/Release/SideChain\ -\ AU.build/ResourceManagerResources/Objects/include_juce_audio_plugin_client_AU.rsrc -o /Users/martin/Documents/SideChain/SideChain/Builds/MacOSX/build/release-assets/SideChainer-0.4.1-macOS-PRODUCTION-CANDIDATE-20261005/DerivedData/Build/Intermediates.noindex/SideChain.build/Release/SideChain\ -\ AU.build/ResourceManagerResources/SideChain.rsrc

ResMergerProduct /Users/martin/Documents/SideChain/SideChain/Builds/MacOSX/build/release-assets/SideChainer-0.4.1-macOS-PRODUCTION-CANDIDATE-20261005/BuiltProducts/Release/SideChain.component/Contents/Resources/SideChain.rsrc (in target 'SideChain - AU' from project 'SideChain')
    cd /Users/martin/Documents/SideChain/SideChain/Builds/MacOSX
    /Applications/Xcode.app/Contents/Developer/usr/bin/ResMerger /Users/martin/Documents/SideChain/SideChain/Builds/MacOSX/build/release-assets/SideChainer-0.4.1-macOS-PRODUCTION-CANDIDATE-20261005/DerivedData/Build/Intermediates.noindex/SideChain.build/Release/SideChain\ -\ AU.build/ResourceManagerResources/SideChain.rsrc -dstIs DF -o /Users/martin/Documents/SideChain/SideChain/Builds/MacOSX/build/release-assets/SideChainer-0.4.1-macOS-PRODUCTION-CANDIDATE-20261005/BuiltProducts/Release/SideChain.component/Contents/Resources/SideChain.rsrc

CompileC /Users/martin/Documents/SideChain/SideChain/Builds/MacOSX/build/release-assets/SideChainer-0.4.1-macOS-PRODUCTION-CANDIDATE-20261005/DerivedData/Build/Intermediates.noindex/SideChain.build/Release/SideChain\ -\ AU.build/Objects-normal/arm64/include_juce_audio_plugin_client_AU_2.o /Users/martin/Documents/SideChain/SideChain/JuceLibraryCode/include_juce_audio_plugin_client_AU_2.mm normal arm64 objective-c++ com.apple.compilers.llvm.clang.1_0.compiler (in target 'SideChain - AU' from project 'SideChain')
    cd /Users/martin/Documents/SideChain/SideChain/Builds/MacOSX
    
    Using response file: /Users/martin/Documents/SideChain/SideChain/Builds/MacOSX/build/release-assets/SideChainer-0.4.1-macOS-PRODUCTION-CANDIDATE-20261005/DerivedData/Build/Intermediates.noindex/SideChain.build/Release/SideChain - AU.build/Objects-normal/arm64/af3fcb34312c57c0f52879cdce924b91-common-args.resp
    
    /Applications/Xcode.app/Contents/Developer/Toolchains/XcodeDefault.xctoolchain/usr/bin/clang -x objective-c++ -ivfsstatcache /Users/martin/Documents/SideChain/SideChain/Builds/MacOSX/build/release-assets/SideChainer-0.4.1-macOS-PRODUCTION-CANDIDATE-20261005/DerivedData/SDKStatCaches.noindex/macosx26.2-25C58-00fa09913b459cbbc988d1f6730289ae.sdkstatcache -fmessage-length\=0 -fdiagnostics-show-note-include-stack -fmacro-backtrace-limit\=0 -fno-color-diagnostics -Wno-trigraphs -Wno-missing-field-initializers -Wno-missing-prototypes -Wunreachable-code -Wno-implicit-atomic-properties -Wno-objc-interface-ivars -Wno-arc-repeated-use-of-weak -Wimplicit-retain-self -Wnon-virtual-dtor -Wno-overloaded-virtual -Wno-exit-time-destructors -Wduplicate-method-match -Wno-missing-braces -Wparentheses -Wswitch -Wunused-function -Wno-unused-label -Wno-unused-parameter -Wunused-variable -Wunused-value -Wempty-body -Wuninitialized -Wno-unknown-pragmas -Wno-shadow -Wno-four-char-constants -Wno-conversion -Wconstant-conversion -Wint-conversion -Wbool-conversion -Wenum-conversion -Wno-float-conversion -Wnon-literal-null-conversion -Wobjc-literal-conversion -Wshorten-64-to-32 -Wno-newline-eof -Wno-selector -Wno-strict-selector-match -Wundeclared-selector -Wdeprecated-implementations -Wno-c++11-extensions -Wno-implicit-fallthrough -fstrict-aliasing -Wprotocol -Wdeprecated-declarations -Winvalid-offsetof -Wno-sign-conversion -Winfinite-recursion -Wmove -Wcomma -Wblock-capture-autoreleasing -Wstrict-prototypes -Wrange-loop-analysis -Wno-semicolon-before-method-body -Wreorder -Wno-reorder -Wno-inconsistent-missing-override @/Users/martin/Documents/SideChain/SideChain/Builds/MacOSX/build/release-assets/SideChainer-0.4.1-macOS-PRODUCTION-CANDIDATE-20261005/DerivedData/Build/Intermediates.noindex/SideChain.build/Release/SideChain\ -\ AU.build/Objects-normal/arm64/af3fcb34312c57c0f52879cdce924b91-common-args.resp -MMD -MT dependencies -MF /Users/martin/Documents/SideChain/SideChain/Builds/MacOSX/build/release-assets/SideChainer-0.4.1-macOS-PRODUCTION-CANDIDATE-20261005/DerivedData/Build/Intermediates.noindex/SideChain.build/Release/SideChain\ -\ AU.build/Objects-normal/arm64/include_juce_audio_plugin_client_AU_2.d --serialize-diagnostics /Users/martin/Documents/SideChain/SideChain/Builds/MacOSX/build/release-assets/SideChainer-0.4.1-macOS-PRODUCTION-CANDIDATE-20261005/DerivedData/Build/Intermediates.noindex/SideChain.build/Release/SideChain\ -\ AU.build/Objects-normal/arm64/include_juce_audio_plugin_client_AU_2.dia -c /Users/martin/Documents/SideChain/SideChain/JuceLibraryCode/include_juce_audio_plugin_client_AU_2.mm -o /Users/martin/Documents/SideChain/SideChain/Builds/MacOSX/build/release-assets/SideChainer-0.4.1-macOS-PRODUCTION-CANDIDATE-20261005/DerivedData/Build/Intermediates.noindex/SideChain.build/Release/SideChain\ -\ AU.build/Objects-normal/arm64/include_juce_audio_plugin_client_AU_2.o

CompileC /Users/martin/Documents/SideChain/SideChain/Builds/MacOSX/build/release-assets/SideChainer-0.4.1-macOS-PRODUCTION-CANDIDATE-20261005/DerivedData/Build/Intermediates.noindex/SideChain.build/Release/SideChain\ -\ AU.build/Objects-normal/arm64/include_juce_audio_plugin_client_AU_1.o /Users/martin/Documents/SideChain/SideChain/JuceLibraryCode/include_juce_audio_plugin_client_AU_1.mm normal arm64 objective-c++ com.apple.compilers.llvm.clang.1_0.compiler (in target 'SideChain - AU' from project 'SideChain')
    cd /Users/martin/Documents/SideChain/SideChain/Builds/MacOSX
    
    Using response file: /Users/martin/Documents/SideChain/SideChain/Builds/MacOSX/build/release-assets/SideChainer-0.4.1-macOS-PRODUCTION-CANDIDATE-20261005/DerivedData/Build/Intermediates.noindex/SideChain.build/Release/SideChain - AU.build/Objects-normal/arm64/af3fcb34312c57c0f52879cdce924b91-common-args.resp
    
    /Applications/Xcode.app/Contents/Developer/Toolchains/XcodeDefault.xctoolchain/usr/bin/clang -x objective-c++ -ivfsstatcache /Users/martin/Documents/SideChain/SideChain/Builds/MacOSX/build/release-assets/SideChainer-0.4.1-macOS-PRODUCTION-CANDIDATE-20261005/DerivedData/SDKStatCaches.noindex/macosx26.2-25C58-00fa09913b459cbbc988d1f6730289ae.sdkstatcache -fmessage-length\=0 -fdiagnostics-show-note-include-stack -fmacro-backtrace-limit\=0 -fno-color-diagnostics -Wno-trigraphs -Wno-missing-field-initializers -Wno-missing-prototypes -Wunreachable-code -Wno-implicit-atomic-properties -Wno-objc-interface-ivars -Wno-arc-repeated-use-of-weak -Wimplicit-retain-self -Wnon-virtual-dtor -Wno-overloaded-virtual -Wno-exit-time-destructors -Wduplicate-method-match -Wno-missing-braces -Wparentheses -Wswitch -Wunused-function -Wno-unused-label -Wno-unused-parameter -Wunused-variable -Wunused-value -Wempty-body -Wuninitialized -Wno-unknown-pragmas -Wno-shadow -Wno-four-char-constants -Wno-conversion -Wconstant-conversion -Wint-conversion -Wbool-conversion -Wenum-conversion -Wno-float-conversion -Wnon-literal-null-conversion -Wobjc-literal-conversion -Wshorten-64-to-32 -Wno-newline-eof -Wno-selector -Wno-strict-selector-match -Wundeclared-selector -Wdeprecated-implementations -Wno-c++11-extensions -Wno-implicit-fallthrough -fstrict-aliasing -Wprotocol -Wdeprecated-declarations -Winvalid-offsetof -Wno-sign-conversion -Winfinite-recursion -Wmove -Wcomma -Wblock-capture-autoreleasing -Wstrict-prototypes -Wrange-loop-analysis -Wno-semicolon-before-method-body -Wreorder -Wno-reorder -Wno-inconsistent-missing-override @/Users/martin/Documents/SideChain/SideChain/Builds/MacOSX/build/release-assets/SideChainer-0.4.1-macOS-PRODUCTION-CANDIDATE-20261005/DerivedData/Build/Intermediates.noindex/SideChain.build/Release/SideChain\ -\ AU.build/Objects-normal/arm64/af3fcb34312c57c0f52879cdce924b91-common-args.resp -MMD -MT dependencies -MF /Users/martin/Documents/SideChain/SideChain/Builds/MacOSX/build/release-assets/SideChainer-0.4.1-macOS-PRODUCTION-CANDIDATE-20261005/DerivedData/Build/Intermediates.noindex/SideChain.build/Release/SideChain\ -\ AU.build/Objects-normal/arm64/include_juce_audio_plugin_client_AU_1.d --serialize-diagnostics /Users/martin/Documents/SideChain/SideChain/Builds/MacOSX/build/release-assets/SideChainer-0.4.1-macOS-PRODUCTION-CANDIDATE-20261005/DerivedData/Build/Intermediates.noindex/SideChain.build/Release/SideChain\ -\ AU.build/Objects-normal/arm64/include_juce_audio_plugin_client_AU_1.dia -c /Users/martin/Documents/SideChain/SideChain/JuceLibraryCode/include_juce_audio_plugin_client_AU_1.mm -o /Users/martin/Documents/SideChain/SideChain/Builds/MacOSX/build/release-assets/SideChainer-0.4.1-macOS-PRODUCTION-CANDIDATE-20261005/DerivedData/Build/Intermediates.noindex/SideChain.build/Release/SideChain\ -\ AU.build/Objects-normal/arm64/include_juce_audio_plugin_client_AU_1.o

CompileC /Users/martin/Documents/SideChain/SideChain/Builds/MacOSX/build/release-assets/SideChainer-0.4.1-macOS-PRODUCTION-CANDIDATE-20261005/DerivedData/Build/Intermediates.noindex/SideChain.build/Release/SideChain\ -\ AU.build/Objects-normal/x86_64/include_juce_audio_plugin_client_AU_2.o /Users/martin/Documents/SideChain/SideChain/JuceLibraryCode/include_juce_audio_plugin_client_AU_2.mm normal x86_64 objective-c++ com.apple.compilers.llvm.clang.1_0.compiler (in target 'SideChain - AU' from project 'SideChain')
    cd /Users/martin/Documents/SideChain/SideChain/Builds/MacOSX
    
    Using response file: /Users/martin/Documents/SideChain/SideChain/Builds/MacOSX/build/release-assets/SideChainer-0.4.1-macOS-PRODUCTION-CANDIDATE-20261005/DerivedData/Build/Intermediates.noindex/SideChain.build/Release/SideChain - AU.build/Objects-normal/x86_64/af3fcb34312c57c0f52879cdce924b91-common-args.resp
    
    /Applications/Xcode.app/Contents/Developer/Toolchains/XcodeDefault.xctoolchain/usr/bin/clang -x objective-c++ -ivfsstatcache /Users/martin/Documents/SideChain/SideChain/Builds/MacOSX/build/release-assets/SideChainer-0.4.1-macOS-PRODUCTION-CANDIDATE-20261005/DerivedData/SDKStatCaches.noindex/macosx26.2-25C58-00fa09913b459cbbc988d1f6730289ae.sdkstatcache -fmessage-length\=0 -fdiagnostics-show-note-include-stack -fmacro-backtrace-limit\=0 -fno-color-diagnostics -Wno-trigraphs -Wno-missing-field-initializers -Wno-missing-prototypes -Wunreachable-code -Wno-implicit-atomic-properties -Wno-objc-interface-ivars -Wno-arc-repeated-use-of-weak -Wimplicit-retain-self -Wnon-virtual-dtor -Wno-overloaded-virtual -Wno-exit-time-destructors -Wduplicate-method-match -Wno-missing-braces -Wparentheses -Wswitch -Wunused-function -Wno-unused-label -Wno-unused-parameter -Wunused-variable -Wunused-value -Wempty-body -Wuninitialized -Wno-unknown-pragmas -Wno-shadow -Wno-four-char-constants -Wno-conversion -Wconstant-conversion -Wint-conversion -Wbool-conversion -Wenum-conversion -Wno-float-conversion -Wnon-literal-null-conversion -Wobjc-literal-conversion -Wshorten-64-to-32 -Wno-newline-eof -Wno-selector -Wno-strict-selector-match -Wundeclared-selector -Wdeprecated-implementations -Wno-c++11-extensions -Wno-implicit-fallthrough -fstrict-aliasing -Wprotocol -Wdeprecated-declarations -Winvalid-offsetof -Wno-sign-conversion -Winfinite-recursion -Wmove -Wcomma -Wblock-capture-autoreleasing -Wstrict-prototypes -Wrange-loop-analysis -Wno-semicolon-before-method-body -Wreorder -Wno-reorder -Wno-inconsistent-missing-override @/Users/martin/Documents/SideChain/SideChain/Builds/MacOSX/build/release-assets/SideChainer-0.4.1-macOS-PRODUCTION-CANDIDATE-20261005/DerivedData/Build/Intermediates.noindex/SideChain.build/Release/SideChain\ -\ AU.build/Objects-normal/x86_64/af3fcb34312c57c0f52879cdce924b91-common-args.resp -MMD -MT dependencies -MF /Users/martin/Documents/SideChain/SideChain/Builds/MacOSX/build/release-assets/SideChainer-0.4.1-macOS-PRODUCTION-CANDIDATE-20261005/DerivedData/Build/Intermediates.noindex/SideChain.build/Release/SideChain\ -\ AU.build/Objects-normal/x86_64/include_juce_audio_plugin_client_AU_2.d --serialize-diagnostics /Users/martin/Documents/SideChain/SideChain/Builds/MacOSX/build/release-assets/SideChainer-0.4.1-macOS-PRODUCTION-CANDIDATE-20261005/DerivedData/Build/Intermediates.noindex/SideChain.build/Release/SideChain\ -\ AU.build/Objects-normal/x86_64/include_juce_audio_plugin_client_AU_2.dia -c /Users/martin/Documents/SideChain/SideChain/JuceLibraryCode/include_juce_audio_plugin_client_AU_2.mm -o /Users/martin/Documents/SideChain/SideChain/Builds/MacOSX/build/release-assets/SideChainer-0.4.1-macOS-PRODUCTION-CANDIDATE-20261005/DerivedData/Build/Intermediates.noindex/SideChain.build/Release/SideChain\ -\ AU.build/Objects-normal/x86_64/include_juce_audio_plugin_client_AU_2.o

CompileC /Users/martin/Documents/SideChain/SideChain/Builds/MacOSX/build/release-assets/SideChainer-0.4.1-macOS-PRODUCTION-CANDIDATE-20261005/DerivedData/Build/Intermediates.noindex/SideChain.build/Release/SideChain\ -\ AU.build/Objects-normal/x86_64/include_juce_audio_plugin_client_AU_1.o /Users/martin/Documents/SideChain/SideChain/JuceLibraryCode/include_juce_audio_plugin_client_AU_1.mm normal x86_64 objective-c++ com.apple.compilers.llvm.clang.1_0.compiler (in target 'SideChain - AU' from project 'SideChain')
    cd /Users/martin/Documents/SideChain/SideChain/Builds/MacOSX
    
    Using response file: /Users/martin/Documents/SideChain/SideChain/Builds/MacOSX/build/release-assets/SideChainer-0.4.1-macOS-PRODUCTION-CANDIDATE-20261005/DerivedData/Build/Intermediates.noindex/SideChain.build/Release/SideChain - AU.build/Objects-normal/x86_64/af3fcb34312c57c0f52879cdce924b91-common-args.resp
    
    /Applications/Xcode.app/Contents/Developer/Toolchains/XcodeDefault.xctoolchain/usr/bin/clang -x objective-c++ -ivfsstatcache /Users/martin/Documents/SideChain/SideChain/Builds/MacOSX/build/release-assets/SideChainer-0.4.1-macOS-PRODUCTION-CANDIDATE-20261005/DerivedData/SDKStatCaches.noindex/macosx26.2-25C58-00fa09913b459cbbc988d1f6730289ae.sdkstatcache -fmessage-length\=0 -fdiagnostics-show-note-include-stack -fmacro-backtrace-limit\=0 -fno-color-diagnostics -Wno-trigraphs -Wno-missing-field-initializers -Wno-missing-prototypes -Wunreachable-code -Wno-implicit-atomic-properties -Wno-objc-interface-ivars -Wno-arc-repeated-use-of-weak -Wimplicit-retain-self -Wnon-virtual-dtor -Wno-overloaded-virtual -Wno-exit-time-destructors -Wduplicate-method-match -Wno-missing-braces -Wparentheses -Wswitch -Wunused-function -Wno-unused-label -Wno-unused-parameter -Wunused-variable -Wunused-value -Wempty-body -Wuninitialized -Wno-unknown-pragmas -Wno-shadow -Wno-four-char-constants -Wno-conversion -Wconstant-conversion -Wint-conversion -Wbool-conversion -Wenum-conversion -Wno-float-conversion -Wnon-literal-null-conversion -Wobjc-literal-conversion -Wshorten-64-to-32 -Wno-newline-eof -Wno-selector -Wno-strict-selector-match -Wundeclared-selector -Wdeprecated-implementations -Wno-c++11-extensions -Wno-implicit-fallthrough -fstrict-aliasing -Wprotocol -Wdeprecated-declarations -Winvalid-offsetof -Wno-sign-conversion -Winfinite-recursion -Wmove -Wcomma -Wblock-capture-autoreleasing -Wstrict-prototypes -Wrange-loop-analysis -Wno-semicolon-before-method-body -Wreorder -Wno-reorder -Wno-inconsistent-missing-override @/Users/martin/Documents/SideChain/SideChain/Builds/MacOSX/build/release-assets/SideChainer-0.4.1-macOS-PRODUCTION-CANDIDATE-20261005/DerivedData/Build/Intermediates.noindex/SideChain.build/Release/SideChain\ -\ AU.build/Objects-normal/x86_64/af3fcb34312c57c0f52879cdce924b91-common-args.resp -MMD -MT dependencies -MF /Users/martin/Documents/SideChain/SideChain/Builds/MacOSX/build/release-assets/SideChainer-0.4.1-macOS-PRODUCTION-CANDIDATE-20261005/DerivedData/Build/Intermediates.noindex/SideChain.build/Release/SideChain\ -\ AU.build/Objects-normal/x86_64/include_juce_audio_plugin_client_AU_1.d --serialize-diagnostics /Users/martin/Documents/SideChain/SideChain/Builds/MacOSX/build/release-assets/SideChainer-0.4.1-macOS-PRODUCTION-CANDIDATE-20261005/DerivedData/Build/Intermediates.noindex/SideChain.build/Release/SideChain\ -\ AU.build/Objects-normal/x86_64/include_juce_audio_plugin_client_AU_1.dia -c /Users/martin/Documents/SideChain/SideChain/JuceLibraryCode/include_juce_audio_plugin_client_AU_1.mm -o /Users/martin/Documents/SideChain/SideChain/Builds/MacOSX/build/release-assets/SideChainer-0.4.1-macOS-PRODUCTION-CANDIDATE-20261005/DerivedData/Build/Intermediates.noindex/SideChain.build/Release/SideChain\ -\ AU.build/Objects-normal/x86_64/include_juce_audio_plugin_client_AU_1.o

Ld /Users/martin/Documents/SideChain/SideChain/Builds/MacOSX/build/release-assets/SideChainer-0.4.1-macOS-PRODUCTION-CANDIDATE-20261005/DerivedData/Build/Intermediates.noindex/SideChain.build/Release/SideChain\ -\ AU.build/Objects-normal/x86_64/Binary/SideChain normal x86_64 (in target 'SideChain - AU' from project 'SideChain')
    cd /Users/martin/Documents/SideChain/SideChain/Builds/MacOSX
    /Applications/Xcode.app/Contents/Developer/Toolchains/XcodeDefault.xctoolchain/usr/bin/clang++ -Xlinker -reproducible -target x86_64-apple-macos11.00 -bundle -isysroot /Applications/Xcode.app/Contents/Developer/Platforms/MacOSX.platform/Developer/SDKs/MacOSX26.2.sdk -O3 -L/Users/martin/Documents/SideChain/SideChain/Builds/MacOSX/build/release-assets/SideChainer-0.4.1-macOS-PRODUCTION-CANDIDATE-20261005/DerivedData/Build/Intermediates.noindex/EagerLinkingTBDs/Release -L/Users/martin/Documents/SideChain/SideChain/Builds/MacOSX/build/release-assets/SideChainer-0.4.1-macOS-PRODUCTION-CANDIDATE-20261005/BuiltProducts/Release -F/Users/martin/Documents/SideChain/SideChain/Builds/MacOSX/build/release-assets/SideChainer-0.4.1-macOS-PRODUCTION-CANDIDATE-20261005/DerivedData/Build/Intermediates.noindex/EagerLinkingTBDs/Release -F/Users/martin/Documents/SideChain/SideChain/Builds/MacOSX/build/release-assets/SideChainer-0.4.1-macOS-PRODUCTION-CANDIDATE-20261005/BuiltProducts/Release -filelist /Users/martin/Documents/SideChain/SideChain/Builds/MacOSX/build/release-assets/SideChainer-0.4.1-macOS-PRODUCTION-CANDIDATE-20261005/DerivedData/Build/Intermediates.noindex/SideChain.build/Release/SideChain\ -\ AU.build/Objects-normal/x86_64/SideChain.LinkFileList -dead_strip -Xlinker -dependency_info -Xlinker /Users/martin/Documents/SideChain/SideChain/Builds/MacOSX/build/release-assets/SideChainer-0.4.1-macOS-PRODUCTION-CANDIDATE-20261005/DerivedData/Build/Intermediates.noindex/SideChain.build/Release/SideChain\ -\ AU.build/Objects-normal/x86_64/SideChain_dependency_info.dat -stdlib\=libc++ -bundle -lSideChain -framework AudioUnit -framework Accelerate -framework AudioToolbox -framework Carbon -framework Cocoa -framework CoreAudio -framework CoreAudioKit -framework CoreMIDI -framework DiscRecording -framework Foundation -framework IOKit -framework QuartzCore -framework WebKit -o /Users/martin/Documents/SideChain/SideChain/Builds/MacOSX/build/release-assets/SideChainer-0.4.1-macOS-PRODUCTION-CANDIDATE-20261005/DerivedData/Build/Intermediates.noindex/SideChain.build/Release/SideChain\ -\ AU.build/Objects-normal/x86_64/Binary/SideChain

Ld /Users/martin/Documents/SideChain/SideChain/Builds/MacOSX/build/release-assets/SideChainer-0.4.1-macOS-PRODUCTION-CANDIDATE-20261005/DerivedData/Build/Intermediates.noindex/SideChain.build/Release/SideChain\ -\ AU.build/Objects-normal/arm64/Binary/SideChain normal arm64 (in target 'SideChain - AU' from project 'SideChain')
    cd /Users/martin/Documents/SideChain/SideChain/Builds/MacOSX
    /Applications/Xcode.app/Contents/Developer/Toolchains/XcodeDefault.xctoolchain/usr/bin/clang++ -Xlinker -reproducible -target arm64-apple-macos11.00 -bundle -isysroot /Applications/Xcode.app/Contents/Developer/Platforms/MacOSX.platform/Developer/SDKs/MacOSX26.2.sdk -O3 -L/Users/martin/Documents/SideChain/SideChain/Builds/MacOSX/build/release-assets/SideChainer-0.4.1-macOS-PRODUCTION-CANDIDATE-20261005/DerivedData/Build/Intermediates.noindex/EagerLinkingTBDs/Release -L/Users/martin/Documents/SideChain/SideChain/Builds/MacOSX/build/release-assets/SideChainer-0.4.1-macOS-PRODUCTION-CANDIDATE-20261005/BuiltProducts/Release -F/Users/martin/Documents/SideChain/SideChain/Builds/MacOSX/build/release-assets/SideChainer-0.4.1-macOS-PRODUCTION-CANDIDATE-20261005/DerivedData/Build/Intermediates.noindex/EagerLinkingTBDs/Release -F/Users/martin/Documents/SideChain/SideChain/Builds/MacOSX/build/release-assets/SideChainer-0.4.1-macOS-PRODUCTION-CANDIDATE-20261005/BuiltProducts/Release -filelist /Users/martin/Documents/SideChain/SideChain/Builds/MacOSX/build/release-assets/SideChainer-0.4.1-macOS-PRODUCTION-CANDIDATE-20261005/DerivedData/Build/Intermediates.noindex/SideChain.build/Release/SideChain\ -\ AU.build/Objects-normal/arm64/SideChain.LinkFileList -dead_strip -Xlinker -dependency_info -Xlinker /Users/martin/Documents/SideChain/SideChain/Builds/MacOSX/build/release-assets/SideChainer-0.4.1-macOS-PRODUCTION-CANDIDATE-20261005/DerivedData/Build/Intermediates.noindex/SideChain.build/Release/SideChain\ -\ AU.build/Objects-normal/arm64/SideChain_dependency_info.dat -stdlib\=libc++ -bundle -lSideChain -framework AudioUnit -framework Accelerate -framework AudioToolbox -framework Carbon -framework Cocoa -framework CoreAudio -framework CoreAudioKit -framework CoreMIDI -framework DiscRecording -framework Foundation -framework IOKit -framework QuartzCore -framework WebKit -o /Users/martin/Documents/SideChain/SideChain/Builds/MacOSX/build/release-assets/SideChainer-0.4.1-macOS-PRODUCTION-CANDIDATE-20261005/DerivedData/Build/Intermediates.noindex/SideChain.build/Release/SideChain\ -\ AU.build/Objects-normal/arm64/Binary/SideChain

CreateUniversalBinary /Users/martin/Documents/SideChain/SideChain/Builds/MacOSX/build/release-assets/SideChainer-0.4.1-macOS-PRODUCTION-CANDIDATE-20261005/BuiltProducts/Release/SideChain.component/Contents/MacOS/SideChain normal arm64\ x86_64 (in target 'SideChain - AU' from project 'SideChain')
    cd /Users/martin/Documents/SideChain/SideChain/Builds/MacOSX
    /Applications/Xcode.app/Contents/Developer/Toolchains/XcodeDefault.xctoolchain/usr/bin/lipo -create /Users/martin/Documents/SideChain/SideChain/Builds/MacOSX/build/release-assets/SideChainer-0.4.1-macOS-PRODUCTION-CANDIDATE-20261005/DerivedData/Build/Intermediates.noindex/SideChain.build/Release/SideChain\ -\ AU.build/Objects-normal/arm64/Binary/SideChain /Users/martin/Documents/SideChain/SideChain/Builds/MacOSX/build/release-assets/SideChainer-0.4.1-macOS-PRODUCTION-CANDIDATE-20261005/DerivedData/Build/Intermediates.noindex/SideChain.build/Release/SideChain\ -\ AU.build/Objects-normal/x86_64/Binary/SideChain -output /Users/martin/Documents/SideChain/SideChain/Builds/MacOSX/build/release-assets/SideChainer-0.4.1-macOS-PRODUCTION-CANDIDATE-20261005/BuiltProducts/Release/SideChain.component/Contents/MacOS/SideChain

RegisterExecutionPolicyException /Users/martin/Documents/SideChain/SideChain/Builds/MacOSX/build/release-assets/SideChainer-0.4.1-macOS-PRODUCTION-CANDIDATE-20261005/BuiltProducts/Release/SideChain.component (in target 'SideChain - AU' from project 'SideChain')
    cd /Users/martin/Documents/SideChain/SideChain/Builds/MacOSX
    builtin-RegisterExecutionPolicyException /Users/martin/Documents/SideChain/SideChain/Builds/MacOSX/build/release-assets/SideChainer-0.4.1-macOS-PRODUCTION-CANDIDATE-20261005/BuiltProducts/Release/SideChain.component

Touch /Users/martin/Documents/SideChain/SideChain/Builds/MacOSX/build/release-assets/SideChainer-0.4.1-macOS-PRODUCTION-CANDIDATE-20261005/BuiltProducts/Release/SideChain.component (in target 'SideChain - AU' from project 'SideChain')
    cd /Users/martin/Documents/SideChain/SideChain/Builds/MacOSX
    /usr/bin/touch -c /Users/martin/Documents/SideChain/SideChain/Builds/MacOSX/build/release-assets/SideChainer-0.4.1-macOS-PRODUCTION-CANDIDATE-20261005/BuiltProducts/Release/SideChain.component

warning: Build Carbon Resources build phases are no longer supported.  Rez source files should be moved to the Copy Bundle Resources build phase. (in target 'SideChain - AU' from project 'SideChain')
** BUILD SUCCEEDED **

