Command line invocation:
    /Applications/Xcode.app/Contents/Developer/usr/bin/xcodebuild -project Builds/MacOSX/SideChain.xcodeproj -scheme "SideChain - All" -configuration Release -destination generic/platform=macOS -derivedDataPath /Users/martin/Documents/SideChain/SideChain/Builds/MacOSX/build/release-assets/SideChainer-0.4.1-macOS-PRODUCTION-CANDIDATE-20261005/DerivedData-AUVersion -archivePath /Users/martin/Documents/SideChain/SideChain/Builds/MacOSX/build/release-assets/SideChainer-0.4.1-macOS-PRODUCTION-CANDIDATE-20261005/SideChainer-0.4.1-AUVersion.xcarchive ONLY_ACTIVE_ARCH=NO CONFIGURATION_BUILD_DIR=/Users/martin/Documents/SideChain/SideChain/Builds/MacOSX/build/release-assets/SideChainer-0.4.1-macOS-PRODUCTION-CANDIDATE-20261005/BuiltProducts/AUVersionRelease CODE_SIGNING_ALLOWED=NO build

Build settings from command line:
    CODE_SIGNING_ALLOWED = NO
    CONFIGURATION_BUILD_DIR = /Users/martin/Documents/SideChain/SideChain/Builds/MacOSX/build/release-assets/SideChainer-0.4.1-macOS-PRODUCTION-CANDIDATE-20261005/BuiltProducts/AUVersionRelease
    ONLY_ACTIVE_ARCH = NO

2026-10-05 12:32:58.787 xcodebuild[40968:6301411] [MT] IDERunDestination: Supported platforms for the buildables in the current scheme is empty.
ComputePackagePrebuildTargetDependencyGraph

Prepare packages

CreateBuildRequest

SendProjectDescription

CreateBuildOperation

ComputeTargetDependencyGraph
note: Building targets in dependency order
note: Target dependency graph (4 targets)
    Target 'SideChain - All' in project 'SideChain'
        ➜ Explicit dependency on target 'SideChain - VST3' in project 'SideChain'
        ➜ Explicit dependency on target 'SideChain - AU' in project 'SideChain'
        ➜ Explicit dependency on target 'SideChain - Shared Code' in project 'SideChain'
    Target 'SideChain - AU' in project 'SideChain'
        ➜ Explicit dependency on target 'SideChain - Shared Code' in project 'SideChain'
    Target 'SideChain - VST3' in project 'SideChain'
        ➜ Explicit dependency on target 'SideChain - Shared Code' in project 'SideChain'
    Target 'SideChain - Shared Code' in project 'SideChain' (no dependencies)

GatherProvisioningInputs

CreateBuildDescription

ExecuteExternalTool /Applications/Xcode.app/Contents/Developer/Toolchains/XcodeDefault.xctoolchain/usr/bin/clang -v -E -dM -isysroot /Applications/Xcode.app/Contents/Developer/Platforms/MacOSX.platform/Developer/SDKs/MacOSX26.2.sdk -x c -c /dev/null

ExecuteExternalTool /Applications/Xcode.app/Contents/Developer/Toolchains/XcodeDefault.xctoolchain/usr/bin/clang -v -E -dM -arch arm64 -isysroot /Applications/Xcode.app/Contents/Developer/Platforms/MacOSX.platform/Developer/SDKs/MacOSX26.2.sdk -x c++ -c /dev/null

ExecuteExternalTool /Applications/Xcode.app/Contents/Developer/Toolchains/XcodeDefault.xctoolchain/usr/bin/clang -v -E -dM -arch arm64 -isysroot /Applications/Xcode.app/Contents/Developer/Platforms/MacOSX.platform/Developer/SDKs/MacOSX26.2.sdk -x objective-c++ -c /dev/null

ExecuteExternalTool /Applications/Xcode.app/Contents/Developer/Toolchains/XcodeDefault.xctoolchain/usr/bin/clang -v -E -dM -arch arm64 -isysroot /Applications/Xcode.app/Contents/Developer/Platforms/MacOSX.platform/Developer/SDKs/MacOSX26.2.sdk -x c -c /dev/null

ExecuteExternalTool /Applications/Xcode.app/Contents/Developer/Toolchains/XcodeDefault.xctoolchain/usr/bin/ld -version_details

ExecuteExternalTool /Applications/Xcode.app/Contents/Developer/Toolchains/XcodeDefault.xctoolchain/usr/bin/libtool -V

ExecuteExternalTool /Applications/Xcode.app/Contents/Developer/Toolchains/XcodeDefault.xctoolchain/usr/bin/clang -v -E -dM -arch x86_64 -isysroot /Applications/Xcode.app/Contents/Developer/Platforms/MacOSX.platform/Developer/SDKs/MacOSX26.2.sdk -x c++ -c /dev/null

ExecuteExternalTool /Applications/Xcode.app/Contents/Developer/Toolchains/XcodeDefault.xctoolchain/usr/bin/clang -v -E -dM -arch x86_64 -isysroot /Applications/Xcode.app/Contents/Developer/Platforms/MacOSX.platform/Developer/SDKs/MacOSX26.2.sdk -x c -c /dev/null

ExecuteExternalTool /Applications/Xcode.app/Contents/Developer/Toolchains/XcodeDefault.xctoolchain/usr/bin/clang -v -E -dM -arch x86_64 -isysroot /Applications/Xcode.app/Contents/Developer/Platforms/MacOSX.platform/Developer/SDKs/MacOSX26.2.sdk -x objective-c++ -c /dev/null

Build description signature: 8ecfee7e6383fb3e76cdbf8497e4fc5b
Build description path: /Users/martin/Documents/SideChain/SideChain/Builds/MacOSX/build/release-assets/SideChainer-0.4.1-macOS-PRODUCTION-CANDIDATE-20261005/DerivedData-AUVersion/Build/Intermediates.noindex/XCBuildData/8ecfee7e6383fb3e76cdbf8497e4fc5b.xcbuilddata
CreateBuildDirectory /Users/martin/Documents/SideChain/SideChain/Builds/MacOSX/build/release-assets/SideChainer-0.4.1-macOS-PRODUCTION-CANDIDATE-20261005/DerivedData-AUVersion/Build/Intermediates.noindex
    cd /Users/martin/Documents/SideChain/SideChain/Builds/MacOSX/SideChain.xcodeproj
    builtin-create-build-directory /Users/martin/Documents/SideChain/SideChain/Builds/MacOSX/build/release-assets/SideChainer-0.4.1-macOS-PRODUCTION-CANDIDATE-20261005/DerivedData-AUVersion/Build/Intermediates.noindex

CreateBuildDirectory /Users/martin/Documents/SideChain/SideChain/Builds/MacOSX/build/release-assets/SideChainer-0.4.1-macOS-PRODUCTION-CANDIDATE-20261005/BuiltProducts/AUVersionRelease
    cd /Users/martin/Documents/SideChain/SideChain/Builds/MacOSX/SideChain.xcodeproj
    builtin-create-build-directory /Users/martin/Documents/SideChain/SideChain/Builds/MacOSX/build/release-assets/SideChainer-0.4.1-macOS-PRODUCTION-CANDIDATE-20261005/BuiltProducts/AUVersionRelease

CreateBuildDirectory /Users/martin/Documents/SideChain/SideChain/Builds/MacOSX/build/release-assets/SideChainer-0.4.1-macOS-PRODUCTION-CANDIDATE-20261005/DerivedData-AUVersion/Build/Products
    cd /Users/martin/Documents/SideChain/SideChain/Builds/MacOSX/SideChain.xcodeproj
    builtin-create-build-directory /Users/martin/Documents/SideChain/SideChain/Builds/MacOSX/build/release-assets/SideChainer-0.4.1-macOS-PRODUCTION-CANDIDATE-20261005/DerivedData-AUVersion/Build/Products

ClangStatCache /Applications/Xcode.app/Contents/Developer/Toolchains/XcodeDefault.xctoolchain/usr/bin/clang-stat-cache /Applications/Xcode.app/Contents/Developer/Platforms/MacOSX.platform/Developer/SDKs/MacOSX26.2.sdk /Users/martin/Documents/SideChain/SideChain/Builds/MacOSX/build/release-assets/SideChainer-0.4.1-macOS-PRODUCTION-CANDIDATE-20261005/DerivedData-AUVersion/SDKStatCaches.noindex/macosx26.2-25C58-00fa09913b459cbbc988d1f6730289ae.sdkstatcache
    cd /Users/martin/Documents/SideChain/SideChain/Builds/MacOSX/SideChain.xcodeproj
    /Applications/Xcode.app/Contents/Developer/Toolchains/XcodeDefault.xctoolchain/usr/bin/clang-stat-cache /Applications/Xcode.app/Contents/Developer/Platforms/MacOSX.platform/Developer/SDKs/MacOSX26.2.sdk -o /Users/martin/Documents/SideChain/SideChain/Builds/MacOSX/build/release-assets/SideChainer-0.4.1-macOS-PRODUCTION-CANDIDATE-20261005/DerivedData-AUVersion/SDKStatCaches.noindex/macosx26.2-25C58-00fa09913b459cbbc988d1f6730289ae.sdkstatcache

CreateBuildDirectory /Users/martin/Documents/SideChain/SideChain/Builds/MacOSX/build/release-assets/SideChainer-0.4.1-macOS-PRODUCTION-CANDIDATE-20261005/DerivedData-AUVersion/Build/Intermediates.noindex/ExplicitPrecompiledModules
    cd /Users/martin/Documents/SideChain/SideChain/Builds/MacOSX/SideChain.xcodeproj
    builtin-create-build-directory /Users/martin/Documents/SideChain/SideChain/Builds/MacOSX/build/release-assets/SideChainer-0.4.1-macOS-PRODUCTION-CANDIDATE-20261005/DerivedData-AUVersion/Build/Intermediates.noindex/ExplicitPrecompiledModules

CreateBuildDirectory /Users/martin/Documents/SideChain/SideChain/Builds/MacOSX/build/release-assets/SideChainer-0.4.1-macOS-PRODUCTION-CANDIDATE-20261005/DerivedData-AUVersion/Build/Intermediates.noindex/SwiftExplicitPrecompiledModules
    cd /Users/martin/Documents/SideChain/SideChain/Builds/MacOSX/SideChain.xcodeproj
    builtin-create-build-directory /Users/martin/Documents/SideChain/SideChain/Builds/MacOSX/build/release-assets/SideChainer-0.4.1-macOS-PRODUCTION-CANDIDATE-20261005/DerivedData-AUVersion/Build/Intermediates.noindex/SwiftExplicitPrecompiledModules

CreateBuildDirectory /Users/martin/Documents/SideChain/SideChain/Builds/MacOSX/build/release-assets/SideChainer-0.4.1-macOS-PRODUCTION-CANDIDATE-20261005/DerivedData-AUVersion/Build/Intermediates.noindex/EagerLinkingTBDs/Release
    cd /Users/martin/Documents/SideChain/SideChain/Builds/MacOSX/SideChain.xcodeproj
    builtin-create-build-directory /Users/martin/Documents/SideChain/SideChain/Builds/MacOSX/build/release-assets/SideChainer-0.4.1-macOS-PRODUCTION-CANDIDATE-20261005/DerivedData-AUVersion/Build/Intermediates.noindex/EagerLinkingTBDs/Release

MkDir /Users/martin/Documents/SideChain/SideChain/Builds/MacOSX/build/release-assets/SideChainer-0.4.1-macOS-PRODUCTION-CANDIDATE-20261005/BuiltProducts/AUVersionRelease/SideChain.vst3 (in target 'SideChain - VST3' from project 'SideChain')
    cd /Users/martin/Documents/SideChain/SideChain/Builds/MacOSX
    /bin/mkdir -p /Users/martin/Documents/SideChain/SideChain/Builds/MacOSX/build/release-assets/SideChainer-0.4.1-macOS-PRODUCTION-CANDIDATE-20261005/BuiltProducts/AUVersionRelease/SideChain.vst3

WriteAuxiliaryFile /Users/martin/Documents/SideChain/SideChain/Builds/MacOSX/build/release-assets/SideChainer-0.4.1-macOS-PRODUCTION-CANDIDATE-20261005/DerivedData-AUVersion/Build/Intermediates.noindex/SideChain.build/Release/SideChain\ -\ VST3.build/SideChain.DependencyMetadataFileList (in target 'SideChain - VST3' from project 'SideChain')
    cd /Users/martin/Documents/SideChain/SideChain/Builds/MacOSX
    write-file /Users/martin/Documents/SideChain/SideChain/Builds/MacOSX/build/release-assets/SideChainer-0.4.1-macOS-PRODUCTION-CANDIDATE-20261005/DerivedData-AUVersion/Build/Intermediates.noindex/SideChain.build/Release/SideChain\ -\ VST3.build/SideChain.DependencyMetadataFileList

WriteAuxiliaryFile /Users/martin/Documents/SideChain/SideChain/Builds/MacOSX/build/release-assets/SideChainer-0.4.1-macOS-PRODUCTION-CANDIDATE-20261005/DerivedData-AUVersion/Build/Intermediates.noindex/SideChain.build/Release/SideChain\ -\ Shared\ Code.build/SideChain.DependencyMetadataFileList (in target 'SideChain - Shared Code' from project 'SideChain')
    cd /Users/martin/Documents/SideChain/SideChain/Builds/MacOSX
    write-file /Users/martin/Documents/SideChain/SideChain/Builds/MacOSX/build/release-assets/SideChainer-0.4.1-macOS-PRODUCTION-CANDIDATE-20261005/DerivedData-AUVersion/Build/Intermediates.noindex/SideChain.build/Release/SideChain\ -\ Shared\ Code.build/SideChain.DependencyMetadataFileList

WriteAuxiliaryFile /Users/martin/Documents/SideChain/SideChain/Builds/MacOSX/build/release-assets/SideChainer-0.4.1-macOS-PRODUCTION-CANDIDATE-20261005/DerivedData-AUVersion/Build/Intermediates.noindex/SideChain.build/Release/SideChain\ -\ Shared\ Code.build/SideChain.DependencyStaticMetadataFileList (in target 'SideChain - Shared Code' from project 'SideChain')
    cd /Users/martin/Documents/SideChain/SideChain/Builds/MacOSX
    write-file /Users/martin/Documents/SideChain/SideChain/Builds/MacOSX/build/release-assets/SideChainer-0.4.1-macOS-PRODUCTION-CANDIDATE-20261005/DerivedData-AUVersion/Build/Intermediates.noindex/SideChain.build/Release/SideChain\ -\ Shared\ Code.build/SideChain.DependencyStaticMetadataFileList

MkDir /Users/martin/Documents/SideChain/SideChain/Builds/MacOSX/build/release-assets/SideChainer-0.4.1-macOS-PRODUCTION-CANDIDATE-20261005/BuiltProducts/AUVersionRelease/SideChain.vst3/Contents/Resources (in target 'SideChain - VST3' from project 'SideChain')
    cd /Users/martin/Documents/SideChain/SideChain/Builds/MacOSX
    /bin/mkdir -p /Users/martin/Documents/SideChain/SideChain/Builds/MacOSX/build/release-assets/SideChainer-0.4.1-macOS-PRODUCTION-CANDIDATE-20261005/BuiltProducts/AUVersionRelease/SideChain.vst3/Contents/Resources

WriteAuxiliaryFile /Users/martin/Documents/SideChain/SideChain/Builds/MacOSX/build/release-assets/SideChainer-0.4.1-macOS-PRODUCTION-CANDIDATE-20261005/DerivedData-AUVersion/Build/Intermediates.noindex/SideChain.build/Release/SideChain\ -\ VST3.build/SideChain.DependencyStaticMetadataFileList (in target 'SideChain - VST3' from project 'SideChain')
    cd /Users/martin/Documents/SideChain/SideChain/Builds/MacOSX
    write-file /Users/martin/Documents/SideChain/SideChain/Builds/MacOSX/build/release-assets/SideChainer-0.4.1-macOS-PRODUCTION-CANDIDATE-20261005/DerivedData-AUVersion/Build/Intermediates.noindex/SideChain.build/Release/SideChain\ -\ VST3.build/SideChain.DependencyStaticMetadataFileList

WriteAuxiliaryFile /Users/martin/Documents/SideChain/SideChain/Builds/MacOSX/build/release-assets/SideChainer-0.4.1-macOS-PRODUCTION-CANDIDATE-20261005/DerivedData-AUVersion/Build/Intermediates.noindex/SideChain.build/Release/SideChain\ -\ VST3.build/Objects-normal/x86_64/SideChain.LinkFileList (in target 'SideChain - VST3' from project 'SideChain')
    cd /Users/martin/Documents/SideChain/SideChain/Builds/MacOSX
    write-file /Users/martin/Documents/SideChain/SideChain/Builds/MacOSX/build/release-assets/SideChainer-0.4.1-macOS-PRODUCTION-CANDIDATE-20261005/DerivedData-AUVersion/Build/Intermediates.noindex/SideChain.build/Release/SideChain\ -\ VST3.build/Objects-normal/x86_64/SideChain.LinkFileList

WriteAuxiliaryFile /Users/martin/Documents/SideChain/SideChain/Builds/MacOSX/build/release-assets/SideChainer-0.4.1-macOS-PRODUCTION-CANDIDATE-20261005/DerivedData-AUVersion/Build/Intermediates.noindex/SideChain.build/Release/SideChain\ -\ Shared\ Code.build/Objects-normal/x86_64/SideChain.LinkFileList (in target 'SideChain - Shared Code' from project 'SideChain')
    cd /Users/martin/Documents/SideChain/SideChain/Builds/MacOSX
    write-file /Users/martin/Documents/SideChain/SideChain/Builds/MacOSX/build/release-assets/SideChainer-0.4.1-macOS-PRODUCTION-CANDIDATE-20261005/DerivedData-AUVersion/Build/Intermediates.noindex/SideChain.build/Release/SideChain\ -\ Shared\ Code.build/Objects-normal/x86_64/SideChain.LinkFileList

WriteAuxiliaryFile /Users/martin/Documents/SideChain/SideChain/Builds/MacOSX/build/release-assets/SideChainer-0.4.1-macOS-PRODUCTION-CANDIDATE-20261005/DerivedData-AUVersion/Build/Intermediates.noindex/SideChain.build/Release/SideChain\ -\ Shared\ Code.build/Objects-normal/x86_64/82b82416624d2658e5098eb0a28c15c5-common-args.resp (in target 'SideChain - Shared Code' from project 'SideChain')
    cd /Users/martin/Documents/SideChain/SideChain/Builds/MacOSX
    write-file /Users/martin/Documents/SideChain/SideChain/Builds/MacOSX/build/release-assets/SideChainer-0.4.1-macOS-PRODUCTION-CANDIDATE-20261005/DerivedData-AUVersion/Build/Intermediates.noindex/SideChain.build/Release/SideChain\ -\ Shared\ Code.build/Objects-normal/x86_64/82b82416624d2658e5098eb0a28c15c5-common-args.resp
-target x86_64-apple-macos11.00 '-std=c++17' '-stdlib=libc++' -fpascal-strings -O3 -fno-common '-D_NDEBUG=1' '-DNDEBUG=1' '-DJUCER_XCODE_MAC_F6D2F4CF=1' '-DJUCE_APP_VERSION=0.4.1' '-DJUCE_APP_VERSION_HEX=0x401' '-DJucePlugin_Version=0.4.1' '-DJucePlugin_VersionCode=0x401' '-DJucePlugin_VersionString=0.4.1' '-DJucePlugin_Build_VST=0' '-DJucePlugin_Build_VST3=1' '-DJucePlugin_Build_AU=1' '-DJucePlugin_Build_AUv3=0' '-DJucePlugin_Build_RTAS=0' '-DJucePlugin_Build_AAX=0' '-DJucePlugin_Build_Standalone=0' '-DJucePlugin_Build_Unity=0' '-DJUCE_SHARED_CODE=1' -isysroot /Applications/Xcode.app/Contents/Developer/Platforms/MacOSX.platform/Developer/SDKs/MacOSX26.2.sdk -fasm-blocks '-fvisibility=hidden' -fvisibility-inlines-hidden -I/Users/martin/Documents/SideChain/SideChain/Builds/MacOSX/build/release-assets/SideChainer-0.4.1-macOS-PRODUCTION-CANDIDATE-20261005/BuiltProducts/AUVersionRelease/include -I/Users/martin/Documents/HISE/JUCE/modules/juce_audio_processors/format_types/VST3_SDK -I/Users/martin/Documents/SideChain/SideChain/% -I/Users/martin/Documents/SideChain/SideChain/JuceLibraryCode -I/Users/martin/Documents/HISE/JUCE/modules -I/Users/martin/Documents/HISE/JUCE/modules/juce_audio_plugin_client '-I/Users/martin/Documents/SideChain/SideChain/Builds/MacOSX/build/release-assets/SideChainer-0.4.1-macOS-PRODUCTION-CANDIDATE-20261005/DerivedData-AUVersion/Build/Intermediates.noindex/SideChain.build/Release/SideChain - Shared Code.build/DerivedSources-normal/x86_64' '-I/Users/martin/Documents/SideChain/SideChain/Builds/MacOSX/build/release-assets/SideChainer-0.4.1-macOS-PRODUCTION-CANDIDATE-20261005/DerivedData-AUVersion/Build/Intermediates.noindex/SideChain.build/Release/SideChain - Shared Code.build/DerivedSources/x86_64' '-I/Users/martin/Documents/SideChain/SideChain/Builds/MacOSX/build/release-assets/SideChainer-0.4.1-macOS-PRODUCTION-CANDIDATE-20261005/DerivedData-AUVersion/Build/Intermediates.noindex/SideChain.build/Release/SideChain - Shared Code.build/DerivedSources' -F/Users/martin/Documents/SideChain/SideChain/Builds/MacOSX/build/release-assets/SideChainer-0.4.1-macOS-PRODUCTION-CANDIDATE-20261005/BuiltProducts/AUVersionRelease

WriteAuxiliaryFile /Users/martin/Documents/SideChain/SideChain/Builds/MacOSX/build/release-assets/SideChainer-0.4.1-macOS-PRODUCTION-CANDIDATE-20261005/DerivedData-AUVersion/Build/Intermediates.noindex/SideChain.build/Release/SideChain\ -\ Shared\ Code.build/Objects-normal/x86_64/af3fcb34312c57c0f52879cdce924b91-common-args.resp (in target 'SideChain - Shared Code' from project 'SideChain')
    cd /Users/martin/Documents/SideChain/SideChain/Builds/MacOSX
    write-file /Users/martin/Documents/SideChain/SideChain/Builds/MacOSX/build/release-assets/SideChainer-0.4.1-macOS-PRODUCTION-CANDIDATE-20261005/DerivedData-AUVersion/Build/Intermediates.noindex/SideChain.build/Release/SideChain\ -\ Shared\ Code.build/Objects-normal/x86_64/af3fcb34312c57c0f52879cdce924b91-common-args.resp
-target x86_64-apple-macos11.00 '-std=c++17' '-stdlib=libc++' -fobjc-weak -fpascal-strings -O3 -fno-common '-D_NDEBUG=1' '-DNDEBUG=1' '-DJUCER_XCODE_MAC_F6D2F4CF=1' '-DJUCE_APP_VERSION=0.4.1' '-DJUCE_APP_VERSION_HEX=0x401' '-DJucePlugin_Version=0.4.1' '-DJucePlugin_VersionCode=0x401' '-DJucePlugin_VersionString=0.4.1' '-DJucePlugin_Build_VST=0' '-DJucePlugin_Build_VST3=1' '-DJucePlugin_Build_AU=1' '-DJucePlugin_Build_AUv3=0' '-DJucePlugin_Build_RTAS=0' '-DJucePlugin_Build_AAX=0' '-DJucePlugin_Build_Standalone=0' '-DJucePlugin_Build_Unity=0' '-DJUCE_SHARED_CODE=1' '-DOBJC_OLD_DISPATCH_PROTOTYPES=0' -isysroot /Applications/Xcode.app/Contents/Developer/Platforms/MacOSX.platform/Developer/SDKs/MacOSX26.2.sdk -fasm-blocks '-fvisibility=hidden' -fvisibility-inlines-hidden -I/Users/martin/Documents/SideChain/SideChain/Builds/MacOSX/build/release-assets/SideChainer-0.4.1-macOS-PRODUCTION-CANDIDATE-20261005/BuiltProducts/AUVersionRelease/include -I/Users/martin/Documents/HISE/JUCE/modules/juce_audio_processors/format_types/VST3_SDK -I/Users/martin/Documents/SideChain/SideChain/% -I/Users/martin/Documents/SideChain/SideChain/JuceLibraryCode -I/Users/martin/Documents/HISE/JUCE/modules -I/Users/martin/Documents/HISE/JUCE/modules/juce_audio_plugin_client '-I/Users/martin/Documents/SideChain/SideChain/Builds/MacOSX/build/release-assets/SideChainer-0.4.1-macOS-PRODUCTION-CANDIDATE-20261005/DerivedData-AUVersion/Build/Intermediates.noindex/SideChain.build/Release/SideChain - Shared Code.build/DerivedSources-normal/x86_64' '-I/Users/martin/Documents/SideChain/SideChain/Builds/MacOSX/build/release-assets/SideChainer-0.4.1-macOS-PRODUCTION-CANDIDATE-20261005/DerivedData-AUVersion/Build/Intermediates.noindex/SideChain.build/Release/SideChain - Shared Code.build/DerivedSources/x86_64' '-I/Users/martin/Documents/SideChain/SideChain/Builds/MacOSX/build/release-assets/SideChainer-0.4.1-macOS-PRODUCTION-CANDIDATE-20261005/DerivedData-AUVersion/Build/Intermediates.noindex/SideChain.build/Release/SideChain - Shared Code.build/DerivedSources' -F/Users/martin/Documents/SideChain/SideChain/Builds/MacOSX/build/release-assets/SideChainer-0.4.1-macOS-PRODUCTION-CANDIDATE-20261005/BuiltProducts/AUVersionRelease

WriteAuxiliaryFile /Users/martin/Documents/SideChain/SideChain/Builds/MacOSX/build/release-assets/SideChainer-0.4.1-macOS-PRODUCTION-CANDIDATE-20261005/DerivedData-AUVersion/Build/Intermediates.noindex/SideChain.build/Release/SideChain\ -\ VST3.build/Objects-normal/x86_64/82b82416624d2658e5098eb0a28c15c5-common-args.resp (in target 'SideChain - VST3' from project 'SideChain')
    cd /Users/martin/Documents/SideChain/SideChain/Builds/MacOSX
    write-file /Users/martin/Documents/SideChain/SideChain/Builds/MacOSX/build/release-assets/SideChainer-0.4.1-macOS-PRODUCTION-CANDIDATE-20261005/DerivedData-AUVersion/Build/Intermediates.noindex/SideChain.build/Release/SideChain\ -\ VST3.build/Objects-normal/x86_64/82b82416624d2658e5098eb0a28c15c5-common-args.resp
-target x86_64-apple-macos11.00 '-std=c++17' '-stdlib=libc++' -fpascal-strings -O3 -fno-common '-D_NDEBUG=1' '-DNDEBUG=1' '-DJUCER_XCODE_MAC_F6D2F4CF=1' '-DJUCE_APP_VERSION=0.4.1' '-DJUCE_APP_VERSION_HEX=0x401' '-DJucePlugin_Version=0.4.1' '-DJucePlugin_VersionCode=0x401' '-DJucePlugin_VersionString=0.4.1' '-DJucePlugin_Build_VST=0' '-DJucePlugin_Build_VST3=1' '-DJucePlugin_Build_AU=0' '-DJucePlugin_Build_AUv3=0' '-DJucePlugin_Build_RTAS=0' '-DJucePlugin_Build_AAX=0' '-DJucePlugin_Build_Standalone=0' '-DJucePlugin_Build_Unity=0' -isysroot /Applications/Xcode.app/Contents/Developer/Platforms/MacOSX.platform/Developer/SDKs/MacOSX26.2.sdk -fasm-blocks '-fvisibility=hidden' -fvisibility-inlines-hidden -I/Users/martin/Documents/SideChain/SideChain/Builds/MacOSX/build/release-assets/SideChainer-0.4.1-macOS-PRODUCTION-CANDIDATE-20261005/BuiltProducts/AUVersionRelease/include -I/Users/martin/Documents/HISE/JUCE/modules/juce_audio_processors/format_types/VST3_SDK -I/Users/martin/Documents/SideChain/SideChain/% -I/Users/martin/Documents/SideChain/SideChain/JuceLibraryCode -I/Users/martin/Documents/HISE/JUCE/modules -I/Users/martin/Documents/HISE/JUCE/modules/juce_audio_plugin_client '-I/Users/martin/Documents/SideChain/SideChain/Builds/MacOSX/build/release-assets/SideChainer-0.4.1-macOS-PRODUCTION-CANDIDATE-20261005/DerivedData-AUVersion/Build/Intermediates.noindex/SideChain.build/Release/SideChain - VST3.build/DerivedSources-normal/x86_64' '-I/Users/martin/Documents/SideChain/SideChain/Builds/MacOSX/build/release-assets/SideChainer-0.4.1-macOS-PRODUCTION-CANDIDATE-20261005/DerivedData-AUVersion/Build/Intermediates.noindex/SideChain.build/Release/SideChain - VST3.build/DerivedSources/x86_64' '-I/Users/martin/Documents/SideChain/SideChain/Builds/MacOSX/build/release-assets/SideChainer-0.4.1-macOS-PRODUCTION-CANDIDATE-20261005/DerivedData-AUVersion/Build/Intermediates.noindex/SideChain.build/Release/SideChain - VST3.build/DerivedSources' -F/Users/martin/Documents/SideChain/SideChain/Builds/MacOSX/build/release-assets/SideChainer-0.4.1-macOS-PRODUCTION-CANDIDATE-20261005/BuiltProducts/AUVersionRelease

WriteAuxiliaryFile /Users/martin/Documents/SideChain/SideChain/Builds/MacOSX/build/release-assets/SideChainer-0.4.1-macOS-PRODUCTION-CANDIDATE-20261005/DerivedData-AUVersion/Build/Intermediates.noindex/SideChain.build/Release/SideChain\ -\ VST3.build/Objects-normal/arm64/82b82416624d2658e5098eb0a28c15c5-common-args.resp (in target 'SideChain - VST3' from project 'SideChain')
    cd /Users/martin/Documents/SideChain/SideChain/Builds/MacOSX
    write-file /Users/martin/Documents/SideChain/SideChain/Builds/MacOSX/build/release-assets/SideChainer-0.4.1-macOS-PRODUCTION-CANDIDATE-20261005/DerivedData-AUVersion/Build/Intermediates.noindex/SideChain.build/Release/SideChain\ -\ VST3.build/Objects-normal/arm64/82b82416624d2658e5098eb0a28c15c5-common-args.resp
-target arm64-apple-macos11.00 '-std=c++17' '-stdlib=libc++' -fpascal-strings -O3 -fno-common '-D_NDEBUG=1' '-DNDEBUG=1' '-DJUCER_XCODE_MAC_F6D2F4CF=1' '-DJUCE_APP_VERSION=0.4.1' '-DJUCE_APP_VERSION_HEX=0x401' '-DJucePlugin_Version=0.4.1' '-DJucePlugin_VersionCode=0x401' '-DJucePlugin_VersionString=0.4.1' '-DJucePlugin_Build_VST=0' '-DJucePlugin_Build_VST3=1' '-DJucePlugin_Build_AU=0' '-DJucePlugin_Build_AUv3=0' '-DJucePlugin_Build_RTAS=0' '-DJucePlugin_Build_AAX=0' '-DJucePlugin_Build_Standalone=0' '-DJucePlugin_Build_Unity=0' -isysroot /Applications/Xcode.app/Contents/Developer/Platforms/MacOSX.platform/Developer/SDKs/MacOSX26.2.sdk '-fvisibility=hidden' -fvisibility-inlines-hidden -I/Users/martin/Documents/SideChain/SideChain/Builds/MacOSX/build/release-assets/SideChainer-0.4.1-macOS-PRODUCTION-CANDIDATE-20261005/BuiltProducts/AUVersionRelease/include -I/Users/martin/Documents/HISE/JUCE/modules/juce_audio_processors/format_types/VST3_SDK -I/Users/martin/Documents/SideChain/SideChain/% -I/Users/martin/Documents/SideChain/SideChain/JuceLibraryCode -I/Users/martin/Documents/HISE/JUCE/modules -I/Users/martin/Documents/HISE/JUCE/modules/juce_audio_plugin_client '-I/Users/martin/Documents/SideChain/SideChain/Builds/MacOSX/build/release-assets/SideChainer-0.4.1-macOS-PRODUCTION-CANDIDATE-20261005/DerivedData-AUVersion/Build/Intermediates.noindex/SideChain.build/Release/SideChain - VST3.build/DerivedSources-normal/arm64' '-I/Users/martin/Documents/SideChain/SideChain/Builds/MacOSX/build/release-assets/SideChainer-0.4.1-macOS-PRODUCTION-CANDIDATE-20261005/DerivedData-AUVersion/Build/Intermediates.noindex/SideChain.build/Release/SideChain - VST3.build/DerivedSources/arm64' '-I/Users/martin/Documents/SideChain/SideChain/Builds/MacOSX/build/release-assets/SideChainer-0.4.1-macOS-PRODUCTION-CANDIDATE-20261005/DerivedData-AUVersion/Build/Intermediates.noindex/SideChain.build/Release/SideChain - VST3.build/DerivedSources' -F/Users/martin/Documents/SideChain/SideChain/Builds/MacOSX/build/release-assets/SideChainer-0.4.1-macOS-PRODUCTION-CANDIDATE-20261005/BuiltProducts/AUVersionRelease

WriteAuxiliaryFile /Users/martin/Documents/SideChain/SideChain/Builds/MacOSX/build/release-assets/SideChainer-0.4.1-macOS-PRODUCTION-CANDIDATE-20261005/DerivedData-AUVersion/Build/Intermediates.noindex/SideChain.build/Release/SideChain\ -\ Shared\ Code.build/Objects-normal/arm64/af3fcb34312c57c0f52879cdce924b91-common-args.resp (in target 'SideChain - Shared Code' from project 'SideChain')
    cd /Users/martin/Documents/SideChain/SideChain/Builds/MacOSX
    write-file /Users/martin/Documents/SideChain/SideChain/Builds/MacOSX/build/release-assets/SideChainer-0.4.1-macOS-PRODUCTION-CANDIDATE-20261005/DerivedData-AUVersion/Build/Intermediates.noindex/SideChain.build/Release/SideChain\ -\ Shared\ Code.build/Objects-normal/arm64/af3fcb34312c57c0f52879cdce924b91-common-args.resp
-target arm64-apple-macos11.00 '-std=c++17' '-stdlib=libc++' -fobjc-weak -fpascal-strings -O3 -fno-common '-D_NDEBUG=1' '-DNDEBUG=1' '-DJUCER_XCODE_MAC_F6D2F4CF=1' '-DJUCE_APP_VERSION=0.4.1' '-DJUCE_APP_VERSION_HEX=0x401' '-DJucePlugin_Version=0.4.1' '-DJucePlugin_VersionCode=0x401' '-DJucePlugin_VersionString=0.4.1' '-DJucePlugin_Build_VST=0' '-DJucePlugin_Build_VST3=1' '-DJucePlugin_Build_AU=1' '-DJucePlugin_Build_AUv3=0' '-DJucePlugin_Build_RTAS=0' '-DJucePlugin_Build_AAX=0' '-DJucePlugin_Build_Standalone=0' '-DJucePlugin_Build_Unity=0' '-DJUCE_SHARED_CODE=1' '-DOBJC_OLD_DISPATCH_PROTOTYPES=0' -isysroot /Applications/Xcode.app/Contents/Developer/Platforms/MacOSX.platform/Developer/SDKs/MacOSX26.2.sdk '-fvisibility=hidden' -fvisibility-inlines-hidden -I/Users/martin/Documents/SideChain/SideChain/Builds/MacOSX/build/release-assets/SideChainer-0.4.1-macOS-PRODUCTION-CANDIDATE-20261005/BuiltProducts/AUVersionRelease/include -I/Users/martin/Documents/HISE/JUCE/modules/juce_audio_processors/format_types/VST3_SDK -I/Users/martin/Documents/SideChain/SideChain/% -I/Users/martin/Documents/SideChain/SideChain/JuceLibraryCode -I/Users/martin/Documents/HISE/JUCE/modules -I/Users/martin/Documents/HISE/JUCE/modules/juce_audio_plugin_client '-I/Users/martin/Documents/SideChain/SideChain/Builds/MacOSX/build/release-assets/SideChainer-0.4.1-macOS-PRODUCTION-CANDIDATE-20261005/DerivedData-AUVersion/Build/Intermediates.noindex/SideChain.build/Release/SideChain - Shared Code.build/DerivedSources-normal/arm64' '-I/Users/martin/Documents/SideChain/SideChain/Builds/MacOSX/build/release-assets/SideChainer-0.4.1-macOS-PRODUCTION-CANDIDATE-20261005/DerivedData-AUVersion/Build/Intermediates.noindex/SideChain.build/Release/SideChain - Shared Code.build/DerivedSources/arm64' '-I/Users/martin/Documents/SideChain/SideChain/Builds/MacOSX/build/release-assets/SideChainer-0.4.1-macOS-PRODUCTION-CANDIDATE-20261005/DerivedData-AUVersion/Build/Intermediates.noindex/SideChain.build/Release/SideChain - Shared Code.build/DerivedSources' -F/Users/martin/Documents/SideChain/SideChain/Builds/MacOSX/build/release-assets/SideChainer-0.4.1-macOS-PRODUCTION-CANDIDATE-20261005/BuiltProducts/AUVersionRelease

WriteAuxiliaryFile /Users/martin/Documents/SideChain/SideChain/Builds/MacOSX/build/release-assets/SideChainer-0.4.1-macOS-PRODUCTION-CANDIDATE-20261005/DerivedData-AUVersion/Build/Intermediates.noindex/SideChain.build/Release/SideChain\ -\ VST3.build/Objects-normal/arm64/SideChain.LinkFileList (in target 'SideChain - VST3' from project 'SideChain')
    cd /Users/martin/Documents/SideChain/SideChain/Builds/MacOSX
    write-file /Users/martin/Documents/SideChain/SideChain/Builds/MacOSX/build/release-assets/SideChainer-0.4.1-macOS-PRODUCTION-CANDIDATE-20261005/DerivedData-AUVersion/Build/Intermediates.noindex/SideChain.build/Release/SideChain\ -\ VST3.build/Objects-normal/arm64/SideChain.LinkFileList

WriteAuxiliaryFile /Users/martin/Documents/SideChain/SideChain/Builds/MacOSX/build/release-assets/SideChainer-0.4.1-macOS-PRODUCTION-CANDIDATE-20261005/DerivedData-AUVersion/Build/Intermediates.noindex/SideChain.build/Release/SideChain\ -\ Shared\ Code.build/Objects-normal/arm64/SideChain.LinkFileList (in target 'SideChain - Shared Code' from project 'SideChain')
    cd /Users/martin/Documents/SideChain/SideChain/Builds/MacOSX
    write-file /Users/martin/Documents/SideChain/SideChain/Builds/MacOSX/build/release-assets/SideChainer-0.4.1-macOS-PRODUCTION-CANDIDATE-20261005/DerivedData-AUVersion/Build/Intermediates.noindex/SideChain.build/Release/SideChain\ -\ Shared\ Code.build/Objects-normal/arm64/SideChain.LinkFileList

WriteAuxiliaryFile /Users/martin/Documents/SideChain/SideChain/Builds/MacOSX/build/release-assets/SideChainer-0.4.1-macOS-PRODUCTION-CANDIDATE-20261005/DerivedData-AUVersion/Build/Intermediates.noindex/SideChain.build/Release/SideChain\ -\ Shared\ Code.build/Objects-normal/arm64/82b82416624d2658e5098eb0a28c15c5-common-args.resp (in target 'SideChain - Shared Code' from project 'SideChain')
    cd /Users/martin/Documents/SideChain/SideChain/Builds/MacOSX
    write-file /Users/martin/Documents/SideChain/SideChain/Builds/MacOSX/build/release-assets/SideChainer-0.4.1-macOS-PRODUCTION-CANDIDATE-20261005/DerivedData-AUVersion/Build/Intermediates.noindex/SideChain.build/Release/SideChain\ -\ Shared\ Code.build/Objects-normal/arm64/82b82416624d2658e5098eb0a28c15c5-common-args.resp
-target arm64-apple-macos11.00 '-std=c++17' '-stdlib=libc++' -fpascal-strings -O3 -fno-common '-D_NDEBUG=1' '-DNDEBUG=1' '-DJUCER_XCODE_MAC_F6D2F4CF=1' '-DJUCE_APP_VERSION=0.4.1' '-DJUCE_APP_VERSION_HEX=0x401' '-DJucePlugin_Version=0.4.1' '-DJucePlugin_VersionCode=0x401' '-DJucePlugin_VersionString=0.4.1' '-DJucePlugin_Build_VST=0' '-DJucePlugin_Build_VST3=1' '-DJucePlugin_Build_AU=1' '-DJucePlugin_Build_AUv3=0' '-DJucePlugin_Build_RTAS=0' '-DJucePlugin_Build_AAX=0' '-DJucePlugin_Build_Standalone=0' '-DJucePlugin_Build_Unity=0' '-DJUCE_SHARED_CODE=1' -isysroot /Applications/Xcode.app/Contents/Developer/Platforms/MacOSX.platform/Developer/SDKs/MacOSX26.2.sdk '-fvisibility=hidden' -fvisibility-inlines-hidden -I/Users/martin/Documents/SideChain/SideChain/Builds/MacOSX/build/release-assets/SideChainer-0.4.1-macOS-PRODUCTION-CANDIDATE-20261005/BuiltProducts/AUVersionRelease/include -I/Users/martin/Documents/HISE/JUCE/modules/juce_audio_processors/format_types/VST3_SDK -I/Users/martin/Documents/SideChain/SideChain/% -I/Users/martin/Documents/SideChain/SideChain/JuceLibraryCode -I/Users/martin/Documents/HISE/JUCE/modules -I/Users/martin/Documents/HISE/JUCE/modules/juce_audio_plugin_client '-I/Users/martin/Documents/SideChain/SideChain/Builds/MacOSX/build/release-assets/SideChainer-0.4.1-macOS-PRODUCTION-CANDIDATE-20261005/DerivedData-AUVersion/Build/Intermediates.noindex/SideChain.build/Release/SideChain - Shared Code.build/DerivedSources-normal/arm64' '-I/Users/martin/Documents/SideChain/SideChain/Builds/MacOSX/build/release-assets/SideChainer-0.4.1-macOS-PRODUCTION-CANDIDATE-20261005/DerivedData-AUVersion/Build/Intermediates.noindex/SideChain.build/Release/SideChain - Shared Code.build/DerivedSources/arm64' '-I/Users/martin/Documents/SideChain/SideChain/Builds/MacOSX/build/release-assets/SideChainer-0.4.1-macOS-PRODUCTION-CANDIDATE-20261005/DerivedData-AUVersion/Build/Intermediates.noindex/SideChain.build/Release/SideChain - Shared Code.build/DerivedSources' -F/Users/martin/Documents/SideChain/SideChain/Builds/MacOSX/build/release-assets/SideChainer-0.4.1-macOS-PRODUCTION-CANDIDATE-20261005/BuiltProducts/AUVersionRelease

WriteAuxiliaryFile /Users/martin/Documents/SideChain/SideChain/Builds/MacOSX/build/release-assets/SideChainer-0.4.1-macOS-PRODUCTION-CANDIDATE-20261005/DerivedData-AUVersion/Build/Intermediates.noindex/SideChain.build/Release/SideChain\ -\ AU.build/SideChain.DependencyMetadataFileList (in target 'SideChain - AU' from project 'SideChain')
    cd /Users/martin/Documents/SideChain/SideChain/Builds/MacOSX
    write-file /Users/martin/Documents/SideChain/SideChain/Builds/MacOSX/build/release-assets/SideChainer-0.4.1-macOS-PRODUCTION-CANDIDATE-20261005/DerivedData-AUVersion/Build/Intermediates.noindex/SideChain.build/Release/SideChain\ -\ AU.build/SideChain.DependencyMetadataFileList

MkDir /Users/martin/Documents/SideChain/SideChain/Builds/MacOSX/build/release-assets/SideChainer-0.4.1-macOS-PRODUCTION-CANDIDATE-20261005/BuiltProducts/AUVersionRelease/SideChain.vst3/Contents/MacOS (in target 'SideChain - VST3' from project 'SideChain')
    cd /Users/martin/Documents/SideChain/SideChain/Builds/MacOSX
    /bin/mkdir -p /Users/martin/Documents/SideChain/SideChain/Builds/MacOSX/build/release-assets/SideChainer-0.4.1-macOS-PRODUCTION-CANDIDATE-20261005/BuiltProducts/AUVersionRelease/SideChain.vst3/Contents/MacOS

WriteAuxiliaryFile /Users/martin/Documents/SideChain/SideChain/Builds/MacOSX/build/release-assets/SideChainer-0.4.1-macOS-PRODUCTION-CANDIDATE-20261005/DerivedData-AUVersion/Build/Intermediates.noindex/SideChain.build/Release/SideChain\ -\ AU.build/SideChain.DependencyStaticMetadataFileList (in target 'SideChain - AU' from project 'SideChain')
    cd /Users/martin/Documents/SideChain/SideChain/Builds/MacOSX
    write-file /Users/martin/Documents/SideChain/SideChain/Builds/MacOSX/build/release-assets/SideChainer-0.4.1-macOS-PRODUCTION-CANDIDATE-20261005/DerivedData-AUVersion/Build/Intermediates.noindex/SideChain.build/Release/SideChain\ -\ AU.build/SideChain.DependencyStaticMetadataFileList

WriteAuxiliaryFile /Users/martin/Documents/SideChain/SideChain/Builds/MacOSX/build/release-assets/SideChainer-0.4.1-macOS-PRODUCTION-CANDIDATE-20261005/DerivedData-AUVersion/Build/Intermediates.noindex/SideChain.build/Release/SideChain\ -\ AU.build/Objects-normal/x86_64/af3fcb34312c57c0f52879cdce924b91-common-args.resp (in target 'SideChain - AU' from project 'SideChain')
    cd /Users/martin/Documents/SideChain/SideChain/Builds/MacOSX
    write-file /Users/martin/Documents/SideChain/SideChain/Builds/MacOSX/build/release-assets/SideChainer-0.4.1-macOS-PRODUCTION-CANDIDATE-20261005/DerivedData-AUVersion/Build/Intermediates.noindex/SideChain.build/Release/SideChain\ -\ AU.build/Objects-normal/x86_64/af3fcb34312c57c0f52879cdce924b91-common-args.resp
-target x86_64-apple-macos11.00 '-std=c++17' '-stdlib=libc++' -fobjc-weak -fpascal-strings -O3 -fno-common '-D_NDEBUG=1' '-DNDEBUG=1' '-DJUCER_XCODE_MAC_F6D2F4CF=1' '-DJUCE_APP_VERSION=0.4.1' '-DJUCE_APP_VERSION_HEX=0x401' '-DJucePlugin_Version=0.4.1' '-DJucePlugin_VersionCode=0x401' '-DJucePlugin_VersionString=0.4.1' '-DJucePlugin_Build_VST=0' '-DJucePlugin_Build_VST3=0' '-DJucePlugin_Build_AU=1' '-DJucePlugin_Build_AUv3=0' '-DJucePlugin_Build_RTAS=0' '-DJucePlugin_Build_AAX=0' '-DJucePlugin_Build_Standalone=0' '-DJucePlugin_Build_Unity=0' '-DOBJC_OLD_DISPATCH_PROTOTYPES=0' -isysroot /Applications/Xcode.app/Contents/Developer/Platforms/MacOSX.platform/Developer/SDKs/MacOSX26.2.sdk -fasm-blocks '-fvisibility=hidden' -fvisibility-inlines-hidden -I/Users/martin/Documents/SideChain/SideChain/Builds/MacOSX/build/release-assets/SideChainer-0.4.1-macOS-PRODUCTION-CANDIDATE-20261005/BuiltProducts/AUVersionRelease/include -I/Users/martin/Documents/HISE/JUCE/modules/juce_audio_processors/format_types/VST3_SDK -I/Users/martin/Documents/SideChain/SideChain/% -I/Users/martin/Documents/SideChain/SideChain/JuceLibraryCode -I/Users/martin/Documents/HISE/JUCE/modules -I/Users/martin/Documents/HISE/JUCE/modules/juce_audio_plugin_client '-I/Users/martin/Documents/SideChain/SideChain/Builds/MacOSX/build/release-assets/SideChainer-0.4.1-macOS-PRODUCTION-CANDIDATE-20261005/DerivedData-AUVersion/Build/Intermediates.noindex/SideChain.build/Release/SideChain - AU.build/DerivedSources-normal/x86_64' '-I/Users/martin/Documents/SideChain/SideChain/Builds/MacOSX/build/release-assets/SideChainer-0.4.1-macOS-PRODUCTION-CANDIDATE-20261005/DerivedData-AUVersion/Build/Intermediates.noindex/SideChain.build/Release/SideChain - AU.build/DerivedSources/x86_64' '-I/Users/martin/Documents/SideChain/SideChain/Builds/MacOSX/build/release-assets/SideChainer-0.4.1-macOS-PRODUCTION-CANDIDATE-20261005/DerivedData-AUVersion/Build/Intermediates.noindex/SideChain.build/Release/SideChain - AU.build/DerivedSources' -F/Users/martin/Documents/SideChain/SideChain/Builds/MacOSX/build/release-assets/SideChainer-0.4.1-macOS-PRODUCTION-CANDIDATE-20261005/BuiltProducts/AUVersionRelease

WriteAuxiliaryFile /Users/martin/Documents/SideChain/SideChain/Builds/MacOSX/build/release-assets/SideChainer-0.4.1-macOS-PRODUCTION-CANDIDATE-20261005/DerivedData-AUVersion/Build/Intermediates.noindex/SideChain.build/Release/SideChain\ -\ AU.build/Objects-normal/x86_64/SideChain.LinkFileList (in target 'SideChain - AU' from project 'SideChain')
    cd /Users/martin/Documents/SideChain/SideChain/Builds/MacOSX
    write-file /Users/martin/Documents/SideChain/SideChain/Builds/MacOSX/build/release-assets/SideChainer-0.4.1-macOS-PRODUCTION-CANDIDATE-20261005/DerivedData-AUVersion/Build/Intermediates.noindex/SideChain.build/Release/SideChain\ -\ AU.build/Objects-normal/x86_64/SideChain.LinkFileList

WriteAuxiliaryFile /Users/martin/Documents/SideChain/SideChain/Builds/MacOSX/build/release-assets/SideChainer-0.4.1-macOS-PRODUCTION-CANDIDATE-20261005/DerivedData-AUVersion/Build/Intermediates.noindex/SideChain.build/Release/SideChain\ -\ AU.build/Objects-normal/arm64/SideChain.LinkFileList (in target 'SideChain - AU' from project 'SideChain')
    cd /Users/martin/Documents/SideChain/SideChain/Builds/MacOSX
    write-file /Users/martin/Documents/SideChain/SideChain/Builds/MacOSX/build/release-assets/SideChainer-0.4.1-macOS-PRODUCTION-CANDIDATE-20261005/DerivedData-AUVersion/Build/Intermediates.noindex/SideChain.build/Release/SideChain\ -\ AU.build/Objects-normal/arm64/SideChain.LinkFileList

WriteAuxiliaryFile /Users/martin/Documents/SideChain/SideChain/Builds/MacOSX/build/release-assets/SideChainer-0.4.1-macOS-PRODUCTION-CANDIDATE-20261005/DerivedData-AUVersion/Build/Intermediates.noindex/SideChain.build/Release/SideChain\ -\ AU.build/Objects-normal/arm64/af3fcb34312c57c0f52879cdce924b91-common-args.resp (in target 'SideChain - AU' from project 'SideChain')
    cd /Users/martin/Documents/SideChain/SideChain/Builds/MacOSX
    write-file /Users/martin/Documents/SideChain/SideChain/Builds/MacOSX/build/release-assets/SideChainer-0.4.1-macOS-PRODUCTION-CANDIDATE-20261005/DerivedData-AUVersion/Build/Intermediates.noindex/SideChain.build/Release/SideChain\ -\ AU.build/Objects-normal/arm64/af3fcb34312c57c0f52879cdce924b91-common-args.resp
-target arm64-apple-macos11.00 '-std=c++17' '-stdlib=libc++' -fobjc-weak -fpascal-strings -O3 -fno-common '-D_NDEBUG=1' '-DNDEBUG=1' '-DJUCER_XCODE_MAC_F6D2F4CF=1' '-DJUCE_APP_VERSION=0.4.1' '-DJUCE_APP_VERSION_HEX=0x401' '-DJucePlugin_Version=0.4.1' '-DJucePlugin_VersionCode=0x401' '-DJucePlugin_VersionString=0.4.1' '-DJucePlugin_Build_VST=0' '-DJucePlugin_Build_VST3=0' '-DJucePlugin_Build_AU=1' '-DJucePlugin_Build_AUv3=0' '-DJucePlugin_Build_RTAS=0' '-DJucePlugin_Build_AAX=0' '-DJucePlugin_Build_Standalone=0' '-DJucePlugin_Build_Unity=0' '-DOBJC_OLD_DISPATCH_PROTOTYPES=0' -isysroot /Applications/Xcode.app/Contents/Developer/Platforms/MacOSX.platform/Developer/SDKs/MacOSX26.2.sdk '-fvisibility=hidden' -fvisibility-inlines-hidden -I/Users/martin/Documents/SideChain/SideChain/Builds/MacOSX/build/release-assets/SideChainer-0.4.1-macOS-PRODUCTION-CANDIDATE-20261005/BuiltProducts/AUVersionRelease/include -I/Users/martin/Documents/HISE/JUCE/modules/juce_audio_processors/format_types/VST3_SDK -I/Users/martin/Documents/SideChain/SideChain/% -I/Users/martin/Documents/SideChain/SideChain/JuceLibraryCode -I/Users/martin/Documents/HISE/JUCE/modules -I/Users/martin/Documents/HISE/JUCE/modules/juce_audio_plugin_client '-I/Users/martin/Documents/SideChain/SideChain/Builds/MacOSX/build/release-assets/SideChainer-0.4.1-macOS-PRODUCTION-CANDIDATE-20261005/DerivedData-AUVersion/Build/Intermediates.noindex/SideChain.build/Release/SideChain - AU.build/DerivedSources-normal/arm64' '-I/Users/martin/Documents/SideChain/SideChain/Builds/MacOSX/build/release-assets/SideChainer-0.4.1-macOS-PRODUCTION-CANDIDATE-20261005/DerivedData-AUVersion/Build/Intermediates.noindex/SideChain.build/Release/SideChain - AU.build/DerivedSources/arm64' '-I/Users/martin/Documents/SideChain/SideChain/Builds/MacOSX/build/release-assets/SideChainer-0.4.1-macOS-PRODUCTION-CANDIDATE-20261005/DerivedData-AUVersion/Build/Intermediates.noindex/SideChain.build/Release/SideChain - AU.build/DerivedSources' -F/Users/martin/Documents/SideChain/SideChain/Builds/MacOSX/build/release-assets/SideChainer-0.4.1-macOS-PRODUCTION-CANDIDATE-20261005/BuiltProducts/AUVersionRelease

MkDir /Users/martin/Documents/SideChain/SideChain/Builds/MacOSX/build/release-assets/SideChainer-0.4.1-macOS-PRODUCTION-CANDIDATE-20261005/BuiltProducts/AUVersionRelease/SideChain.vst3/Contents (in target 'SideChain - VST3' from project 'SideChain')
    cd /Users/martin/Documents/SideChain/SideChain/Builds/MacOSX
    /bin/mkdir -p /Users/martin/Documents/SideChain/SideChain/Builds/MacOSX/build/release-assets/SideChainer-0.4.1-macOS-PRODUCTION-CANDIDATE-20261005/BuiltProducts/AUVersionRelease/SideChain.vst3/Contents

MkDir /Users/martin/Documents/SideChain/SideChain/Builds/MacOSX/build/release-assets/SideChainer-0.4.1-macOS-PRODUCTION-CANDIDATE-20261005/BuiltProducts/AUVersionRelease/SideChain.component/Contents/Resources (in target 'SideChain - AU' from project 'SideChain')
    cd /Users/martin/Documents/SideChain/SideChain/Builds/MacOSX
    /bin/mkdir -p /Users/martin/Documents/SideChain/SideChain/Builds/MacOSX/build/release-assets/SideChainer-0.4.1-macOS-PRODUCTION-CANDIDATE-20261005/BuiltProducts/AUVersionRelease/SideChain.component/Contents/Resources

MkDir /Users/martin/Documents/SideChain/SideChain/Builds/MacOSX/build/release-assets/SideChainer-0.4.1-macOS-PRODUCTION-CANDIDATE-20261005/BuiltProducts/AUVersionRelease/SideChain.component/Contents/MacOS (in target 'SideChain - AU' from project 'SideChain')
    cd /Users/martin/Documents/SideChain/SideChain/Builds/MacOSX
    /bin/mkdir -p /Users/martin/Documents/SideChain/SideChain/Builds/MacOSX/build/release-assets/SideChainer-0.4.1-macOS-PRODUCTION-CANDIDATE-20261005/BuiltProducts/AUVersionRelease/SideChain.component/Contents/MacOS

MkDir /Users/martin/Documents/SideChain/SideChain/Builds/MacOSX/build/release-assets/SideChainer-0.4.1-macOS-PRODUCTION-CANDIDATE-20261005/BuiltProducts/AUVersionRelease/SideChain.component/Contents (in target 'SideChain - AU' from project 'SideChain')
    cd /Users/martin/Documents/SideChain/SideChain/Builds/MacOSX
    /bin/mkdir -p /Users/martin/Documents/SideChain/SideChain/Builds/MacOSX/build/release-assets/SideChainer-0.4.1-macOS-PRODUCTION-CANDIDATE-20261005/BuiltProducts/AUVersionRelease/SideChain.component/Contents

MkDir /Users/martin/Documents/SideChain/SideChain/Builds/MacOSX/build/release-assets/SideChainer-0.4.1-macOS-PRODUCTION-CANDIDATE-20261005/BuiltProducts/AUVersionRelease/SideChain.component (in target 'SideChain - AU' from project 'SideChain')
    cd /Users/martin/Documents/SideChain/SideChain/Builds/MacOSX
    /bin/mkdir -p /Users/martin/Documents/SideChain/SideChain/Builds/MacOSX/build/release-assets/SideChainer-0.4.1-macOS-PRODUCTION-CANDIDATE-20261005/BuiltProducts/AUVersionRelease/SideChain.component

CompileC /Users/martin/Documents/SideChain/SideChain/Builds/MacOSX/build/release-assets/SideChainer-0.4.1-macOS-PRODUCTION-CANDIDATE-20261005/DerivedData-AUVersion/Build/Intermediates.noindex/SideChain.build/Release/SideChain\ -\ Shared\ Code.build/Objects-normal/x86_64/include_juce_events.o /Users/martin/Documents/SideChain/SideChain/JuceLibraryCode/include_juce_events.mm normal x86_64 objective-c++ com.apple.compilers.llvm.clang.1_0.compiler (in target 'SideChain - Shared Code' from project 'SideChain')
    cd /Users/martin/Documents/SideChain/SideChain/Builds/MacOSX
    
    Using response file: /Users/martin/Documents/SideChain/SideChain/Builds/MacOSX/build/release-assets/SideChainer-0.4.1-macOS-PRODUCTION-CANDIDATE-20261005/DerivedData-AUVersion/Build/Intermediates.noindex/SideChain.build/Release/SideChain - Shared Code.build/Objects-normal/x86_64/af3fcb34312c57c0f52879cdce924b91-common-args.resp
    
    /Applications/Xcode.app/Contents/Developer/Toolchains/XcodeDefault.xctoolchain/usr/bin/clang -x objective-c++ -ivfsstatcache /Users/martin/Documents/SideChain/SideChain/Builds/MacOSX/build/release-assets/SideChainer-0.4.1-macOS-PRODUCTION-CANDIDATE-20261005/DerivedData-AUVersion/SDKStatCaches.noindex/macosx26.2-25C58-00fa09913b459cbbc988d1f6730289ae.sdkstatcache -fmessage-length\=0 -fdiagnostics-show-note-include-stack -fmacro-backtrace-limit\=0 -fno-color-diagnostics -Wno-trigraphs -Wno-missing-field-initializers -Wno-missing-prototypes -Wunreachable-code -Wno-implicit-atomic-properties -Wno-objc-interface-ivars -Wno-arc-repeated-use-of-weak -Wimplicit-retain-self -Wnon-virtual-dtor -Wno-overloaded-virtual -Wno-exit-time-destructors -Wduplicate-method-match -Wno-missing-braces -Wparentheses -Wswitch -Wunused-function -Wno-unused-label -Wno-unused-parameter -Wunused-variable -Wunused-value -Wempty-body -Wuninitialized -Wno-unknown-pragmas -Wno-shadow -Wno-four-char-constants -Wno-conversion -Wconstant-conversion -Wint-conversion -Wbool-conversion -Wenum-conversion -Wno-float-conversion -Wnon-literal-null-conversion -Wobjc-literal-conversion -Wshorten-64-to-32 -Wno-newline-eof -Wno-selector -Wno-strict-selector-match -Wundeclared-selector -Wdeprecated-implementations -Wno-c++11-extensions -Wno-implicit-fallthrough -fstrict-aliasing -Wprotocol -Wdeprecated-declarations -Winvalid-offsetof -Wno-sign-conversion -Winfinite-recursion -Wmove -Wcomma -Wblock-capture-autoreleasing -Wstrict-prototypes -Wrange-loop-analysis -Wno-semicolon-before-method-body -Wreorder -Wno-reorder -Wno-inconsistent-missing-override @/Users/martin/Documents/SideChain/SideChain/Builds/MacOSX/build/release-assets/SideChainer-0.4.1-macOS-PRODUCTION-CANDIDATE-20261005/DerivedData-AUVersion/Build/Intermediates.noindex/SideChain.build/Release/SideChain\ -\ Shared\ Code.build/Objects-normal/x86_64/af3fcb34312c57c0f52879cdce924b91-common-args.resp -MMD -MT dependencies -MF /Users/martin/Documents/SideChain/SideChain/Builds/MacOSX/build/release-assets/SideChainer-0.4.1-macOS-PRODUCTION-CANDIDATE-20261005/DerivedData-AUVersion/Build/Intermediates.noindex/SideChain.build/Release/SideChain\ -\ Shared\ Code.build/Objects-normal/x86_64/include_juce_events.d --serialize-diagnostics /Users/martin/Documents/SideChain/SideChain/Builds/MacOSX/build/release-assets/SideChainer-0.4.1-macOS-PRODUCTION-CANDIDATE-20261005/DerivedData-AUVersion/Build/Intermediates.noindex/SideChain.build/Release/SideChain\ -\ Shared\ Code.build/Objects-normal/x86_64/include_juce_events.dia -c /Users/martin/Documents/SideChain/SideChain/JuceLibraryCode/include_juce_events.mm -o /Users/martin/Documents/SideChain/SideChain/Builds/MacOSX/build/release-assets/SideChainer-0.4.1-macOS-PRODUCTION-CANDIDATE-20261005/DerivedData-AUVersion/Build/Intermediates.noindex/SideChain.build/Release/SideChain\ -\ Shared\ Code.build/Objects-normal/x86_64/include_juce_events.o

CompileC /Users/martin/Documents/SideChain/SideChain/Builds/MacOSX/build/release-assets/SideChainer-0.4.1-macOS-PRODUCTION-CANDIDATE-20261005/DerivedData-AUVersion/Build/Intermediates.noindex/SideChain.build/Release/SideChain\ -\ Shared\ Code.build/Objects-normal/x86_64/include_juce_audio_processors.o /Users/martin/Documents/SideChain/SideChain/JuceLibraryCode/include_juce_audio_processors.mm normal x86_64 objective-c++ com.apple.compilers.llvm.clang.1_0.compiler (in target 'SideChain - Shared Code' from project 'SideChain')
    cd /Users/martin/Documents/SideChain/SideChain/Builds/MacOSX
    
    Using response file: /Users/martin/Documents/SideChain/SideChain/Builds/MacOSX/build/release-assets/SideChainer-0.4.1-macOS-PRODUCTION-CANDIDATE-20261005/DerivedData-AUVersion/Build/Intermediates.noindex/SideChain.build/Release/SideChain - Shared Code.build/Objects-normal/x86_64/af3fcb34312c57c0f52879cdce924b91-common-args.resp
    
    /Applications/Xcode.app/Contents/Developer/Toolchains/XcodeDefault.xctoolchain/usr/bin/clang -x objective-c++ -ivfsstatcache /Users/martin/Documents/SideChain/SideChain/Builds/MacOSX/build/release-assets/SideChainer-0.4.1-macOS-PRODUCTION-CANDIDATE-20261005/DerivedData-AUVersion/SDKStatCaches.noindex/macosx26.2-25C58-00fa09913b459cbbc988d1f6730289ae.sdkstatcache -fmessage-length\=0 -fdiagnostics-show-note-include-stack -fmacro-backtrace-limit\=0 -fno-color-diagnostics -Wno-trigraphs -Wno-missing-field-initializers -Wno-missing-prototypes -Wunreachable-code -Wno-implicit-atomic-properties -Wno-objc-interface-ivars -Wno-arc-repeated-use-of-weak -Wimplicit-retain-self -Wnon-virtual-dtor -Wno-overloaded-virtual -Wno-exit-time-destructors -Wduplicate-method-match -Wno-missing-braces -Wparentheses -Wswitch -Wunused-function -Wno-unused-label -Wno-unused-parameter -Wunused-variable -Wunused-value -Wempty-body -Wuninitialized -Wno-unknown-pragmas -Wno-shadow -Wno-four-char-constants -Wno-conversion -Wconstant-conversion -Wint-conversion -Wbool-conversion -Wenum-conversion -Wno-float-conversion -Wnon-literal-null-conversion -Wobjc-literal-conversion -Wshorten-64-to-32 -Wno-newline-eof -Wno-selector -Wno-strict-selector-match -Wundeclared-selector -Wdeprecated-implementations -Wno-c++11-extensions -Wno-implicit-fallthrough -fstrict-aliasing -Wprotocol -Wdeprecated-declarations -Winvalid-offsetof -Wno-sign-conversion -Winfinite-recursion -Wmove -Wcomma -Wblock-capture-autoreleasing -Wstrict-prototypes -Wrange-loop-analysis -Wno-semicolon-before-method-body -Wreorder -Wno-reorder -Wno-inconsistent-missing-override @/Users/martin/Documents/SideChain/SideChain/Builds/MacOSX/build/release-assets/SideChainer-0.4.1-macOS-PRODUCTION-CANDIDATE-20261005/DerivedData-AUVersion/Build/Intermediates.noindex/SideChain.build/Release/SideChain\ -\ Shared\ Code.build/Objects-normal/x86_64/af3fcb34312c57c0f52879cdce924b91-common-args.resp -MMD -MT dependencies -MF /Users/martin/Documents/SideChain/SideChain/Builds/MacOSX/build/release-assets/SideChainer-0.4.1-macOS-PRODUCTION-CANDIDATE-20261005/DerivedData-AUVersion/Build/Intermediates.noindex/SideChain.build/Release/SideChain\ -\ Shared\ Code.build/Objects-normal/x86_64/include_juce_audio_processors.d --serialize-diagnostics /Users/martin/Documents/SideChain/SideChain/Builds/MacOSX/build/release-assets/SideChainer-0.4.1-macOS-PRODUCTION-CANDIDATE-20261005/DerivedData-AUVersion/Build/Intermediates.noindex/SideChain.build/Release/SideChain\ -\ Shared\ Code.build/Objects-normal/x86_64/include_juce_audio_processors.dia -c /Users/martin/Documents/SideChain/SideChain/JuceLibraryCode/include_juce_audio_processors.mm -o /Users/martin/Documents/SideChain/SideChain/Builds/MacOSX/build/release-assets/SideChainer-0.4.1-macOS-PRODUCTION-CANDIDATE-20261005/DerivedData-AUVersion/Build/Intermediates.noindex/SideChain.build/Release/SideChain\ -\ Shared\ Code.build/Objects-normal/x86_64/include_juce_audio_processors.o

CompileC /Users/martin/Documents/SideChain/SideChain/Builds/MacOSX/build/release-assets/SideChainer-0.4.1-macOS-PRODUCTION-CANDIDATE-20261005/DerivedData-AUVersion/Build/Intermediates.noindex/SideChain.build/Release/SideChain\ -\ Shared\ Code.build/Objects-normal/x86_64/include_juce_dsp.o /Users/martin/Documents/SideChain/SideChain/JuceLibraryCode/include_juce_dsp.mm normal x86_64 objective-c++ com.apple.compilers.llvm.clang.1_0.compiler (in target 'SideChain - Shared Code' from project 'SideChain')
    cd /Users/martin/Documents/SideChain/SideChain/Builds/MacOSX
    
    Using response file: /Users/martin/Documents/SideChain/SideChain/Builds/MacOSX/build/release-assets/SideChainer-0.4.1-macOS-PRODUCTION-CANDIDATE-20261005/DerivedData-AUVersion/Build/Intermediates.noindex/SideChain.build/Release/SideChain - Shared Code.build/Objects-normal/x86_64/af3fcb34312c57c0f52879cdce924b91-common-args.resp
    
    /Applications/Xcode.app/Contents/Developer/Toolchains/XcodeDefault.xctoolchain/usr/bin/clang -x objective-c++ -ivfsstatcache /Users/martin/Documents/SideChain/SideChain/Builds/MacOSX/build/release-assets/SideChainer-0.4.1-macOS-PRODUCTION-CANDIDATE-20261005/DerivedData-AUVersion/SDKStatCaches.noindex/macosx26.2-25C58-00fa09913b459cbbc988d1f6730289ae.sdkstatcache -fmessage-length\=0 -fdiagnostics-show-note-include-stack -fmacro-backtrace-limit\=0 -fno-color-diagnostics -Wno-trigraphs -Wno-missing-field-initializers -Wno-missing-prototypes -Wunreachable-code -Wno-implicit-atomic-properties -Wno-objc-interface-ivars -Wno-arc-repeated-use-of-weak -Wimplicit-retain-self -Wnon-virtual-dtor -Wno-overloaded-virtual -Wno-exit-time-destructors -Wduplicate-method-match -Wno-missing-braces -Wparentheses -Wswitch -Wunused-function -Wno-unused-label -Wno-unused-parameter -Wunused-variable -Wunused-value -Wempty-body -Wuninitialized -Wno-unknown-pragmas -Wno-shadow -Wno-four-char-constants -Wno-conversion -Wconstant-conversion -Wint-conversion -Wbool-conversion -Wenum-conversion -Wno-float-conversion -Wnon-literal-null-conversion -Wobjc-literal-conversion -Wshorten-64-to-32 -Wno-newline-eof -Wno-selector -Wno-strict-selector-match -Wundeclared-selector -Wdeprecated-implementations -Wno-c++11-extensions -Wno-implicit-fallthrough -fstrict-aliasing -Wprotocol -Wdeprecated-declarations -Winvalid-offsetof -Wno-sign-conversion -Winfinite-recursion -Wmove -Wcomma -Wblock-capture-autoreleasing -Wstrict-prototypes -Wrange-loop-analysis -Wno-semicolon-before-method-body -Wreorder -Wno-reorder -Wno-inconsistent-missing-override @/Users/martin/Documents/SideChain/SideChain/Builds/MacOSX/build/release-assets/SideChainer-0.4.1-macOS-PRODUCTION-CANDIDATE-20261005/DerivedData-AUVersion/Build/Intermediates.noindex/SideChain.build/Release/SideChain\ -\ Shared\ Code.build/Objects-normal/x86_64/af3fcb34312c57c0f52879cdce924b91-common-args.resp -MMD -MT dependencies -MF /Users/martin/Documents/SideChain/SideChain/Builds/MacOSX/build/release-assets/SideChainer-0.4.1-macOS-PRODUCTION-CANDIDATE-20261005/DerivedData-AUVersion/Build/Intermediates.noindex/SideChain.build/Release/SideChain\ -\ Shared\ Code.build/Objects-normal/x86_64/include_juce_dsp.d --serialize-diagnostics /Users/martin/Documents/SideChain/SideChain/Builds/MacOSX/build/release-assets/SideChainer-0.4.1-macOS-PRODUCTION-CANDIDATE-20261005/DerivedData-AUVersion/Build/Intermediates.noindex/SideChain.build/Release/SideChain\ -\ Shared\ Code.build/Objects-normal/x86_64/include_juce_dsp.dia -c /Users/martin/Documents/SideChain/SideChain/JuceLibraryCode/include_juce_dsp.mm -o /Users/martin/Documents/SideChain/SideChain/Builds/MacOSX/build/release-assets/SideChainer-0.4.1-macOS-PRODUCTION-CANDIDATE-20261005/DerivedData-AUVersion/Build/Intermediates.noindex/SideChain.build/Release/SideChain\ -\ Shared\ Code.build/Objects-normal/x86_64/include_juce_dsp.o

CompileC /Users/martin/Documents/SideChain/SideChain/Builds/MacOSX/build/release-assets/SideChainer-0.4.1-macOS-PRODUCTION-CANDIDATE-20261005/DerivedData-AUVersion/Build/Intermediates.noindex/SideChain.build/Release/SideChain\ -\ Shared\ Code.build/Objects-normal/x86_64/include_juce_core.o /Users/martin/Documents/SideChain/SideChain/JuceLibraryCode/include_juce_core.mm normal x86_64 objective-c++ com.apple.compilers.llvm.clang.1_0.compiler (in target 'SideChain - Shared Code' from project 'SideChain')
    cd /Users/martin/Documents/SideChain/SideChain/Builds/MacOSX
    
    Using response file: /Users/martin/Documents/SideChain/SideChain/Builds/MacOSX/build/release-assets/SideChainer-0.4.1-macOS-PRODUCTION-CANDIDATE-20261005/DerivedData-AUVersion/Build/Intermediates.noindex/SideChain.build/Release/SideChain - Shared Code.build/Objects-normal/x86_64/af3fcb34312c57c0f52879cdce924b91-common-args.resp
    
    /Applications/Xcode.app/Contents/Developer/Toolchains/XcodeDefault.xctoolchain/usr/bin/clang -x objective-c++ -ivfsstatcache /Users/martin/Documents/SideChain/SideChain/Builds/MacOSX/build/release-assets/SideChainer-0.4.1-macOS-PRODUCTION-CANDIDATE-20261005/DerivedData-AUVersion/SDKStatCaches.noindex/macosx26.2-25C58-00fa09913b459cbbc988d1f6730289ae.sdkstatcache -fmessage-length\=0 -fdiagnostics-show-note-include-stack -fmacro-backtrace-limit\=0 -fno-color-diagnostics -Wno-trigraphs -Wno-missing-field-initializers -Wno-missing-prototypes -Wunreachable-code -Wno-implicit-atomic-properties -Wno-objc-interface-ivars -Wno-arc-repeated-use-of-weak -Wimplicit-retain-self -Wnon-virtual-dtor -Wno-overloaded-virtual -Wno-exit-time-destructors -Wduplicate-method-match -Wno-missing-braces -Wparentheses -Wswitch -Wunused-function -Wno-unused-label -Wno-unused-parameter -Wunused-variable -Wunused-value -Wempty-body -Wuninitialized -Wno-unknown-pragmas -Wno-shadow -Wno-four-char-constants -Wno-conversion -Wconstant-conversion -Wint-conversion -Wbool-conversion -Wenum-conversion -Wno-float-conversion -Wnon-literal-null-conversion -Wobjc-literal-conversion -Wshorten-64-to-32 -Wno-newline-eof -Wno-selector -Wno-strict-selector-match -Wundeclared-selector -Wdeprecated-implementations -Wno-c++11-extensions -Wno-implicit-fallthrough -fstrict-aliasing -Wprotocol -Wdeprecated-declarations -Winvalid-offsetof -Wno-sign-conversion -Winfinite-recursion -Wmove -Wcomma -Wblock-capture-autoreleasing -Wstrict-prototypes -Wrange-loop-analysis -Wno-semicolon-before-method-body -Wreorder -Wno-reorder -Wno-inconsistent-missing-override @/Users/martin/Documents/SideChain/SideChain/Builds/MacOSX/build/release-assets/SideChainer-0.4.1-macOS-PRODUCTION-CANDIDATE-20261005/DerivedData-AUVersion/Build/Intermediates.noindex/SideChain.build/Release/SideChain\ -\ Shared\ Code.build/Objects-normal/x86_64/af3fcb34312c57c0f52879cdce924b91-common-args.resp -MMD -MT dependencies -MF /Users/martin/Documents/SideChain/SideChain/Builds/MacOSX/build/release-assets/SideChainer-0.4.1-macOS-PRODUCTION-CANDIDATE-20261005/DerivedData-AUVersion/Build/Intermediates.noindex/SideChain.build/Release/SideChain\ -\ Shared\ Code.build/Objects-normal/x86_64/include_juce_core.d --serialize-diagnostics /Users/martin/Documents/SideChain/SideChain/Builds/MacOSX/build/release-assets/SideChainer-0.4.1-macOS-PRODUCTION-CANDIDATE-20261005/DerivedData-AUVersion/Build/Intermediates.noindex/SideChain.build/Release/SideChain\ -\ Shared\ Code.build/Objects-normal/x86_64/include_juce_core.dia -c /Users/martin/Documents/SideChain/SideChain/JuceLibraryCode/include_juce_core.mm -o /Users/martin/Documents/SideChain/SideChain/Builds/MacOSX/build/release-assets/SideChainer-0.4.1-macOS-PRODUCTION-CANDIDATE-20261005/DerivedData-AUVersion/Build/Intermediates.noindex/SideChain.build/Release/SideChain\ -\ Shared\ Code.build/Objects-normal/x86_64/include_juce_core.o

CompileC /Users/martin/Documents/SideChain/SideChain/Builds/MacOSX/build/release-assets/SideChainer-0.4.1-macOS-PRODUCTION-CANDIDATE-20261005/DerivedData-AUVersion/Build/Intermediates.noindex/SideChain.build/Release/SideChain\ -\ Shared\ Code.build/Objects-normal/x86_64/include_juce_audio_utils.o /Users/martin/Documents/SideChain/SideChain/JuceLibraryCode/include_juce_audio_utils.mm normal x86_64 objective-c++ com.apple.compilers.llvm.clang.1_0.compiler (in target 'SideChain - Shared Code' from project 'SideChain')
    cd /Users/martin/Documents/SideChain/SideChain/Builds/MacOSX
    
    Using response file: /Users/martin/Documents/SideChain/SideChain/Builds/MacOSX/build/release-assets/SideChainer-0.4.1-macOS-PRODUCTION-CANDIDATE-20261005/DerivedData-AUVersion/Build/Intermediates.noindex/SideChain.build/Release/SideChain - Shared Code.build/Objects-normal/x86_64/af3fcb34312c57c0f52879cdce924b91-common-args.resp
    
    /Applications/Xcode.app/Contents/Developer/Toolchains/XcodeDefault.xctoolchain/usr/bin/clang -x objective-c++ -ivfsstatcache /Users/martin/Documents/SideChain/SideChain/Builds/MacOSX/build/release-assets/SideChainer-0.4.1-macOS-PRODUCTION-CANDIDATE-20261005/DerivedData-AUVersion/SDKStatCaches.noindex/macosx26.2-25C58-00fa09913b459cbbc988d1f6730289ae.sdkstatcache -fmessage-length\=0 -fdiagnostics-show-note-include-stack -fmacro-backtrace-limit\=0 -fno-color-diagnostics -Wno-trigraphs -Wno-missing-field-initializers -Wno-missing-prototypes -Wunreachable-code -Wno-implicit-atomic-properties -Wno-objc-interface-ivars -Wno-arc-repeated-use-of-weak -Wimplicit-retain-self -Wnon-virtual-dtor -Wno-overloaded-virtual -Wno-exit-time-destructors -Wduplicate-method-match -Wno-missing-braces -Wparentheses -Wswitch -Wunused-function -Wno-unused-label -Wno-unused-parameter -Wunused-variable -Wunused-value -Wempty-body -Wuninitialized -Wno-unknown-pragmas -Wno-shadow -Wno-four-char-constants -Wno-conversion -Wconstant-conversion -Wint-conversion -Wbool-conversion -Wenum-conversion -Wno-float-conversion -Wnon-literal-null-conversion -Wobjc-literal-conversion -Wshorten-64-to-32 -Wno-newline-eof -Wno-selector -Wno-strict-selector-match -Wundeclared-selector -Wdeprecated-implementations -Wno-c++11-extensions -Wno-implicit-fallthrough -fstrict-aliasing -Wprotocol -Wdeprecated-declarations -Winvalid-offsetof -Wno-sign-conversion -Winfinite-recursion -Wmove -Wcomma -Wblock-capture-autoreleasing -Wstrict-prototypes -Wrange-loop-analysis -Wno-semicolon-before-method-body -Wreorder -Wno-reorder -Wno-inconsistent-missing-override @/Users/martin/Documents/SideChain/SideChain/Builds/MacOSX/build/release-assets/SideChainer-0.4.1-macOS-PRODUCTION-CANDIDATE-20261005/DerivedData-AUVersion/Build/Intermediates.noindex/SideChain.build/Release/SideChain\ -\ Shared\ Code.build/Objects-normal/x86_64/af3fcb34312c57c0f52879cdce924b91-common-args.resp -MMD -MT dependencies -MF /Users/martin/Documents/SideChain/SideChain/Builds/MacOSX/build/release-assets/SideChainer-0.4.1-macOS-PRODUCTION-CANDIDATE-20261005/DerivedData-AUVersion/Build/Intermediates.noindex/SideChain.build/Release/SideChain\ -\ Shared\ Code.build/Objects-normal/x86_64/include_juce_audio_utils.d --serialize-diagnostics /Users/martin/Documents/SideChain/SideChain/Builds/MacOSX/build/release-assets/SideChainer-0.4.1-macOS-PRODUCTION-CANDIDATE-20261005/DerivedData-AUVersion/Build/Intermediates.noindex/SideChain.build/Release/SideChain\ -\ Shared\ Code.build/Objects-normal/x86_64/include_juce_audio_utils.dia -c /Users/martin/Documents/SideChain/SideChain/JuceLibraryCode/include_juce_audio_utils.mm -o /Users/martin/Documents/SideChain/SideChain/Builds/MacOSX/build/release-assets/SideChainer-0.4.1-macOS-PRODUCTION-CANDIDATE-20261005/DerivedData-AUVersion/Build/Intermediates.noindex/SideChain.build/Release/SideChain\ -\ Shared\ Code.build/Objects-normal/x86_64/include_juce_audio_utils.o

CompileC /Users/martin/Documents/SideChain/SideChain/Builds/MacOSX/build/release-assets/SideChainer-0.4.1-macOS-PRODUCTION-CANDIDATE-20261005/DerivedData-AUVersion/Build/Intermediates.noindex/SideChain.build/Release/SideChain\ -\ Shared\ Code.build/Objects-normal/x86_64/include_juce_data_structures.o /Users/martin/Documents/SideChain/SideChain/JuceLibraryCode/include_juce_data_structures.mm normal x86_64 objective-c++ com.apple.compilers.llvm.clang.1_0.compiler (in target 'SideChain - Shared Code' from project 'SideChain')
    cd /Users/martin/Documents/SideChain/SideChain/Builds/MacOSX
    
    Using response file: /Users/martin/Documents/SideChain/SideChain/Builds/MacOSX/build/release-assets/SideChainer-0.4.1-macOS-PRODUCTION-CANDIDATE-20261005/DerivedData-AUVersion/Build/Intermediates.noindex/SideChain.build/Release/SideChain - Shared Code.build/Objects-normal/x86_64/af3fcb34312c57c0f52879cdce924b91-common-args.resp
    
    /Applications/Xcode.app/Contents/Developer/Toolchains/XcodeDefault.xctoolchain/usr/bin/clang -x objective-c++ -ivfsstatcache /Users/martin/Documents/SideChain/SideChain/Builds/MacOSX/build/release-assets/SideChainer-0.4.1-macOS-PRODUCTION-CANDIDATE-20261005/DerivedData-AUVersion/SDKStatCaches.noindex/macosx26.2-25C58-00fa09913b459cbbc988d1f6730289ae.sdkstatcache -fmessage-length\=0 -fdiagnostics-show-note-include-stack -fmacro-backtrace-limit\=0 -fno-color-diagnostics -Wno-trigraphs -Wno-missing-field-initializers -Wno-missing-prototypes -Wunreachable-code -Wno-implicit-atomic-properties -Wno-objc-interface-ivars -Wno-arc-repeated-use-of-weak -Wimplicit-retain-self -Wnon-virtual-dtor -Wno-overloaded-virtual -Wno-exit-time-destructors -Wduplicate-method-match -Wno-missing-braces -Wparentheses -Wswitch -Wunused-function -Wno-unused-label -Wno-unused-parameter -Wunused-variable -Wunused-value -Wempty-body -Wuninitialized -Wno-unknown-pragmas -Wno-shadow -Wno-four-char-constants -Wno-conversion -Wconstant-conversion -Wint-conversion -Wbool-conversion -Wenum-conversion -Wno-float-conversion -Wnon-literal-null-conversion -Wobjc-literal-conversion -Wshorten-64-to-32 -Wno-newline-eof -Wno-selector -Wno-strict-selector-match -Wundeclared-selector -Wdeprecated-implementations -Wno-c++11-extensions -Wno-implicit-fallthrough -fstrict-aliasing -Wprotocol -Wdeprecated-declarations -Winvalid-offsetof -Wno-sign-conversion -Winfinite-recursion -Wmove -Wcomma -Wblock-capture-autoreleasing -Wstrict-prototypes -Wrange-loop-analysis -Wno-semicolon-before-method-body -Wreorder -Wno-reorder -Wno-inconsistent-missing-override @/Users/martin/Documents/SideChain/SideChain/Builds/MacOSX/build/release-assets/SideChainer-0.4.1-macOS-PRODUCTION-CANDIDATE-20261005/DerivedData-AUVersion/Build/Intermediates.noindex/SideChain.build/Release/SideChain\ -\ Shared\ Code.build/Objects-normal/x86_64/af3fcb34312c57c0f52879cdce924b91-common-args.resp -MMD -MT dependencies -MF /Users/martin/Documents/SideChain/SideChain/Builds/MacOSX/build/release-assets/SideChainer-0.4.1-macOS-PRODUCTION-CANDIDATE-20261005/DerivedData-AUVersion/Build/Intermediates.noindex/SideChain.build/Release/SideChain\ -\ Shared\ Code.build/Objects-normal/x86_64/include_juce_data_structures.d --serialize-diagnostics /Users/martin/Documents/SideChain/SideChain/Builds/MacOSX/build/release-assets/SideChainer-0.4.1-macOS-PRODUCTION-CANDIDATE-20261005/DerivedData-AUVersion/Build/Intermediates.noindex/SideChain.build/Release/SideChain\ -\ Shared\ Code.build/Objects-normal/x86_64/include_juce_data_structures.dia -c /Users/martin/Documents/SideChain/SideChain/JuceLibraryCode/include_juce_data_structures.mm -o /Users/martin/Documents/SideChain/SideChain/Builds/MacOSX/build/release-assets/SideChainer-0.4.1-macOS-PRODUCTION-CANDIDATE-20261005/DerivedData-AUVersion/Build/Intermediates.noindex/SideChain.build/Release/SideChain\ -\ Shared\ Code.build/Objects-normal/x86_64/include_juce_data_structures.o

CompileC /Users/martin/Documents/SideChain/SideChain/Builds/MacOSX/build/release-assets/SideChainer-0.4.1-macOS-PRODUCTION-CANDIDATE-20261005/DerivedData-AUVersion/Build/Intermediates.noindex/SideChain.build/Release/SideChain\ -\ Shared\ Code.build/Objects-normal/x86_64/include_juce_gui_extra.o /Users/martin/Documents/SideChain/SideChain/JuceLibraryCode/include_juce_gui_extra.mm normal x86_64 objective-c++ com.apple.compilers.llvm.clang.1_0.compiler (in target 'SideChain - Shared Code' from project 'SideChain')
    cd /Users/martin/Documents/SideChain/SideChain/Builds/MacOSX
    
    Using response file: /Users/martin/Documents/SideChain/SideChain/Builds/MacOSX/build/release-assets/SideChainer-0.4.1-macOS-PRODUCTION-CANDIDATE-20261005/DerivedData-AUVersion/Build/Intermediates.noindex/SideChain.build/Release/SideChain - Shared Code.build/Objects-normal/x86_64/af3fcb34312c57c0f52879cdce924b91-common-args.resp
    
    /Applications/Xcode.app/Contents/Developer/Toolchains/XcodeDefault.xctoolchain/usr/bin/clang -x objective-c++ -ivfsstatcache /Users/martin/Documents/SideChain/SideChain/Builds/MacOSX/build/release-assets/SideChainer-0.4.1-macOS-PRODUCTION-CANDIDATE-20261005/DerivedData-AUVersion/SDKStatCaches.noindex/macosx26.2-25C58-00fa09913b459cbbc988d1f6730289ae.sdkstatcache -fmessage-length\=0 -fdiagnostics-show-note-include-stack -fmacro-backtrace-limit\=0 -fno-color-diagnostics -Wno-trigraphs -Wno-missing-field-initializers -Wno-missing-prototypes -Wunreachable-code -Wno-implicit-atomic-properties -Wno-objc-interface-ivars -Wno-arc-repeated-use-of-weak -Wimplicit-retain-self -Wnon-virtual-dtor -Wno-overloaded-virtual -Wno-exit-time-destructors -Wduplicate-method-match -Wno-missing-braces -Wparentheses -Wswitch -Wunused-function -Wno-unused-label -Wno-unused-parameter -Wunused-variable -Wunused-value -Wempty-body -Wuninitialized -Wno-unknown-pragmas -Wno-shadow -Wno-four-char-constants -Wno-conversion -Wconstant-conversion -Wint-conversion -Wbool-conversion -Wenum-conversion -Wno-float-conversion -Wnon-literal-null-conversion -Wobjc-literal-conversion -Wshorten-64-to-32 -Wno-newline-eof -Wno-selector -Wno-strict-selector-match -Wundeclared-selector -Wdeprecated-implementations -Wno-c++11-extensions -Wno-implicit-fallthrough -fstrict-aliasing -Wprotocol -Wdeprecated-declarations -Winvalid-offsetof -Wno-sign-conversion -Winfinite-recursion -Wmove -Wcomma -Wblock-capture-autoreleasing -Wstrict-prototypes -Wrange-loop-analysis -Wno-semicolon-before-method-body -Wreorder -Wno-reorder -Wno-inconsistent-missing-override @/Users/martin/Documents/SideChain/SideChain/Builds/MacOSX/build/release-assets/SideChainer-0.4.1-macOS-PRODUCTION-CANDIDATE-20261005/DerivedData-AUVersion/Build/Intermediates.noindex/SideChain.build/Release/SideChain\ -\ Shared\ Code.build/Objects-normal/x86_64/af3fcb34312c57c0f52879cdce924b91-common-args.resp -MMD -MT dependencies -MF /Users/martin/Documents/SideChain/SideChain/Builds/MacOSX/build/release-assets/SideChainer-0.4.1-macOS-PRODUCTION-CANDIDATE-20261005/DerivedData-AUVersion/Build/Intermediates.noindex/SideChain.build/Release/SideChain\ -\ Shared\ Code.build/Objects-normal/x86_64/include_juce_gui_extra.d --serialize-diagnostics /Users/martin/Documents/SideChain/SideChain/Builds/MacOSX/build/release-assets/SideChainer-0.4.1-macOS-PRODUCTION-CANDIDATE-20261005/DerivedData-AUVersion/Build/Intermediates.noindex/SideChain.build/Release/SideChain\ -\ Shared\ Code.build/Objects-normal/x86_64/include_juce_gui_extra.dia -c /Users/martin/Documents/SideChain/SideChain/JuceLibraryCode/include_juce_gui_extra.mm -o /Users/martin/Documents/SideChain/SideChain/Builds/MacOSX/build/release-assets/SideChainer-0.4.1-macOS-PRODUCTION-CANDIDATE-20261005/DerivedData-AUVersion/Build/Intermediates.noindex/SideChain.build/Release/SideChain\ -\ Shared\ Code.build/Objects-normal/x86_64/include_juce_gui_extra.o

CompileC /Users/martin/Documents/SideChain/SideChain/Builds/MacOSX/build/release-assets/SideChainer-0.4.1-macOS-PRODUCTION-CANDIDATE-20261005/DerivedData-AUVersion/Build/Intermediates.noindex/SideChain.build/Release/SideChain\ -\ Shared\ Code.build/Objects-normal/x86_64/include_juce_graphics.o /Users/martin/Documents/SideChain/SideChain/JuceLibraryCode/include_juce_graphics.mm normal x86_64 objective-c++ com.apple.compilers.llvm.clang.1_0.compiler (in target 'SideChain - Shared Code' from project 'SideChain')
    cd /Users/martin/Documents/SideChain/SideChain/Builds/MacOSX
    
    Using response file: /Users/martin/Documents/SideChain/SideChain/Builds/MacOSX/build/release-assets/SideChainer-0.4.1-macOS-PRODUCTION-CANDIDATE-20261005/DerivedData-AUVersion/Build/Intermediates.noindex/SideChain.build/Release/SideChain - Shared Code.build/Objects-normal/x86_64/af3fcb34312c57c0f52879cdce924b91-common-args.resp
    
    /Applications/Xcode.app/Contents/Developer/Toolchains/XcodeDefault.xctoolchain/usr/bin/clang -x objective-c++ -ivfsstatcache /Users/martin/Documents/SideChain/SideChain/Builds/MacOSX/build/release-assets/SideChainer-0.4.1-macOS-PRODUCTION-CANDIDATE-20261005/DerivedData-AUVersion/SDKStatCaches.noindex/macosx26.2-25C58-00fa09913b459cbbc988d1f6730289ae.sdkstatcache -fmessage-length\=0 -fdiagnostics-show-note-include-stack -fmacro-backtrace-limit\=0 -fno-color-diagnostics -Wno-trigraphs -Wno-missing-field-initializers -Wno-missing-prototypes -Wunreachable-code -Wno-implicit-atomic-properties -Wno-objc-interface-ivars -Wno-arc-repeated-use-of-weak -Wimplicit-retain-self -Wnon-virtual-dtor -Wno-overloaded-virtual -Wno-exit-time-destructors -Wduplicate-method-match -Wno-missing-braces -Wparentheses -Wswitch -Wunused-function -Wno-unused-label -Wno-unused-parameter -Wunused-variable -Wunused-value -Wempty-body -Wuninitialized -Wno-unknown-pragmas -Wno-shadow -Wno-four-char-constants -Wno-conversion -Wconstant-conversion -Wint-conversion -Wbool-conversion -Wenum-conversion -Wno-float-conversion -Wnon-literal-null-conversion -Wobjc-literal-conversion -Wshorten-64-to-32 -Wno-newline-eof -Wno-selector -Wno-strict-selector-match -Wundeclared-selector -Wdeprecated-implementations -Wno-c++11-extensions -Wno-implicit-fallthrough -fstrict-aliasing -Wprotocol -Wdeprecated-declarations -Winvalid-offsetof -Wno-sign-conversion -Winfinite-recursion -Wmove -Wcomma -Wblock-capture-autoreleasing -Wstrict-prototypes -Wrange-loop-analysis -Wno-semicolon-before-method-body -Wreorder -Wno-reorder -Wno-inconsistent-missing-override @/Users/martin/Documents/SideChain/SideChain/Builds/MacOSX/build/release-assets/SideChainer-0.4.1-macOS-PRODUCTION-CANDIDATE-20261005/DerivedData-AUVersion/Build/Intermediates.noindex/SideChain.build/Release/SideChain\ -\ Shared\ Code.build/Objects-normal/x86_64/af3fcb34312c57c0f52879cdce924b91-common-args.resp -MMD -MT dependencies -MF /Users/martin/Documents/SideChain/SideChain/Builds/MacOSX/build/release-assets/SideChainer-0.4.1-macOS-PRODUCTION-CANDIDATE-20261005/DerivedData-AUVersion/Build/Intermediates.noindex/SideChain.build/Release/SideChain\ -\ Shared\ Code.build/Objects-normal/x86_64/include_juce_graphics.d --serialize-diagnostics /Users/martin/Documents/SideChain/SideChain/Builds/MacOSX/build/release-assets/SideChainer-0.4.1-macOS-PRODUCTION-CANDIDATE-20261005/DerivedData-AUVersion/Build/Intermediates.noindex/SideChain.build/Release/SideChain\ -\ Shared\ Code.build/Objects-normal/x86_64/include_juce_graphics.dia -c /Users/martin/Documents/SideChain/SideChain/JuceLibraryCode/include_juce_graphics.mm -o /Users/martin/Documents/SideChain/SideChain/Builds/MacOSX/build/release-assets/SideChainer-0.4.1-macOS-PRODUCTION-CANDIDATE-20261005/DerivedData-AUVersion/Build/Intermediates.noindex/SideChain.build/Release/SideChain\ -\ Shared\ Code.build/Objects-normal/x86_64/include_juce_graphics.o

CompileC /Users/martin/Documents/SideChain/SideChain/Builds/MacOSX/build/release-assets/SideChainer-0.4.1-macOS-PRODUCTION-CANDIDATE-20261005/DerivedData-AUVersion/Build/Intermediates.noindex/SideChain.build/Release/SideChain\ -\ Shared\ Code.build/Objects-normal/x86_64/include_juce_gui_basics.o /Users/martin/Documents/SideChain/SideChain/JuceLibraryCode/include_juce_gui_basics.mm normal x86_64 objective-c++ com.apple.compilers.llvm.clang.1_0.compiler (in target 'SideChain - Shared Code' from project 'SideChain')
    cd /Users/martin/Documents/SideChain/SideChain/Builds/MacOSX
    
    Using response file: /Users/martin/Documents/SideChain/SideChain/Builds/MacOSX/build/release-assets/SideChainer-0.4.1-macOS-PRODUCTION-CANDIDATE-20261005/DerivedData-AUVersion/Build/Intermediates.noindex/SideChain.build/Release/SideChain - Shared Code.build/Objects-normal/x86_64/af3fcb34312c57c0f52879cdce924b91-common-args.resp
    
    /Applications/Xcode.app/Contents/Developer/Toolchains/XcodeDefault.xctoolchain/usr/bin/clang -x objective-c++ -ivfsstatcache /Users/martin/Documents/SideChain/SideChain/Builds/MacOSX/build/release-assets/SideChainer-0.4.1-macOS-PRODUCTION-CANDIDATE-20261005/DerivedData-AUVersion/SDKStatCaches.noindex/macosx26.2-25C58-00fa09913b459cbbc988d1f6730289ae.sdkstatcache -fmessage-length\=0 -fdiagnostics-show-note-include-stack -fmacro-backtrace-limit\=0 -fno-color-diagnostics -Wno-trigraphs -Wno-missing-field-initializers -Wno-missing-prototypes -Wunreachable-code -Wno-implicit-atomic-properties -Wno-objc-interface-ivars -Wno-arc-repeated-use-of-weak -Wimplicit-retain-self -Wnon-virtual-dtor -Wno-overloaded-virtual -Wno-exit-time-destructors -Wduplicate-method-match -Wno-missing-braces -Wparentheses -Wswitch -Wunused-function -Wno-unused-label -Wno-unused-parameter -Wunused-variable -Wunused-value -Wempty-body -Wuninitialized -Wno-unknown-pragmas -Wno-shadow -Wno-four-char-constants -Wno-conversion -Wconstant-conversion -Wint-conversion -Wbool-conversion -Wenum-conversion -Wno-float-conversion -Wnon-literal-null-conversion -Wobjc-literal-conversion -Wshorten-64-to-32 -Wno-newline-eof -Wno-selector -Wno-strict-selector-match -Wundeclared-selector -Wdeprecated-implementations -Wno-c++11-extensions -Wno-implicit-fallthrough -fstrict-aliasing -Wprotocol -Wdeprecated-declarations -Winvalid-offsetof -Wno-sign-conversion -Winfinite-recursion -Wmove -Wcomma -Wblock-capture-autoreleasing -Wstrict-prototypes -Wrange-loop-analysis -Wno-semicolon-before-method-body -Wreorder -Wno-reorder -Wno-inconsistent-missing-override @/Users/martin/Documents/SideChain/SideChain/Builds/MacOSX/build/release-assets/SideChainer-0.4.1-macOS-PRODUCTION-CANDIDATE-20261005/DerivedData-AUVersion/Build/Intermediates.noindex/SideChain.build/Release/SideChain\ -\ Shared\ Code.build/Objects-normal/x86_64/af3fcb34312c57c0f52879cdce924b91-common-args.resp -MMD -MT dependencies -MF /Users/martin/Documents/SideChain/SideChain/Builds/MacOSX/build/release-assets/SideChainer-0.4.1-macOS-PRODUCTION-CANDIDATE-20261005/DerivedData-AUVersion/Build/Intermediates.noindex/SideChain.build/Release/SideChain\ -\ Shared\ Code.build/Objects-normal/x86_64/include_juce_gui_basics.d --serialize-diagnostics /Users/martin/Documents/SideChain/SideChain/Builds/MacOSX/build/release-assets/SideChainer-0.4.1-macOS-PRODUCTION-CANDIDATE-20261005/DerivedData-AUVersion/Build/Intermediates.noindex/SideChain.build/Release/SideChain\ -\ Shared\ Code.build/Objects-normal/x86_64/include_juce_gui_basics.dia -c /Users/martin/Documents/SideChain/SideChain/JuceLibraryCode/include_juce_gui_basics.mm -o /Users/martin/Documents/SideChain/SideChain/Builds/MacOSX/build/release-assets/SideChainer-0.4.1-macOS-PRODUCTION-CANDIDATE-20261005/DerivedData-AUVersion/Build/Intermediates.noindex/SideChain.build/Release/SideChain\ -\ Shared\ Code.build/Objects-normal/x86_64/include_juce_gui_basics.o

CompileC /Users/martin/Documents/SideChain/SideChain/Builds/MacOSX/build/release-assets/SideChainer-0.4.1-macOS-PRODUCTION-CANDIDATE-20261005/DerivedData-AUVersion/Build/Intermediates.noindex/SideChain.build/Release/SideChain\ -\ Shared\ Code.build/Objects-normal/x86_64/include_juce_audio_plugin_client_VST_utils.o /Users/martin/Documents/SideChain/SideChain/JuceLibraryCode/include_juce_audio_plugin_client_VST_utils.mm normal x86_64 objective-c++ com.apple.compilers.llvm.clang.1_0.compiler (in target 'SideChain - Shared Code' from project 'SideChain')
    cd /Users/martin/Documents/SideChain/SideChain/Builds/MacOSX
    
    Using response file: /Users/martin/Documents/SideChain/SideChain/Builds/MacOSX/build/release-assets/SideChainer-0.4.1-macOS-PRODUCTION-CANDIDATE-20261005/DerivedData-AUVersion/Build/Intermediates.noindex/SideChain.build/Release/SideChain - Shared Code.build/Objects-normal/x86_64/af3fcb34312c57c0f52879cdce924b91-common-args.resp
    
    /Applications/Xcode.app/Contents/Developer/Toolchains/XcodeDefault.xctoolchain/usr/bin/clang -x objective-c++ -ivfsstatcache /Users/martin/Documents/SideChain/SideChain/Builds/MacOSX/build/release-assets/SideChainer-0.4.1-macOS-PRODUCTION-CANDIDATE-20261005/DerivedData-AUVersion/SDKStatCaches.noindex/macosx26.2-25C58-00fa09913b459cbbc988d1f6730289ae.sdkstatcache -fmessage-length\=0 -fdiagnostics-show-note-include-stack -fmacro-backtrace-limit\=0 -fno-color-diagnostics -Wno-trigraphs -Wno-missing-field-initializers -Wno-missing-prototypes -Wunreachable-code -Wno-implicit-atomic-properties -Wno-objc-interface-ivars -Wno-arc-repeated-use-of-weak -Wimplicit-retain-self -Wnon-virtual-dtor -Wno-overloaded-virtual -Wno-exit-time-destructors -Wduplicate-method-match -Wno-missing-braces -Wparentheses -Wswitch -Wunused-function -Wno-unused-label -Wno-unused-parameter -Wunused-variable -Wunused-value -Wempty-body -Wuninitialized -Wno-unknown-pragmas -Wno-shadow -Wno-four-char-constants -Wno-conversion -Wconstant-conversion -Wint-conversion -Wbool-conversion -Wenum-conversion -Wno-float-conversion -Wnon-literal-null-conversion -Wobjc-literal-conversion -Wshorten-64-to-32 -Wno-newline-eof -Wno-selector -Wno-strict-selector-match -Wundeclared-selector -Wdeprecated-implementations -Wno-c++11-extensions -Wno-implicit-fallthrough -fstrict-aliasing -Wprotocol -Wdeprecated-declarations -Winvalid-offsetof -Wno-sign-conversion -Winfinite-recursion -Wmove -Wcomma -Wblock-capture-autoreleasing -Wstrict-prototypes -Wrange-loop-analysis -Wno-semicolon-before-method-body -Wreorder -Wno-reorder -Wno-inconsistent-missing-override @/Users/martin/Documents/SideChain/SideChain/Builds/MacOSX/build/release-assets/SideChainer-0.4.1-macOS-PRODUCTION-CANDIDATE-20261005/DerivedData-AUVersion/Build/Intermediates.noindex/SideChain.build/Release/SideChain\ -\ Shared\ Code.build/Objects-normal/x86_64/af3fcb34312c57c0f52879cdce924b91-common-args.resp -MMD -MT dependencies -MF /Users/martin/Documents/SideChain/SideChain/Builds/MacOSX/build/release-assets/SideChainer-0.4.1-macOS-PRODUCTION-CANDIDATE-20261005/DerivedData-AUVersion/Build/Intermediates.noindex/SideChain.build/Release/SideChain\ -\ Shared\ Code.build/Objects-normal/x86_64/include_juce_audio_plugin_client_VST_utils.d --serialize-diagnostics /Users/martin/Documents/SideChain/SideChain/Builds/MacOSX/build/release-assets/SideChainer-0.4.1-macOS-PRODUCTION-CANDIDATE-20261005/DerivedData-AUVersion/Build/Intermediates.noindex/SideChain.build/Release/SideChain\ -\ Shared\ Code.build/Objects-normal/x86_64/include_juce_audio_plugin_client_VST_utils.dia -c /Users/martin/Documents/SideChain/SideChain/JuceLibraryCode/include_juce_audio_plugin_client_VST_utils.mm -o /Users/martin/Documents/SideChain/SideChain/Builds/MacOSX/build/release-assets/SideChainer-0.4.1-macOS-PRODUCTION-CANDIDATE-20261005/DerivedData-AUVersion/Build/Intermediates.noindex/SideChain.build/Release/SideChain\ -\ Shared\ Code.build/Objects-normal/x86_64/include_juce_audio_plugin_client_VST_utils.o

CompileC /Users/martin/Documents/SideChain/SideChain/Builds/MacOSX/build/release-assets/SideChainer-0.4.1-macOS-PRODUCTION-CANDIDATE-20261005/DerivedData-AUVersion/Build/Intermediates.noindex/SideChain.build/Release/SideChain\ -\ Shared\ Code.build/Objects-normal/x86_64/include_juce_audio_plugin_client_utils.o /Users/martin/Documents/SideChain/SideChain/JuceLibraryCode/include_juce_audio_plugin_client_utils.cpp normal x86_64 c++ com.apple.compilers.llvm.clang.1_0.compiler (in target 'SideChain - Shared Code' from project 'SideChain')
    cd /Users/martin/Documents/SideChain/SideChain/Builds/MacOSX
    
    Using response file: /Users/martin/Documents/SideChain/SideChain/Builds/MacOSX/build/release-assets/SideChainer-0.4.1-macOS-PRODUCTION-CANDIDATE-20261005/DerivedData-AUVersion/Build/Intermediates.noindex/SideChain.build/Release/SideChain - Shared Code.build/Objects-normal/x86_64/82b82416624d2658e5098eb0a28c15c5-common-args.resp
    
    /Applications/Xcode.app/Contents/Developer/Toolchains/XcodeDefault.xctoolchain/usr/bin/clang -x c++ -ivfsstatcache /Users/martin/Documents/SideChain/SideChain/Builds/MacOSX/build/release-assets/SideChainer-0.4.1-macOS-PRODUCTION-CANDIDATE-20261005/DerivedData-AUVersion/SDKStatCaches.noindex/macosx26.2-25C58-00fa09913b459cbbc988d1f6730289ae.sdkstatcache -fmessage-length\=0 -fdiagnostics-show-note-include-stack -fmacro-backtrace-limit\=0 -fno-color-diagnostics -Wno-trigraphs -Wno-missing-field-initializers -Wno-missing-prototypes -Wunreachable-code -Wnon-virtual-dtor -Wno-overloaded-virtual -Wno-exit-time-destructors -Wno-missing-braces -Wparentheses -Wswitch -Wunused-function -Wno-unused-label -Wno-unused-parameter -Wunused-variable -Wunused-value -Wempty-body -Wuninitialized -Wno-unknown-pragmas -Wno-shadow -Wno-four-char-constants -Wno-conversion -Wconstant-conversion -Wint-conversion -Wbool-conversion -Wenum-conversion -Wno-float-conversion -Wnon-literal-null-conversion -Wobjc-literal-conversion -Wshorten-64-to-32 -Wno-newline-eof -Wno-c++11-extensions -Wno-implicit-fallthrough -fstrict-aliasing -Wdeprecated-declarations -Winvalid-offsetof -Wno-sign-conversion -Winfinite-recursion -Wmove -Wcomma -Wblock-capture-autoreleasing -Wstrict-prototypes -Wrange-loop-analysis -Wno-semicolon-before-method-body -Wreorder -Wno-reorder -Wno-inconsistent-missing-override @/Users/martin/Documents/SideChain/SideChain/Builds/MacOSX/build/release-assets/SideChainer-0.4.1-macOS-PRODUCTION-CANDIDATE-20261005/DerivedData-AUVersion/Build/Intermediates.noindex/SideChain.build/Release/SideChain\ -\ Shared\ Code.build/Objects-normal/x86_64/82b82416624d2658e5098eb0a28c15c5-common-args.resp -MMD -MT dependencies -MF /Users/martin/Documents/SideChain/SideChain/Builds/MacOSX/build/release-assets/SideChainer-0.4.1-macOS-PRODUCTION-CANDIDATE-20261005/DerivedData-AUVersion/Build/Intermediates.noindex/SideChain.build/Release/SideChain\ -\ Shared\ Code.build/Objects-normal/x86_64/include_juce_audio_plugin_client_utils.d --serialize-diagnostics /Users/martin/Documents/SideChain/SideChain/Builds/MacOSX/build/release-assets/SideChainer-0.4.1-macOS-PRODUCTION-CANDIDATE-20261005/DerivedData-AUVersion/Build/Intermediates.noindex/SideChain.build/Release/SideChain\ -\ Shared\ Code.build/Objects-normal/x86_64/include_juce_audio_plugin_client_utils.dia -c /Users/martin/Documents/SideChain/SideChain/JuceLibraryCode/include_juce_audio_plugin_client_utils.cpp -o /Users/martin/Documents/SideChain/SideChain/Builds/MacOSX/build/release-assets/SideChainer-0.4.1-macOS-PRODUCTION-CANDIDATE-20261005/DerivedData-AUVersion/Build/Intermediates.noindex/SideChain.build/Release/SideChain\ -\ Shared\ Code.build/Objects-normal/x86_64/include_juce_audio_plugin_client_utils.o

CompileC /Users/martin/Documents/SideChain/SideChain/Builds/MacOSX/build/release-assets/SideChainer-0.4.1-macOS-PRODUCTION-CANDIDATE-20261005/DerivedData-AUVersion/Build/Intermediates.noindex/SideChain.build/Release/SideChain\ -\ Shared\ Code.build/Objects-normal/x86_64/include_juce_audio_formats.o /Users/martin/Documents/SideChain/SideChain/JuceLibraryCode/include_juce_audio_formats.mm normal x86_64 objective-c++ com.apple.compilers.llvm.clang.1_0.compiler (in target 'SideChain - Shared Code' from project 'SideChain')
    cd /Users/martin/Documents/SideChain/SideChain/Builds/MacOSX
    
    Using response file: /Users/martin/Documents/SideChain/SideChain/Builds/MacOSX/build/release-assets/SideChainer-0.4.1-macOS-PRODUCTION-CANDIDATE-20261005/DerivedData-AUVersion/Build/Intermediates.noindex/SideChain.build/Release/SideChain - Shared Code.build/Objects-normal/x86_64/af3fcb34312c57c0f52879cdce924b91-common-args.resp
    
    /Applications/Xcode.app/Contents/Developer/Toolchains/XcodeDefault.xctoolchain/usr/bin/clang -x objective-c++ -ivfsstatcache /Users/martin/Documents/SideChain/SideChain/Builds/MacOSX/build/release-assets/SideChainer-0.4.1-macOS-PRODUCTION-CANDIDATE-20261005/DerivedData-AUVersion/SDKStatCaches.noindex/macosx26.2-25C58-00fa09913b459cbbc988d1f6730289ae.sdkstatcache -fmessage-length\=0 -fdiagnostics-show-note-include-stack -fmacro-backtrace-limit\=0 -fno-color-diagnostics -Wno-trigraphs -Wno-missing-field-initializers -Wno-missing-prototypes -Wunreachable-code -Wno-implicit-atomic-properties -Wno-objc-interface-ivars -Wno-arc-repeated-use-of-weak -Wimplicit-retain-self -Wnon-virtual-dtor -Wno-overloaded-virtual -Wno-exit-time-destructors -Wduplicate-method-match -Wno-missing-braces -Wparentheses -Wswitch -Wunused-function -Wno-unused-label -Wno-unused-parameter -Wunused-variable -Wunused-value -Wempty-body -Wuninitialized -Wno-unknown-pragmas -Wno-shadow -Wno-four-char-constants -Wno-conversion -Wconstant-conversion -Wint-conversion -Wbool-conversion -Wenum-conversion -Wno-float-conversion -Wnon-literal-null-conversion -Wobjc-literal-conversion -Wshorten-64-to-32 -Wno-newline-eof -Wno-selector -Wno-strict-selector-match -Wundeclared-selector -Wdeprecated-implementations -Wno-c++11-extensions -Wno-implicit-fallthrough -fstrict-aliasing -Wprotocol -Wdeprecated-declarations -Winvalid-offsetof -Wno-sign-conversion -Winfinite-recursion -Wmove -Wcomma -Wblock-capture-autoreleasing -Wstrict-prototypes -Wrange-loop-analysis -Wno-semicolon-before-method-body -Wreorder -Wno-reorder -Wno-inconsistent-missing-override @/Users/martin/Documents/SideChain/SideChain/Builds/MacOSX/build/release-assets/SideChainer-0.4.1-macOS-PRODUCTION-CANDIDATE-20261005/DerivedData-AUVersion/Build/Intermediates.noindex/SideChain.build/Release/SideChain\ -\ Shared\ Code.build/Objects-normal/x86_64/af3fcb34312c57c0f52879cdce924b91-common-args.resp -MMD -MT dependencies -MF /Users/martin/Documents/SideChain/SideChain/Builds/MacOSX/build/release-assets/SideChainer-0.4.1-macOS-PRODUCTION-CANDIDATE-20261005/DerivedData-AUVersion/Build/Intermediates.noindex/SideChain.build/Release/SideChain\ -\ Shared\ Code.build/Objects-normal/x86_64/include_juce_audio_formats.d --serialize-diagnostics /Users/martin/Documents/SideChain/SideChain/Builds/MacOSX/build/release-assets/SideChainer-0.4.1-macOS-PRODUCTION-CANDIDATE-20261005/DerivedData-AUVersion/Build/Intermediates.noindex/SideChain.build/Release/SideChain\ -\ Shared\ Code.build/Objects-normal/x86_64/include_juce_audio_formats.dia -c /Users/martin/Documents/SideChain/SideChain/JuceLibraryCode/include_juce_audio_formats.mm -o /Users/martin/Documents/SideChain/SideChain/Builds/MacOSX/build/release-assets/SideChainer-0.4.1-macOS-PRODUCTION-CANDIDATE-20261005/DerivedData-AUVersion/Build/Intermediates.noindex/SideChain.build/Release/SideChain\ -\ Shared\ Code.build/Objects-normal/x86_64/include_juce_audio_formats.o

CompileC /Users/martin/Documents/SideChain/SideChain/Builds/MacOSX/build/release-assets/SideChainer-0.4.1-macOS-PRODUCTION-CANDIDATE-20261005/DerivedData-AUVersion/Build/Intermediates.noindex/SideChain.build/Release/SideChain\ -\ VST3.build/Objects-normal/x86_64/include_juce_audio_plugin_client_VST3.o /Users/martin/Documents/SideChain/SideChain/JuceLibraryCode/include_juce_audio_plugin_client_VST3.cpp normal x86_64 c++ com.apple.compilers.llvm.clang.1_0.compiler (in target 'SideChain - VST3' from project 'SideChain')
    cd /Users/martin/Documents/SideChain/SideChain/Builds/MacOSX
    
    Using response file: /Users/martin/Documents/SideChain/SideChain/Builds/MacOSX/build/release-assets/SideChainer-0.4.1-macOS-PRODUCTION-CANDIDATE-20261005/DerivedData-AUVersion/Build/Intermediates.noindex/SideChain.build/Release/SideChain - VST3.build/Objects-normal/x86_64/82b82416624d2658e5098eb0a28c15c5-common-args.resp
    
    /Applications/Xcode.app/Contents/Developer/Toolchains/XcodeDefault.xctoolchain/usr/bin/clang -x c++ -ivfsstatcache /Users/martin/Documents/SideChain/SideChain/Builds/MacOSX/build/release-assets/SideChainer-0.4.1-macOS-PRODUCTION-CANDIDATE-20261005/DerivedData-AUVersion/SDKStatCaches.noindex/macosx26.2-25C58-00fa09913b459cbbc988d1f6730289ae.sdkstatcache -fmessage-length\=0 -fdiagnostics-show-note-include-stack -fmacro-backtrace-limit\=0 -fno-color-diagnostics -Wno-trigraphs -Wno-missing-field-initializers -Wno-missing-prototypes -Wunreachable-code -Wnon-virtual-dtor -Wno-overloaded-virtual -Wno-exit-time-destructors -Wno-missing-braces -Wparentheses -Wswitch -Wunused-function -Wno-unused-label -Wno-unused-parameter -Wunused-variable -Wunused-value -Wempty-body -Wuninitialized -Wno-unknown-pragmas -Wno-shadow -Wno-four-char-constants -Wno-conversion -Wconstant-conversion -Wint-conversion -Wbool-conversion -Wenum-conversion -Wno-float-conversion -Wnon-literal-null-conversion -Wobjc-literal-conversion -Wshorten-64-to-32 -Wno-newline-eof -Wno-c++11-extensions -Wno-implicit-fallthrough -fstrict-aliasing -Wdeprecated-declarations -Winvalid-offsetof -Wno-sign-conversion -Winfinite-recursion -Wmove -Wcomma -Wblock-capture-autoreleasing -Wstrict-prototypes -Wrange-loop-analysis -Wno-semicolon-before-method-body -Wreorder -Wno-reorder -Wno-inconsistent-missing-override @/Users/martin/Documents/SideChain/SideChain/Builds/MacOSX/build/release-assets/SideChainer-0.4.1-macOS-PRODUCTION-CANDIDATE-20261005/DerivedData-AUVersion/Build/Intermediates.noindex/SideChain.build/Release/SideChain\ -\ VST3.build/Objects-normal/x86_64/82b82416624d2658e5098eb0a28c15c5-common-args.resp -MMD -MT dependencies -MF /Users/martin/Documents/SideChain/SideChain/Builds/MacOSX/build/release-assets/SideChainer-0.4.1-macOS-PRODUCTION-CANDIDATE-20261005/DerivedData-AUVersion/Build/Intermediates.noindex/SideChain.build/Release/SideChain\ -\ VST3.build/Objects-normal/x86_64/include_juce_audio_plugin_client_VST3.d --serialize-diagnostics /Users/martin/Documents/SideChain/SideChain/Builds/MacOSX/build/release-assets/SideChainer-0.4.1-macOS-PRODUCTION-CANDIDATE-20261005/DerivedData-AUVersion/Build/Intermediates.noindex/SideChain.build/Release/SideChain\ -\ VST3.build/Objects-normal/x86_64/include_juce_audio_plugin_client_VST3.dia -c /Users/martin/Documents/SideChain/SideChain/JuceLibraryCode/include_juce_audio_plugin_client_VST3.cpp -o /Users/martin/Documents/SideChain/SideChain/Builds/MacOSX/build/release-assets/SideChainer-0.4.1-macOS-PRODUCTION-CANDIDATE-20261005/DerivedData-AUVersion/Build/Intermediates.noindex/SideChain.build/Release/SideChain\ -\ VST3.build/Objects-normal/x86_64/include_juce_audio_plugin_client_VST3.o
In file included from /Users/martin/Documents/SideChain/SideChain/JuceLibraryCode/include_juce_audio_plugin_client_VST3.cpp:9:
In file included from /Users/martin/Documents/HISE/JUCE/modules/juce_audio_plugin_client/juce_audio_plugin_client_VST3.cpp:26:
/Users/martin/Documents/HISE/JUCE/modules/juce_audio_plugin_client/VST3/juce_VST3_Wrapper.cpp:3941:50: error: invalid suffix '.1' on floating constant
 3941 |                                                  JucePlugin_VersionString,
      |                                                  ^
In file included from <built-in>:499:
<command line>:8:37: note: expanded from macro 'JucePlugin_VersionString'
    8 | #define JucePlugin_VersionString 0.4.1
      |                                     ^
In file included from /Users/martin/Documents/SideChain/SideChain/JuceLibraryCode/include_juce_audio_plugin_client_VST3.cpp:9:
In file included from /Users/martin/Documents/HISE/JUCE/modules/juce_audio_plugin_client/juce_audio_plugin_client_VST3.cpp:26:
/Users/martin/Documents/HISE/JUCE/modules/juce_audio_plugin_client/VST3/juce_VST3_Wrapper.cpp:3953:51: error: invalid suffix '.1' on floating constant
 3953 |                                                   JucePlugin_VersionString,
      |                                                   ^
In file included from <built-in>:499:
<command line>:8:37: note: expanded from macro 'JucePlugin_VersionString'
    8 | #define JucePlugin_VersionString 0.4.1
      |                                     ^
2 errors generated.

CompileC /Users/martin/Documents/SideChain/SideChain/Builds/MacOSX/build/release-assets/SideChainer-0.4.1-macOS-PRODUCTION-CANDIDATE-20261005/DerivedData-AUVersion/Build/Intermediates.noindex/SideChain.build/Release/SideChain\ -\ VST3.build/Objects-normal/arm64/include_juce_audio_plugin_client_VST3.o /Users/martin/Documents/SideChain/SideChain/JuceLibraryCode/include_juce_audio_plugin_client_VST3.cpp normal arm64 c++ com.apple.compilers.llvm.clang.1_0.compiler (in target 'SideChain - VST3' from project 'SideChain')
    cd /Users/martin/Documents/SideChain/SideChain/Builds/MacOSX
    
    Using response file: /Users/martin/Documents/SideChain/SideChain/Builds/MacOSX/build/release-assets/SideChainer-0.4.1-macOS-PRODUCTION-CANDIDATE-20261005/DerivedData-AUVersion/Build/Intermediates.noindex/SideChain.build/Release/SideChain - VST3.build/Objects-normal/arm64/82b82416624d2658e5098eb0a28c15c5-common-args.resp
    
    /Applications/Xcode.app/Contents/Developer/Toolchains/XcodeDefault.xctoolchain/usr/bin/clang -x c++ -ivfsstatcache /Users/martin/Documents/SideChain/SideChain/Builds/MacOSX/build/release-assets/SideChainer-0.4.1-macOS-PRODUCTION-CANDIDATE-20261005/DerivedData-AUVersion/SDKStatCaches.noindex/macosx26.2-25C58-00fa09913b459cbbc988d1f6730289ae.sdkstatcache -fmessage-length\=0 -fdiagnostics-show-note-include-stack -fmacro-backtrace-limit\=0 -fno-color-diagnostics -Wno-trigraphs -Wno-missing-field-initializers -Wno-missing-prototypes -Wunreachable-code -Wnon-virtual-dtor -Wno-overloaded-virtual -Wno-exit-time-destructors -Wno-missing-braces -Wparentheses -Wswitch -Wunused-function -Wno-unused-label -Wno-unused-parameter -Wunused-variable -Wunused-value -Wempty-body -Wuninitialized -Wno-unknown-pragmas -Wno-shadow -Wno-four-char-constants -Wno-conversion -Wconstant-conversion -Wint-conversion -Wbool-conversion -Wenum-conversion -Wno-float-conversion -Wnon-literal-null-conversion -Wobjc-literal-conversion -Wshorten-64-to-32 -Wno-newline-eof -Wno-c++11-extensions -Wno-implicit-fallthrough -fstrict-aliasing -Wdeprecated-declarations -Winvalid-offsetof -Wno-sign-conversion -Winfinite-recursion -Wmove -Wcomma -Wblock-capture-autoreleasing -Wstrict-prototypes -Wrange-loop-analysis -Wno-semicolon-before-method-body -Wreorder -Wno-reorder -Wno-inconsistent-missing-override @/Users/martin/Documents/SideChain/SideChain/Builds/MacOSX/build/release-assets/SideChainer-0.4.1-macOS-PRODUCTION-CANDIDATE-20261005/DerivedData-AUVersion/Build/Intermediates.noindex/SideChain.build/Release/SideChain\ -\ VST3.build/Objects-normal/arm64/82b82416624d2658e5098eb0a28c15c5-common-args.resp -MMD -MT dependencies -MF /Users/martin/Documents/SideChain/SideChain/Builds/MacOSX/build/release-assets/SideChainer-0.4.1-macOS-PRODUCTION-CANDIDATE-20261005/DerivedData-AUVersion/Build/Intermediates.noindex/SideChain.build/Release/SideChain\ -\ VST3.build/Objects-normal/arm64/include_juce_audio_plugin_client_VST3.d --serialize-diagnostics /Users/martin/Documents/SideChain/SideChain/Builds/MacOSX/build/release-assets/SideChainer-0.4.1-macOS-PRODUCTION-CANDIDATE-20261005/DerivedData-AUVersion/Build/Intermediates.noindex/SideChain.build/Release/SideChain\ -\ VST3.build/Objects-normal/arm64/include_juce_audio_plugin_client_VST3.dia -c /Users/martin/Documents/SideChain/SideChain/JuceLibraryCode/include_juce_audio_plugin_client_VST3.cpp -o /Users/martin/Documents/SideChain/SideChain/Builds/MacOSX/build/release-assets/SideChainer-0.4.1-macOS-PRODUCTION-CANDIDATE-20261005/DerivedData-AUVersion/Build/Intermediates.noindex/SideChain.build/Release/SideChain\ -\ VST3.build/Objects-normal/arm64/include_juce_audio_plugin_client_VST3.o
In file included from /Users/martin/Documents/SideChain/SideChain/JuceLibraryCode/include_juce_audio_plugin_client_VST3.cpp:9:
In file included from /Users/martin/Documents/HISE/JUCE/modules/juce_audio_plugin_client/juce_audio_plugin_client_VST3.cpp:26:
/Users/martin/Documents/HISE/JUCE/modules/juce_audio_plugin_client/VST3/juce_VST3_Wrapper.cpp:3941:50: error: invalid suffix '.1' on floating constant
 3941 |                                                  JucePlugin_VersionString,
      |                                                  ^
In file included from <built-in>:532:
<command line>:8:37: note: expanded from macro 'JucePlugin_VersionString'
    8 | #define JucePlugin_VersionString 0.4.1
      |                                     ^
In file included from /Users/martin/Documents/SideChain/SideChain/JuceLibraryCode/include_juce_audio_plugin_client_VST3.cpp:9:
In file included from /Users/martin/Documents/HISE/JUCE/modules/juce_audio_plugin_client/juce_audio_plugin_client_VST3.cpp:26:
/Users/martin/Documents/HISE/JUCE/modules/juce_audio_plugin_client/VST3/juce_VST3_Wrapper.cpp:3953:51: error: invalid suffix '.1' on floating constant
 3953 |                                                   JucePlugin_VersionString,
      |                                                   ^
In file included from <built-in>:532:
<command line>:8:37: note: expanded from macro 'JucePlugin_VersionString'
    8 | #define JucePlugin_VersionString 0.4.1
      |                                     ^

CompileC /Users/martin/Documents/SideChain/SideChain/Builds/MacOSX/build/release-assets/SideChainer-0.4.1-macOS-PRODUCTION-CANDIDATE-20261005/DerivedData-AUVersion/Build/Intermediates.noindex/SideChain.build/Release/SideChain\ -\ Shared\ Code.build/Objects-normal/x86_64/include_juce_audio_devices.o /Users/martin/Documents/SideChain/SideChain/JuceLibraryCode/include_juce_audio_devices.mm normal x86_64 objective-c++ com.apple.compilers.llvm.clang.1_0.compiler (in target 'SideChain - Shared Code' from project 'SideChain')
    cd /Users/martin/Documents/SideChain/SideChain/Builds/MacOSX
    
    Using response file: /Users/martin/Documents/SideChain/SideChain/Builds/MacOSX/build/release-assets/SideChainer-0.4.1-macOS-PRODUCTION-CANDIDATE-20261005/DerivedData-AUVersion/Build/Intermediates.noindex/SideChain.build/Release/SideChain - Shared Code.build/Objects-normal/x86_64/af3fcb34312c57c0f52879cdce924b91-common-args.resp
    
    /Applications/Xcode.app/Contents/Developer/Toolchains/XcodeDefault.xctoolchain/usr/bin/clang -x objective-c++ -ivfsstatcache /Users/martin/Documents/SideChain/SideChain/Builds/MacOSX/build/release-assets/SideChainer-0.4.1-macOS-PRODUCTION-CANDIDATE-20261005/DerivedData-AUVersion/SDKStatCaches.noindex/macosx26.2-25C58-00fa09913b459cbbc988d1f6730289ae.sdkstatcache -fmessage-length\=0 -fdiagnostics-show-note-include-stack -fmacro-backtrace-limit\=0 -fno-color-diagnostics -Wno-trigraphs -Wno-missing-field-initializers -Wno-missing-prototypes -Wunreachable-code -Wno-implicit-atomic-properties -Wno-objc-interface-ivars -Wno-arc-repeated-use-of-weak -Wimplicit-retain-self -Wnon-virtual-dtor -Wno-overloaded-virtual -Wno-exit-time-destructors -Wduplicate-method-match -Wno-missing-braces -Wparentheses -Wswitch -Wunused-function -Wno-unused-label -Wno-unused-parameter -Wunused-variable -Wunused-value -Wempty-body -Wuninitialized -Wno-unknown-pragmas -Wno-shadow -Wno-four-char-constants -Wno-conversion -Wconstant-conversion -Wint-conversion -Wbool-conversion -Wenum-conversion -Wno-float-conversion -Wnon-literal-null-conversion -Wobjc-literal-conversion -Wshorten-64-to-32 -Wno-newline-eof -Wno-selector -Wno-strict-selector-match -Wundeclared-selector -Wdeprecated-implementations -Wno-c++11-extensions -Wno-implicit-fallthrough -fstrict-aliasing -Wprotocol -Wdeprecated-declarations -Winvalid-offsetof -Wno-sign-conversion -Winfinite-recursion -Wmove -Wcomma -Wblock-capture-autoreleasing -Wstrict-prototypes -Wrange-loop-analysis -Wno-semicolon-before-method-body -Wreorder -Wno-reorder -Wno-inconsistent-missing-override @/Users/martin/Documents/SideChain/SideChain/Builds/MacOSX/build/release-assets/SideChainer-0.4.1-macOS-PRODUCTION-CANDIDATE-20261005/DerivedData-AUVersion/Build/Intermediates.noindex/SideChain.build/Release/SideChain\ -\ Shared\ Code.build/Objects-normal/x86_64/af3fcb34312c57c0f52879cdce924b91-common-args.resp -MMD -MT dependencies -MF /Users/martin/Documents/SideChain/SideChain/Builds/MacOSX/build/release-assets/SideChainer-0.4.1-macOS-PRODUCTION-CANDIDATE-20261005/DerivedData-AUVersion/Build/Intermediates.noindex/SideChain.build/Release/SideChain\ -\ Shared\ Code.build/Objects-normal/x86_64/include_juce_audio_devices.d --serialize-diagnostics /Users/martin/Documents/SideChain/SideChain/Builds/MacOSX/build/release-assets/SideChainer-0.4.1-macOS-PRODUCTION-CANDIDATE-20261005/DerivedData-AUVersion/Build/Intermediates.noindex/SideChain.build/Release/SideChain\ -\ Shared\ Code.build/Objects-normal/x86_64/include_juce_audio_devices.dia -c /Users/martin/Documents/SideChain/SideChain/JuceLibraryCode/include_juce_audio_devices.mm -o /Users/martin/Documents/SideChain/SideChain/Builds/MacOSX/build/release-assets/SideChainer-0.4.1-macOS-PRODUCTION-CANDIDATE-20261005/DerivedData-AUVersion/Build/Intermediates.noindex/SideChain.build/Release/SideChain\ -\ Shared\ Code.build/Objects-normal/x86_64/include_juce_audio_devices.o

CompileC /Users/martin/Documents/SideChain/SideChain/Builds/MacOSX/build/release-assets/SideChainer-0.4.1-macOS-PRODUCTION-CANDIDATE-20261005/DerivedData-AUVersion/Build/Intermediates.noindex/SideChain.build/Release/SideChain\ -\ Shared\ Code.build/Objects-normal/x86_64/include_juce_audio_basics.o /Users/martin/Documents/SideChain/SideChain/JuceLibraryCode/include_juce_audio_basics.mm normal x86_64 objective-c++ com.apple.compilers.llvm.clang.1_0.compiler (in target 'SideChain - Shared Code' from project 'SideChain')
    cd /Users/martin/Documents/SideChain/SideChain/Builds/MacOSX
    
    Using response file: /Users/martin/Documents/SideChain/SideChain/Builds/MacOSX/build/release-assets/SideChainer-0.4.1-macOS-PRODUCTION-CANDIDATE-20261005/DerivedData-AUVersion/Build/Intermediates.noindex/SideChain.build/Release/SideChain - Shared Code.build/Objects-normal/x86_64/af3fcb34312c57c0f52879cdce924b91-common-args.resp
    
    /Applications/Xcode.app/Contents/Developer/Toolchains/XcodeDefault.xctoolchain/usr/bin/clang -x objective-c++ -ivfsstatcache /Users/martin/Documents/SideChain/SideChain/Builds/MacOSX/build/release-assets/SideChainer-0.4.1-macOS-PRODUCTION-CANDIDATE-20261005/DerivedData-AUVersion/SDKStatCaches.noindex/macosx26.2-25C58-00fa09913b459cbbc988d1f6730289ae.sdkstatcache -fmessage-length\=0 -fdiagnostics-show-note-include-stack -fmacro-backtrace-limit\=0 -fno-color-diagnostics -Wno-trigraphs -Wno-missing-field-initializers -Wno-missing-prototypes -Wunreachable-code -Wno-implicit-atomic-properties -Wno-objc-interface-ivars -Wno-arc-repeated-use-of-weak -Wimplicit-retain-self -Wnon-virtual-dtor -Wno-overloaded-virtual -Wno-exit-time-destructors -Wduplicate-method-match -Wno-missing-braces -Wparentheses -Wswitch -Wunused-function -Wno-unused-label -Wno-unused-parameter -Wunused-variable -Wunused-value -Wempty-body -Wuninitialized -Wno-unknown-pragmas -Wno-shadow -Wno-four-char-constants -Wno-conversion -Wconstant-conversion -Wint-conversion -Wbool-conversion -Wenum-conversion -Wno-float-conversion -Wnon-literal-null-conversion -Wobjc-literal-conversion -Wshorten-64-to-32 -Wno-newline-eof -Wno-selector -Wno-strict-selector-match -Wundeclared-selector -Wdeprecated-implementations -Wno-c++11-extensions -Wno-implicit-fallthrough -fstrict-aliasing -Wprotocol -Wdeprecated-declarations -Winvalid-offsetof -Wno-sign-conversion -Winfinite-recursion -Wmove -Wcomma -Wblock-capture-autoreleasing -Wstrict-prototypes -Wrange-loop-analysis -Wno-semicolon-before-method-body -Wreorder -Wno-reorder -Wno-inconsistent-missing-override @/Users/martin/Documents/SideChain/SideChain/Builds/MacOSX/build/release-assets/SideChainer-0.4.1-macOS-PRODUCTION-CANDIDATE-20261005/DerivedData-AUVersion/Build/Intermediates.noindex/SideChain.build/Release/SideChain\ -\ Shared\ Code.build/Objects-normal/x86_64/af3fcb34312c57c0f52879cdce924b91-common-args.resp -MMD -MT dependencies -MF /Users/martin/Documents/SideChain/SideChain/Builds/MacOSX/build/release-assets/SideChainer-0.4.1-macOS-PRODUCTION-CANDIDATE-20261005/DerivedData-AUVersion/Build/Intermediates.noindex/SideChain.build/Release/SideChain\ -\ Shared\ Code.build/Objects-normal/x86_64/include_juce_audio_basics.d --serialize-diagnostics /Users/martin/Documents/SideChain/SideChain/Builds/MacOSX/build/release-assets/SideChainer-0.4.1-macOS-PRODUCTION-CANDIDATE-20261005/DerivedData-AUVersion/Build/Intermediates.noindex/SideChain.build/Release/SideChain\ -\ Shared\ Code.build/Objects-normal/x86_64/include_juce_audio_basics.dia -c /Users/martin/Documents/SideChain/SideChain/JuceLibraryCode/include_juce_audio_basics.mm -o /Users/martin/Documents/SideChain/SideChain/Builds/MacOSX/build/release-assets/SideChainer-0.4.1-macOS-PRODUCTION-CANDIDATE-20261005/DerivedData-AUVersion/Build/Intermediates.noindex/SideChain.build/Release/SideChain\ -\ Shared\ Code.build/Objects-normal/x86_64/include_juce_audio_basics.o

warning: Build Carbon Resources build phases are no longer supported.  Rez source files should be moved to the Copy Bundle Resources build phase. (in target 'SideChain - AU' from project 'SideChain')
** BUILD FAILED **


The following build commands failed:
	CompileC /Users/martin/Documents/SideChain/SideChain/Builds/MacOSX/build/release-assets/SideChainer-0.4.1-macOS-PRODUCTION-CANDIDATE-20261005/DerivedData-AUVersion/Build/Intermediates.noindex/SideChain.build/Release/SideChain\ -\ VST3.build/Objects-normal/x86_64/include_juce_audio_plugin_client_VST3.o /Users/martin/Documents/SideChain/SideChain/JuceLibraryCode/include_juce_audio_plugin_client_VST3.cpp normal x86_64 c++ com.apple.compilers.llvm.clang.1_0.compiler (in target 'SideChain - VST3' from project 'SideChain')
	Building project SideChain with scheme SideChain - All and configuration Release
(2 failures)
